forecast_month,rank,food_item,forecast_quantity
2026-01,1,Tawa Roti,20614.156
2026-01,2,Butter Tawa Roti,12344.295
2026-01,3,Veg Mini Thali,9022.414
2026-01,4,Veg Deluxe Thali,8880.101
2026-01,5,Plain Tawa Roti,6982.212
2026-01,6,Veg Maharaja Thali,5072.36
2026-01,7,Veg Spl Thali,4834.039
2026-01,8,Veg Thali,4726.825
2026-01,9,Aloo Paratha,4488.313
2026-01,10,Plain Roti,4330.664
2026-01,11,Veg Biryani,4193.7305
2026-01,12,Butter Roti,3652.92
2026-01,13,Chicken Fried Rice,3585.5396
2026-01,14,Masala Dosa,3483.9678
2026-01,15,Veg Fried Rice,3338.7505
2026-01,16,Tandoori Roti,3303.8813
2026-01,17,Veg Standard Thali,3182.2078
2026-01,18,Tawa Butter Roti,3082.6987
2026-01,19,Chicken Biryani,2980.1304
2026-01,20,Curd Rice,2947.9622
2026-01,21,Butter Tandoori Roti,2847.3271
2026-01,22,Jeera Rice,2800.2214
2026-01,23,Dal Tadka,2713.056
2026-01,24,Butter Chapati,2625.1187
2026-01,25,Plain Rice,2620.1487
2026-01,26,Chapati,2573.988
2026-01,27,Plain Chapati,2510.8164
2026-01,28,Dal Khichdi,2466.1328
2026-01,29,Jain Spl Thali,2424.5164
2026-01,30,Dal Fry,2420.4553
2026-01,31,Jain Mini Thali,2375.323
2026-01,32,Aloo Paratha n Curd Combo,2374.472
2026-01,33,Pav Bhaji,2366.78
2026-01,34,Jain Thali,2298.444
2026-01,35,Veg Punjabi Thali,2260.8337
2026-01,36,Kadhai Paneer n Roti Combo,2255.559
2026-01,37,Butter Naan,2244.0083
2026-01,38,Kadhai Paneer,1948.3813
2026-01,39,Tawa Plain Roti,1865.8069
2026-01,40,Gulab Jamun,1770.2894
2026-01,41,Veg Regular Thali,1555.6992
2026-01,42,Poha,1530.5559
2026-01,43,Veg Special Thali,1510.2593
2026-01,44,Plain Curd,1312.499
2026-01,45,Matar Paneer,1159.1343
2026-01,46,Mix Veg,1155.0874
2026-01,47,Veg Pulao,1153.2687
2026-01,48,Paneer Butter Masala,1143.0701
2026-01,49,Veg Hakka Noodles,1030.609
2026-01,50,Egg Biryani,1030.1073
2026-01,51,Boondi Raita,1024.2264
2026-01,52,Lachcha Paratha,1015.61084
2026-01,53,Chole Bhature,1014.8437
2026-01,54,Egg Fried Rice,994.9458
2026-01,55,Plain Dosa,994.59045
2026-01,56,Egg Thali,994.59045
2026-01,57,Veg Biryani n Raita Combo,994.59045
2026-01,58,Veg Hyderabadi Biryani,988.07056
2026-01,59,Chicken Thali,988.07056
2026-01,60,Tandoori Butter Roti,987.0209
2026-01,61,Chicken Biryani (Half),987.0209
2026-01,62,Idli,938.80444
2026-01,63,Chicken Dum Biryani,938.80444
2026-01,64,Aatmanirbhar Thali,917.44543
2026-01,65,Jain Deluxe Thali,862.13
2026-01,66,Plain Paratha,843.6427
2026-01,67,Dal n Rice Combo,843.6427
2026-01,68,Phulka Roti,821.82556
2026-01,69,Plain Tandoori Roti,800.42633
2026-01,70,Veg Noodles,775.4139
2026-01,71,Roti,766.8891
2026-01,72,Rumali Roti,757.8293
2026-01,73,Roasted Papad,733.808
2026-01,74,Paneer Paratha,733.808
2026-01,75,Butter Milk,733.808
2026-01,76,Dal Rice Combo,727.2881
2026-01,77,Phulka,723.34265
2026-01,78,Veg Premium Thali,699.2692
2026-01,79,Chicken Dum Biryani (Half),663.8307
2026-01,80,Chana Masala,656.26013
2026-01,81,Veg Sandwich,656.26013
2026-01,82,Green Salad,650.23236
2026-01,83,Veg Manchurian Dry,635.23956
2026-01,84,Chole n Rice Combo,635.23956
2026-01,85,Idli Sambhar,628.71967
2026-01,86,Poori Bhaji,628.71967
2026-01,87,Mix Veg n Roti Combo,628.71967
2026-01,88,Chicken Biryani n Raita Combo,618.4196
2026-01,89,Paneer Biryani,614.7158
2026-01,90,Non Veg Thali,599.7777
2026-01,91,Veg Normal Thali,563.48474
2026-01,92,Veg Biryani with Raita,563.48474
2026-01,93,Hyderabadi Chicken Dum Biryani,556.98206
2026-01,94,Aao Ji Khao Ji Veg Thali,547.3806
2026-01,95,Zoop Veg Thali,541.5974
2026-01,96,Egg Curry,487.73892
2026-01,97,Shahi Paneer,473.24295
2026-01,98,Plain Naan,452.2224
2026-01,99,Dal Makhani,452.2224
2026-01,100,Paneer Fried Rice,452.2224
2026-01,101,Paneer Tikka Masala,452.2224
2026-01,102,Veg Schezwan Fried Rice,452.2224
2026-01,103,Chicken Biryani (Full),446.6485
2026-01,104,Egg Bhurji,446.60773
2026-01,105,Aloo Paratha N Curd Combo,445.7025
2026-01,106,Veg Grilled Sandwich,445.7025
2026-01,107,Chilli Paneer n Veg Fried Rice Combo,445.7025
2026-01,108,Gobhi Paratha,445.7025
2026-01,109,Veg Manchurian n Veg Fried Rice Combo,445.7025
2026-01,110,Jeera Aloo,424.2071
2026-01,111,Fish Thali,419.50494
2026-01,112,Paneer Masala,417.6872
2026-01,113,Steam Rice,417.6872
2026-01,114,Chicken Curry n Roti Combo,416.6375
2026-01,115,Veg Biryani with Raita Combo,416.6056
2026-01,116,Veg South Indian Thali,415.35294
2026-01,117,Veg Executive Thali,408.625
2026-01,118,Dal Fry n Jeera Rice Combo,408.625
2026-01,119,Chicken Fry Biryani,408.625
2026-01,120,Paneer Butter Masala n Roti Combo,398.1094
2026-01,121,Plain Phulka,396.5631
2026-01,122,Veg Roti Thali,395.07376
2026-01,123,Veg Yatri Thali,393.71027
2026-01,124,Punjabi Thali,393.71027
2026-01,125,Tawa Roti Butter,393.71027
2026-01,126,Pyaz Paratha,391.8528
2026-01,127,Aloo Paratha (2pc) with Curd Combo,389.9433
2026-01,128,Punjabi Fix Thali,387.7497
2026-01,129,Chilli Paneer,385.8381
2026-01,130,French Fries,385.8381
2026-01,131,Sabri Malai Spl,385.21524
2026-01,132,Kadhai Chicken,379.14133
2026-01,133,Veg Sunflare Spl Thali,376.83817
2026-01,134,Aloo Matar,364.8176
2026-01,135,Palak Paneer,364.8176
2026-01,136,Rasgulla,358.2977
2026-01,137,Onion Uttapam,358.2977
2026-01,138,Butter Phulka,357.59464
2026-01,139,Paneer Pulao,357.24802
2026-01,140,Veg Cheese Sandwich,357.24802
2026-01,141,Poori Sabji,357.24802
2026-01,142,Butter Aloo Paratha,354.7418
2026-01,143,Special Thali,354.7418
2026-01,144,Sev Tamatar,352.0411
2026-01,145,Butter Tandoori,348.78122
2026-01,146,Veg Khana Khao Ji Mini Thali,348.78122
2026-01,147,Upma,346.70053
2026-01,148,Dal n Roti Combo,333.47263
2026-01,149,Egg Curry n Roti Combo,332.1001
2026-01,150,Yellow Dal Tadka,327.43655
2026-01,151,Chicken Biryani with Raita Combo,321.31137
2026-01,152,Butter Paratha,321.17996
2026-01,153,Onion Dosa,321.17996
2026-01,154,Butter Pav Bhaji,309.3129
2026-01,155,Aloo Paratha Combo,304.4617
2026-01,156,Jain Special Thali,296.12622
2026-01,157,Chicken Curry n Rice Combo,295.02872
2026-01,158,Paneer Paratha n Curd Combo,288.77213
2026-01,159,Aloo Paratha with Curd Combo,286.2709
2026-01,160,Veg Plain Thali,286.1541
2026-01,161,Paneer Bhurji,282.94296
2026-01,162,Idli n Vada Combo,282.38718
2026-01,163,Tandoori Plain Roti,282.34293
2026-01,164,Veg Spl Mini Thali,282.22614
2026-01,165,Sawadesi Thali,281.51282
2026-01,166,Spl Veg Thali,281.02368
2026-01,167,Veg Gujarati Thali,280.85358
2026-01,168,Chicken Curry,279.32626
2026-01,169,Mushroom Fried Rice,278.22464
2026-01,170,Veg Raita,276.60446
2026-01,171,Veg Burger,272.57028
2026-01,172,Sweet Lassi,270.94833
2026-01,173,Tandoori Roti Butter,269.89603
2026-01,174,Veg Fried Rice n Veg Manchurian Combo,268.0658
2026-01,175,Veg Chowmein,266.7507
2026-01,176,Onion Salad,266.49207
2026-01,177,Veg Mini Railway Thali,266.34558
2026-01,178,Missi Roti,265.50012
2026-01,179,Pulka,263.73047
2026-01,180,Chicken Noodles,263.52167
2026-01,181,Cold Coffee,259.9722
2026-01,182,Aloo Gobhi,259.9722
2026-01,183,Lassi,258.95438
2026-01,184,Veg Kolhapuri,257.0018
2026-01,185,Veg Manchurian,256.74304
2026-01,186,Veg Biryani (Half),253.71346
2026-01,187,Onion Paratha,253.35017
2026-01,188,Fry Papad,252.66606
2026-01,189,Chicken Masala,250.22327
2026-01,190,Mushroom Masala,250.22327
2026-01,191,Veg Cheese Burger,249.1736
2026-01,192,Tawa Chapati,248.42429
2026-01,193,Bhindi Masala,242.9171
2026-01,194,Sambhar Rice,242.16893
2026-01,195,Masala Rice,240.91649
2026-01,196,Veg Pulao n Raita Combo,235.98592
2026-01,197,Paneer Veg n Roti Combo,235.98592
2026-01,198,Veg Chinese Thali,235.32545
2026-01,199,Lemon Rice,230.60335
2026-01,200,Veg Schezwan Noodles,225.80496
2026-01,201,Aloo Jeera,225.80496
2026-01,202,Veg Maggi,225.80496
2026-01,203,Egg Noodles,224.8255
2026-01,204,Paneer Do Pyaza,224.7553
2026-01,205,Chilli Paneer Dry,224.2433
2026-01,206,Chilli Chicken n Fried Rice Combo,224.11888
2026-01,207,Tawa Paratha,224.11888
2026-01,208,Bread Omelette,223.57167
2026-01,209,Rajma n Rice Combo,222.85463
2026-01,210,Veg Cheese Pizza,218.4988
2026-01,211,Jeera Rice (Half),217.76921
2026-01,212,Mushroom Biryani,217.76921
2026-01,213,Garlic Naan,217.72342
2026-01,214,Handi Paneer,216.44435
2026-01,215,Veg Biryani N Raita Combo,216.23485
2026-01,216,Boiled Egg,215.59105
2026-01,217,Jain Dal Khichdi,214.36995
2026-01,218,Chicken Biryani (half),213.7918
2026-01,219,Vada Sambhar,212.74239
2026-01,220,Veg Cheese Grilled Sandwich,209.33455
2026-01,221,Hot Milk,206.48589
2026-01,222,Bengali Regular Veg Thali,206.41539
2026-01,223,Seasonal Veg n Roti Combo,205.47762
2026-01,224,Gobhi Paratha n Curd Combo,205.44418
2026-01,225,Paneer Noodles,201.35954
2026-01,226,Dal Fry n Rice Combo,201.20256
2026-01,227,Gobhi Fried Rice,199.98384
2026-01,228,Mini Veg Thali,197.40685
2026-01,229,Ghee Chapati,196.50697
2026-01,230,Veg Swad Thali,196.4954
2026-01,231,Veg Eco Thali,195.95772
2026-01,232,Chilli Chicken,195.62614
2026-01,233,Idli Vada,195.02586
2026-01,234,Dal Tadka n Rice Combo,194.42403
2026-01,235,Ghee Tawa Roti,193.06174
2026-01,236,Chicken Hyderabadi Biryani,190.85124
2026-01,237,Non Veg Deluxe Thali,190.2896
2026-01,238,Matar Pulao,189.36168
2026-01,239,Sev Bhaji,187.26152
2026-01,240,Veg Manchurian Gravy,185.8248
2026-01,241,Aloo Pyaz Paratha,185.2769
2026-01,242,Kadhai Paneer n Butter Roti Combo,183.5111
2026-01,243,Non Veg Maharaja Thali,182.93294
2026-01,244,Veg Jain Thali,181.2518
2026-01,245,Egg Mini Thali,179.96251
2026-01,246,Kadhai Paneer (Half),179.57729
2026-01,247,Veg Pulao with Raita,179.32549
2026-01,248,Paneer Pakoda,178.55971
2026-01,249,Avadh Veg Regular Thali,178.53488
2026-01,250,Veg Dum Biryani,178.17253
2026-01,251,Veg Manchow Soup,177.518
2026-01,252,Chicken 65,177.47693
2026-01,253,Margherita Pizza,177.13356
2026-01,254,Chole Kulche,173.184
2026-01,255,Veg Spl Punjabi Thali,172.3737
2026-01,256,Veg Khana Khao Ji Premium Thali,171.6604
2026-01,257,Masala Papad,168.90797
2026-01,258,Veg Mini Spl Thali,166.41316
2026-01,259,Veg Fix Thali,165.08525
2026-01,260,Poori n Sabji Combo,164.44606
2026-01,261,Egg Spl Thali,164.44606
2026-01,262,Vada,164.29259
2026-01,263,Veg Biryani (Full),163.91634
2026-01,264,Jeera Rice (Full),163.33989
2026-01,265,Veg Roti Sabji Thali,161.93813
2026-01,266,Kaju Curry,160.92522
2026-01,267,Butter Paneer Masala,160.60509
2026-01,268,Chicken Lollipop,160.39868
2026-01,269,Dal Khichadi,159.99239
2026-01,270,Dal N Rice Combo,159.75948
2026-01,271,Veg Maharashtrian Thali,158.9738
2026-01,272,Egg Masala,158.26093
2026-01,273,Tawa Lachcha Paratha,156.51894
2026-01,274,Veg Schezwan Rice,155.42409
2026-01,275,Paneer Curry n Roti Combo,154.61049
2026-01,276,Chole Masala,153.50298
2026-01,277,Matar Paneer (Half),153.50298
2026-01,278,Plain Rice (Half),153.50298
2026-01,279,Chilli Paneer n Veg Noodles Combo,153.50298
2026-01,280,Steamed Rice,153.1104
2026-01,281,Plain Omelette,152.97644
2026-01,282,Chicken Schezwan Fried Rice,152.46127
2026-01,283,Veg Maharaja Premium Thali,152.41685
2026-01,284,Mutton Biryani,150.73502
2026-01,285,Vegetable Biryani,150.5584
2026-01,286,Jain Veg Thali,149.74043
2026-01,287,Butter Chicken,148.64108
2026-01,288,Tomato Rice,147.9907
2026-01,289,Idli Plate,147.5585
2026-01,290,Veg Maharaja Deluxe Thali,147.33029
2026-01,291,Chole N Rice Combo,146.71994
2026-01,292,Mysore Masala Dosa,146.70955
2026-01,293,Veg Pizza,146.03542
2026-01,294,Egg Curry n Rice Combo,145.58723
2026-01,295,Butter Chicken n Roti Combo,145.52022
2026-01,296,Mix Veg Curry,145.02931
2026-01,297,Onion Raita,144.99371
2026-01,298,Mini Chicken Biryani n Raita Combo,143.77988
2026-01,299,Ratlami Spl Veg Thali,143.77988
2026-01,300,Bengali Regular Egg Thali,143.77988
2026-01,301,Veg North Indian Thali,142.88316
2026-01,302,Veg Shahi Thali,142.83842
2026-01,303,Veg Club Sandwich,142.67633
2026-01,304,Bread Butter,141.79672
2026-01,305,Egg Biryani n Raita Combo,140.91464
2026-01,306,Poori Sabzi,140.91106
2026-01,307,Veg Noodles n Veg Manchurian Combo,140.80022
2026-01,308,Veg Rajasthani Thali,139.91884
2026-01,309,Gobhi Manchurian,139.77893
2026-01,310,Veg Fried Rice n Manchurian Combo,137.5752
2026-01,311,Chicken Spl Thali,137.5752
2026-01,312,Dumdaar Hyderabadi Rice,136.83955
2026-01,313,Chicken Dum Biryani (Full),135.45709
2026-01,314,Rajma Rice Combo,133.93842
2026-01,315,Butter Tawa Paratha,133.0838
2026-01,316,Kadhai Paneer N Roti Combo,132.93187
2026-01,317,Egg Biryani (Half),132.61761
2026-01,318,Paneer Tikka Thali,132.46614
2026-01,319,Jain Dal Fry,130.84723
2026-01,320,Paneer Sandwich,130.5282
2026-01,321,Dal Fry (Half),130.5282
2026-01,322,Dal Tadka n Roti Combo,130.47307
2026-01,323,Butter Dal Khichdi,127.716995
2026-01,324,Veg Manchurian Fried Rice,125.51546
2026-01,325,Paneer Pizza,124.78874
2026-01,326,Plain Rice (Full),122.72038
2026-01,327,Paneer Butter Masala (Half),122.72038
2026-01,328,Veg Biryani With Raita,121.73516
2026-01,329,Jain Maharaja Thali,121.73516
2026-01,330,Veg Handi,121.67867
2026-01,331,Butter Dal Fry,121.52747
2026-01,332,Butter Masala Dosa,121.50368
2026-01,333,Poori,120.52008
2026-01,334,Veg Manchurian n Veg Noodles Combo,120.48576
2026-01,335,Chicken Biryani N Raita Combo,120.20106
2026-01,336,Chicken Mini Thali,120.20106
2026-01,337,White Sauce Pasta,119.725136
2026-01,338,Paneer Kolhapuri,119.725136
2026-01,339,Butter Milk (Chaach),119.66883
2026-01,340,Chilli Paneer Gravy,119.075356
2026-01,341,Vada Pav,117.28147
2026-01,342,Peri Peri Fries,116.91503
2026-01,343,Veg Masala Maggi,116.80404
2026-01,344,Kadhai Mushroom,115.87332
2026-01,345,Set Dosa,114.45971
2026-01,346,Veg Economy Thali,114.30482
2026-01,347,Red Sauce Pasta,114.07561
2026-01,348,White Chapati,113.87552
2026-01,349,Veg Biryani With Raita Combo,113.75241
2026-01,350,Butter Khichdi,113.418
2026-01,351,Shahi Paneer n Roti Combo,111.46314
2026-01,352,Tawa Pulao,111.46314
2026-01,353,Spl Jain Thali,110.292816
2026-01,354,Non Veg Mini Thali,109.97379
2026-01,355,Veg Manchurian N Veg Fried Rice Combo,109.616806
2026-01,356,Mix Raita,109.616806
2026-01,357,Aloo Paratha with Curd (2pc),107.99322
2026-01,358,Sabri Mini Meal,107.08
2026-01,359,Veg Bahubali Thali,107.02952
2026-01,360,Jeera Rice n Dal Fry Combo,107.00945
2026-01,361,Kadhai Paneer n Tawa Roti Combo,106.98891
2026-01,362,Veg Mini Tiffin,106.59017
2026-01,363,Mix Paratha,106.47696
2026-01,364,Veg Manchurian n Fried Rice Combo,106.47696
2026-01,365,Chana Rice Combo,106.47696
2026-01,366,Gulab Jamun (2pc),106.47696
2026-01,367,Paneer Dosa,106.002075
2026-01,368,Kaju Paneer,105.89201
2026-01,369,Paneer Lababdar,105.76243
2026-01,370,Idli n Sambhar Combo,105.721794
2026-01,371,Pure Veg Thali,105.469055
2026-01,372,Mutton Biryani (Half),105.43525
2026-01,373,Veg Deluxe Paneer Thali,105.18689
2026-01,374,Veg Budget Thali,105.175316
2026-01,375,Plain Tawa Roti (1pc),105.175316
2026-01,376,Malai Kofta,104.84437
2026-01,377,Aloo Paratha (2pc) With Curd Combo,104.680084
2026-01,378,Paneer Paratha Combo,103.48171
2026-01,379,Veg Meals,103.190735
2026-01,380,Egg Omelette,103.00683
2026-01,381,Jain Pav Bhaji,101.99104
2026-01,382,Standard Thali,101.81801
2026-01,383,Spl Chicken Biryani,101.65094
2026-01,384,Veg Meal,101.53601
2026-01,385,Rasmalai,101.375275
2026-01,386,Chicken Fried Rice n Chilli Chicken Combo,101.268105
2026-01,387,Veg Hyderabadi Biryani n Raita Combo,101.2372
2026-01,388,Kadhai Chicken n Roti Combo,100.28744
2026-01,389,Mini Combo Thali,100.00442
2026-01,390,Paneer Roll,98.70385
2026-01,391,Kachumber Salad,98.70385
2026-01,392,Veg Gurukripa Mini Thali,98.073235
2026-01,393,Veg Full Meals,98.073235
2026-01,394,Chilli Paneer n Fried Rice Combo,97.739044
2026-01,395,Paneer Kulcha,96.75031
2026-01,396,Chicken Butter Masala,96.75031
2026-01,397,Chicken 65 Biryani,96.697334
2026-01,398,Chilli Potato,95.757225
2026-01,399,Chicken Roll,95.14669
2026-01,400,Paneer Paratha N Curd Combo,94.75295
2026-01,401,Paneer Curry n Rice Combo,94.73287
2026-01,402,Plain Uttapam,94.43116
2026-01,403,Mix Veg N Roti Combo,94.43116
2026-01,404,Aloo n Poori Combo,92.66309
2026-01,405,Janta Veg Thali,91.26782
2026-01,406,Veg Spl Biryani,91.148
2026-01,407,Fried Papad,90.815445
2026-01,408,Idli with Chutney,90.78789
2026-01,409,Kaju Masala,89.84402
2026-01,410,Paneer Chatpata,89.84402
2026-01,411,Dum Aloo,89.823494
2026-01,412,Veg Fried Rice n Chilli Paneer Combo,89.41847
2026-01,413,Paneer Veg N Roti Combo,89.41847
2026-01,414,Curd Rice Combo,89.41847
2026-01,415,Egg Curry Thali,89.018456
2026-01,416,Peri Peri French Fries,88.77585
2026-01,417,Idli With Chutney,88.5731
2026-01,418,Sada Dosa,87.98029
2026-01,419,Idli ,87.94009
2026-01,420,Spl Vada,87.94009
2026-01,421,Veg Spl Premium Thali,87.81279
2026-01,422,Plain Tandoori,87.801216
2026-01,423,Veg Bahubali Mini Thali,87.801216
2026-01,424,Dal Fry (Full),87.78673
2026-01,425,Veg Roll,87.464935
2026-01,426,Veg Basic Thali,86.75951
2026-01,427,Chakki Atta Tawa Roti,86.75951
2026-01,428,Mix Veg (Half),86.483154
2026-01,429,Papad Dry,86.423225
2026-01,430,Matar Paneer n Roti Combo,86.423225
2026-01,431,Jain Paneer Butter Masala,86.423225
2026-01,432,Veg Krishna Spl Thali,86.1667
2026-01,433,Non Veg Executive Thali,85.880035
2026-01,434,Paneer Manchurian,85.786224
2026-01,435,Tandoori Chicken (Half),84.987755
2026-01,436,Ghee Dosa,84.933876
2026-01,437,Veg Punjabi Mini Thali,84.908554
2026-01,438,Parotta,84.514404
2026-01,439,Veg Aloo Tikki Burger,83.90076
2026-01,440,Plain Dal,83.87377
2026-01,441,Aloo Onion Paratha,83.87346
2026-01,442,Pav Bhaji (2pc),83.84684
2026-01,443,Finger Chips,83.83525
2026-01,444,Veg Manchurian Rice,82.9172
2026-01,445,Veg Punjabi Deluxe Thali,82.83175
2026-01,446,Veg Grill Sandwich,82.83175
2026-01,447,Chicken Tikka,82.787605
2026-01,448,Veg Deluxe Railway Thali,82.05987
2026-01,449,Veg Excutive Thali,82.05987
2026-01,450,Paneer n Roti Combo,81.9682
2026-01,451,Jeera Rice n Dal Combo,81.42372
2026-01,452,Chocolate Shake,81.12978
2026-01,453,Masala Dosa With Chutney,81.01816
2026-01,454,Krishna Special Thali,81.01816
2026-01,455,Veg Premium Maharaja Thali,81.01816
2026-01,456,Dry Papad,80.68055
2026-01,457,Jain Standard Thali,80.68055
2026-01,458,Veg Deluxe Thali (5 Plates),80.60205
2026-01,459,Paneer Burger,80.60205
2026-01,460,Jain Deluxe Paneer Thali,79.83003
2026-01,461,Veg Spl Big Thali,79.83003
2026-01,462,Veg MinI Thali,79.81846
2026-01,463,Jain Dal Tadka,79.4964
2026-01,464,Rava Dosa,79.4964
2026-01,465,Plain Papad,79.4964
2026-01,466,Chicken Dum Biryani n Raita Combo,79.1912
2026-01,467,Egg Roll,78.84661
2026-01,468,Veg Standard Maharaja Thali,78.77675
2026-01,469,Dal n Jeera Rice Combo,78.14949
2026-01,470,Veg Pulao With Raita,77.89728
2026-01,471,Chicken Biryani (full),77.6853
2026-01,472,Chicken Sandwich,77.6853
2026-01,473,Veg Manchurian n Noodles Combo,77.6853
2026-01,474,Paneer Biryani n Raita Combo,77.6853
2026-01,475,Butter Chicken Thali,77.6853
2026-01,476,Kadhai Paneer (Full),77.578735
2026-01,477,Chole n Poori Combo,77.06378
2026-01,478,Margherita Pizza (Regular),76.6745
2026-01,479,Veg Spring Roll,76.53109
2026-01,480,Sabri Malai Dinner Spl,76.29741
2026-01,481,Poori n Aloo Sabji Combo,76.22686
2026-01,482,Jeera Fried Rice,76.19595
2026-01,483,Methi Paratha,76.19595
2026-01,484,Plain Rice n Curd Combo,75.88069
2026-01,485,Veg Spl Thali (5 Plates),75.59685
2026-01,486,Paneer Thali,75.18515
2026-01,487,Chicken Hakka Noodles,75.157104
2026-01,488,Paneer Tikka & Onion Pizza,74.88748
2026-01,489,Chicken Manchurian,74.87327
2026-01,490,Paneer 65,74.87327
2026-01,491,Dal Tadka (Half),74.51719
2026-01,492,Fish Curry n Rice Combo,74.17846
2026-01,493,Madurai Mali Idli,74.07711
2026-01,494,Spl Jain Mini Thali,74.07711
2026-01,495,Egg Bhurji n Roti Combo,73.95361
2026-01,496,Kaju Paneer Masala,73.546684
2026-01,497,Chicken Schezwan Noodles,73.48721
2026-01,498,Egg Curry N Roti Combo,73.46954
2026-01,499,Gobhi Tawa Paratha (2pc) with Curd Combo,73.23163
2026-01,500,Chilli Paneer n Noodles Combo,73.23163
2026-01,501,Masala Chach,73.23163
2026-01,502,Aloo Tikki Burger,73.170296
2026-01,503,Upma Pesarattu,73.11132
2026-01,504,Bengali Regular Fish Thali,73.0354
2026-01,505,Paneer Masala n Roti Combo,72.7773
2026-01,506,Masala Maggi,72.59011
2026-01,507,Veg Aatmnirbhar Thali,72.149376
2026-01,508,Veg Spl Sev Tamatar Thali,72.1378
2026-01,509,Thepla,72.13515
2026-01,510,Chilli Chicken n Chicken Fried Rice Combo,71.70776
2026-01,511,Chicken Burger,70.80268
2026-01,512,Dal Makhani n Rice Combo,70.75847
2026-01,513,Onion Pakoda,70.60651
2026-01,514,Sambhar Vada,69.26912
2026-01,515,Kadhai Chicken n Rice Combo,69.26912
2026-01,516,Plain Maggi,69.00708
2026-01,517,Veg Sadi Thali,68.98701
2026-01,518,Chilli Mushroom,68.90057
2026-01,519,Veg Cutlet,68.90057
2026-01,520,Yellow Dal,68.65946
2026-01,521,Chicken Spl Biryani,68.27106
2026-01,522,Chicken Shawarma,68.25054
2026-01,523,Plain Parotta,68.18341
2026-01,524,Jain Swaminarayan Mini Thali,68.08318
2026-01,525,Chicken Kolhapuri,67.96934
2026-01,526,Veg Desi Adda Mini Thali,67.887596
2026-01,527,Dal Fry N Jeera Rice Combo,67.79413
2026-01,528,Chicken Dum Biryani (half),67.62186
2026-01,529,Shahi Paneer (Half),67.251625
2026-01,530,Veg Manchurian Noodles,67.251625
2026-01,531,Honey Chilli Potato,67.20806
2026-01,532,Veg Shaadi Thali,66.84588
2026-01,533,Chicken Hyderabadi Dum Biryani,66.84588
2026-01,534,Kadhai Paneer N Butter Roti Combo,66.30478
2026-01,535,Chicken Biryani Combo,66.30478
2026-01,536,Paneer Tikka,66.20398
2026-01,537,Seasonal Veg N Roti Combo,66.20398
2026-01,538,Spl Dosa,65.9749
2026-01,539,Sambhar Idli,65.286194
2026-01,540,Ghee Karam Dosa,65.286194
2026-01,541,Kadhai Paneer n Phulka Combo,65.141396
2026-01,542,Veg Gujrati Thali,65.006996
2026-01,543,Hyderabadi Chicken Biryani,64.93318
2026-01,544,Chaach,64.93318
2026-01,545,Hot Coffee,64.808754
2026-01,546,Veg Natraj Mini Thali,64.15501
2026-01,547,Chana Masala n Roti Combo,64.02135
2026-01,548,Paneer Veg n Rice Combo,63.998215
2026-01,549,Aloo Gobhi Masala,63.99437
2026-01,550,Dal Fry n Roti Combo,63.852173
2026-01,551,Veg Railway Yatra Thali,63.234055
2026-01,552,Butter Chicken n Rice Combo,62.804523
2026-01,553,Veg Biryani (600g),62.759953
2026-01,554,Veg Railway Thali,62.759953
2026-01,555,Veg Chilli Garlic Noodles,62.63088
2026-01,556,Yellow Dal Fry,62.184902
2026-01,557,Veg Mini Meal,62.1087
2026-01,558,Chicken Fry,61.913063
2026-01,559,Egg Dum Biryani,61.900486
2026-01,560,Plain Thali,61.900486
2026-01,561,Aloo Paratha n Raita Combo,61.900486
2026-01,562,Mutton Thali,61.376568
2026-01,563,Dal Fry (Yellow),61.30009
2026-01,564,Veg Bhukkard Thali,61.30009
2026-01,565,Mix Veg with Roti Combo,61.160145
2026-01,566,Veg Fried Rice Manchurian Combo,61.046993
2026-01,567,Veg Fried Rice (Half),60.97305
2026-01,568,Gobhi Masala,60.97305
2026-01,569,Green Peas Masala,60.97305
2026-01,570,Chicken Biryani n Raita Combo (Serves 1),60.2388
2026-01,571,Seasonal Veg with Roti Combo,60.2388
2026-01,572,Veg Kofta,60.013065
2026-01,573,Veg Biryani (half),59.96826
2026-01,574,Gulab Jamun (1pc),59.926952
2026-01,575,Veg Chapati Thali,59.534264
2026-01,576,Veg Fried Rice N Manchurian Combo,59.398483
2026-01,577,Egg Deluxe Thali,59.398483
2026-01,578,Chicken Chowmein,59.231426
2026-01,579,Curd n Rice Combo,59.231426
2026-01,580,Matar Masala,58.930756
2026-01,581,Peas Pulao,58.601757
2026-01,582,Salted Lassi,58.513718
2026-01,583,Veg Fried Momos,58.513718
2026-01,584,Matar Mushroom,58.513718
2026-01,585,Mix Veg Paratha,58.513718
2026-01,586,Aloo Pyaz Paratha n Curd Combo,58.00042
2026-01,587,Hyderabadi Chicken Dum Biryani (Half),57.790485
2026-01,588,Cheese Pav Bhaji,57.46607
2026-01,589,Papad,57.091934
2026-01,590,Jeera Dal,57.02437
2026-01,591,Dal Makhani (Half),57.02437
2026-01,592,Non Veg Loaded Thali,57.018604
2026-01,593,Paneer Combo,57.018604
2026-01,594,Veg Full Thali,57.018604
2026-01,595,Veg South Indian Meals,57.018604
2026-01,596,Kadhai Paneer Combo Thali,57.018604
2026-01,597,Standard Mini Thali,57.018604
2026-01,598,Dal Combo,57.018604
2026-01,599,Veg Spl Gurukripa Thali,57.018604
2026-01,600,Jain Eco Thali,57.018604
2026-01,601,Pudina Paratha,56.92127
2026-01,602,Chilli Paneer N Veg Fried Rice Combo,56.85589
2026-01,603,Sada Tawa Roti,56.810238
2026-01,604,Deluxe Paneer Thali,56.810238
2026-01,605,Paneer Masala Dosa,56.363873
2026-01,606,Kashmiri Pulao,56.363873
2026-01,607,Spl Egg Thali,56.07335
2026-01,608,Pongal,56.05281
2026-01,609,Paneer Veg n Butter Roti Combo,55.98847
2026-01,610,Deepawali Biryani Rice Spl (Non Veg),55.98847
2026-01,611,Kadhai Paneer n Roti Box,55.98847
2026-01,612,Mini Special Veg Thali,55.976887
2026-01,613,Veg Shakahari Mini Thali,55.976887
2026-01,614,Veg Punjabi Fix Thali,55.976887
2026-01,615,Veg Maurya Ghar Ki Thali,55.976887
2026-01,616,Veg Simple Thali,55.976887
2026-01,617,Veg Maurya Executive Thali,55.976887
2026-01,618,Aloo Tawa Paratha,55.976887
2026-01,619,Veg Mushroom Thali,55.920124
2026-01,620,Tawa Aloo Paratha,55.859562
2026-01,621,Veg Maharaja Thali (5 Plates),55.440125
2026-01,622,Independence Day Spl,55.07664
2026-01,623,Tomato Uttapam,55.05904
2026-01,624,Sev Tomato,55.038944
2026-01,625,Chilli Paneer (Half),55.00037
2026-01,626,Onion Paratha n Curd Combo,55.00037
2026-01,627,Gobhi 65,55.00037
2026-01,628,Veg Paneer Thali,54.9742
2026-01,629,Extra Pav,54.96773
2026-01,630,Aloo Palak,54.77806
2026-01,631,Chocolate Milk Shake,54.31889
2026-01,632,Veg Fried Rice N Veg Manchurian Combo,54.06002
2026-01,633,Chicken Biryani (Qtr),54.02335
2026-01,634,Veg Special Thali Bulk,54.02335
2026-01,635,Rajasthani Spl Thali,54.02335
2026-01,636,Chicken Curry (Half),53.91806
2026-01,637,Baigan Bharta,53.91806
2026-01,638,Chole Poori Combo,53.892963
2026-01,639,Bhindi Fry,53.892963
2026-01,640,Mushroom Curry,53.51102
2026-01,641,Kolkata Chicken Biryani,53.344734
2026-01,642,Salted French Fries,52.403614
2026-01,643,Corn Pizza,52.251553
2026-01,644,Paneer Butter Masala N Roti Combo,52.23514
2026-01,645,Veg Steam Momos,52.22556
2026-01,646,Prawns Biryani,52.22556
2026-01,647,Vegetable Sandwich,52.207935
2026-01,648,Papad Fry,51.35455
2026-01,649,Pav Bhaji Thali,51.124912
2026-01,650,Idli Sambhar Vada,51.06889
2026-01,651,Veg Thali (Food Box),50.99767
2026-01,652,Dal N Roti Combo,50.745792
2026-01,653,Kaju Fried Rice,50.745792
2026-01,654,Mix Veg Raita,50.745792
2026-01,655,Paneer Tikka Pizza,50.745792
2026-01,656,Chicken Pizza,50.745792
2026-01,657,Roti Sabji Thali,50.697453
2026-01,658,Jain Shakahari Mini Thali,50.112312
2026-01,659,Plain Tawa Butter Roti,50.112312
2026-01,660,Chicken Pakoda,50.046345
2026-01,661,Fish Curry,50.032066
2026-01,662,Chicken Curry n Phulka Combo,49.46922
2026-01,663,Chole Paneer,49.439274
2026-01,664,Chicken Tikka Biryani,49.439274
2026-01,665,Kadhai Chicken (Half),49.15385
2026-01,666,Jain Punjabi Thali,49.115345
2026-01,667,Big Spl Veg Thali,49.0706
2026-01,668,Chilli Gobhi,48.949757
2026-01,669,Paneer Butter Masala (Full),48.949757
2026-01,670,Idli Sambar,48.910114
2026-01,671,Chole n Chawal Combo,48.910114
2026-01,672,Veg Dum Biryani (Half),48.910114
2026-01,673,Veg Handi Biryani,48.42069
2026-01,674,Uttapam,48.356964
2026-01,675,Matar Paneer (Full),48.057262
2026-01,676,Chicken Curry N Rice Combo,47.974987
2026-01,677,Paneer Tikka Biryani,47.781445
2026-01,678,Dal Tadka Khichdi,47.781445
2026-01,679,Dal Tadka (Full),47.781445
2026-01,680,Rice n Dal Combo,47.781445
2026-01,681,Butter Kulcha,47.58719
2026-01,682,Butter Chicken (Half),47.39445
2026-01,683,Desi Dal Fry n Rice Combo,47.117058
2026-01,684,Vada With Chutney,47.096523
2026-01,685,Chilli Chicken Fried Rice Combo,47.096523
2026-01,686,Dal Chawal Combo,47.096523
2026-01,687,Train Veg Thali,47.096523
2026-01,688,Chicken Fried RIce,47.096523
2026-01,689,Roti Makhan Wali,47.096523
2026-01,690,Marwadi Thali,47.096523
2026-01,691,Masala Dosa with Chutney,47.096523
2026-01,692,Paneer Chatpata Thali,47.096523
2026-01,693,Chicken Kothu Parotta,46.76286
2026-01,694,Chicken Curry N Roti Combo,46.702217
2026-01,695,Chilli Chicken N Fried Rice Combo,46.699135
2026-01,696,Paneer Korma,46.699135
2026-01,697,Cheese Masala Dosa,46.65371
2026-01,698,Mix Veg (Full),46.262463
2026-01,699,Paneer Handi,46.262463
2026-01,700,Rajma,46.262463
2026-01,701,Chicken Do Pyaza,46.262463
2026-01,702,Kadhi n Rice Combo,45.67488
2026-01,703,Ghee Rice,45.212868
2026-01,704,Chicken Masala (Half),45.212868
2026-01,705,Non Veg Spl Thali,45.212868
2026-01,706,Veg Fried Rice (Full),45.212868
2026-01,707,Mushroom Matar,45.212868
2026-01,708,Masala Khichdi,45.180153
2026-01,709,Kit Kat Shake,45.180153
2026-01,710,Hara Bhara Kabab,45.180153
2026-01,711,Veg Super Deluxe Thali,44.785435
2026-01,712,Egg Biryani (Full),44.773113
2026-01,713,Veg Classic Burger,44.773113
2026-01,714,Paneer Angara,44.773113
2026-01,715,Paneer Butter Masala Combo,44.7644
2026-01,716,Jain Chana Masala,44.59257
2026-01,717,Egg Chicken Fried Rice,44.52577
2026-01,718,Veg Breakfast Combo,44.289364
2026-01,719,Veg Curry n Chapati Combo,44.21862
2026-01,720,Paneer Curry N Roti Combo,44.21862
2026-01,721,Butter Chicken n Butter Roti Combo,44.00447
2026-01,722,Veg Biryani (5 Plates),43.98549
2026-01,723,Spl Veg Biryani,43.754528
2026-01,724,Dp Spl Veg Thali,43.73214
2026-01,725,Veg Chowmein (Full),43.690804
2026-01,726,Mutton Biryani (Full),43.690804
2026-01,727,Chicken Schezwan Rice,43.690804
2026-01,728,Palak Paneer (Half),43.48765
2026-01,729,Aloo Dum,43.48765
2026-01,730,Mushroom Do Pyaza,43.48765
2026-01,731,Veg Mini Thali (6 Plates),43.48765
2026-01,732,Veg Biryani n Curd Combo,43.420155
2026-01,733,Veg Biryani Rice,43.420155
2026-01,734,Veg Uttapam,43.33083
2026-01,735,Chilli Garlic Noodles,43.33083
2026-01,736,Masala French Fries,43.33083
2026-01,737,Strawberry Milk Shake,43.298115
2026-01,738,Idli N Vada Combo,43.168823
2026-01,739,Spl Chicken Thali,43.168823
2026-01,740,Non Veg Biryani Thali,43.12761
2026-01,741,Veg Anna Supermind Thali,43.116028
2026-01,742,Paneer Veg and Rice Combo,42.9604
2026-01,743,Lazeez Bhuna Murgh Biryani (Dum Chicken Biryani - Serves 1),42.9508
2026-01,744,Paneer Premium Thali,42.831894
2026-01,745,Single Vada,42.487354
2026-01,746,Swastik Spl Thali,42.475773
2026-01,747,Veg Pocket Friendly Thali,42.475773
2026-01,748,Non Veg Spl Big Thali,42.475773
2026-01,749,Spl Chicken Dum Biryani,42.475773
2026-01,750,Veg Fix Punjabi Thali,42.475773
2026-01,751,Mini Paratha Thali,42.475773
2026-01,752,Dal Bati,42.475773
2026-01,753,Spl Kaju Paneer Thali,42.475773
2026-01,754,Curd Rice (Rayalaseema Style),42.475773
2026-01,755,Veg Pulao with Raita Combo,42.150238
2026-01,756,Veg Halki Fulki Thali,42.117306
2026-01,757,Curd Rice (rayalaseema Style),42.117306
2026-01,758,Butter Chapati (Gujrati),42.117306
2026-01,759,Parotta with Chicken Roast Combo,42.117306
2026-01,760,Bengali Regular Chicken Thali,42.117306
2026-01,761,Paneer Curry,42.084637
2026-01,762,Ghee Roast,42.003826
2026-01,763,Veg Hyderabadi Biryani (Half),42.003826
2026-01,764,Matar Paneer (half),41.998302
2026-01,765,Chana Masala (Half),41.998302
2026-01,766,Chicken Tikka Masala,41.998302
2026-01,767,Paneer Masala (Half),41.998302
2026-01,768,Egg Chowmein,41.808765
2026-01,769,Mix Veg n Butter Roti Combo,41.808765
2026-01,770,Veg Hakka Noodles (Half),41.808765
2026-01,771,Veg Paneer Biryani,41.7786
2026-01,772,Hyderabadi Dum Chicken Biryani (Single),41.7786
2026-01,773,Mix Uttapam,41.308437
2026-01,774,Crispy Corn,41.308437
2026-01,775,Paneer Butter Masala n Tawa Roti Combo,41.15839
2026-01,776,Veg Mini Dosa Tiffin,41.14681
2026-01,777,Aloo Kulcha,40.726456
2026-01,778,Strawberry Shake,40.415943
2026-01,779,Chilli Chicken Dry,40.21185
2026-01,780,Mushroom Noodles,40.21185
2026-01,781,Veg Small Thali,40.201813
2026-01,782,Platinum Thali,40.19023
2026-01,783,Chicken Dum Biryani (Serves 1 (1 Leg + Egg),40.19023
2026-01,784,Veg Medium Thali,40.19023
2026-01,785,Spl Shahi Thali,40.19023
2026-01,786,Minapa Vada,40.19023
2026-01,787,Veg Punjabi Maharaja Thali,40.19023
2026-01,788,Dahi Vada,40.138874
2026-01,789,Chicken Leg Biryani,39.94187
2026-01,790,Kadhai Paneer Combo,39.71366
2026-01,791,Egg Biryani (half),39.70787
2026-01,792,Chicken Fried Rice (Half),39.59993
2026-01,793,Paneer Pulav,39.59787
2026-01,794,Samosa,39.346416
2026-01,795,Kadhi Pakoda,39.319355
2026-01,796,Paneer Chowmein,39.194214
2026-01,797,Rajma Rice,39.187313
2026-01,798,Veg Shree Thali,39.142582
2026-01,799,Gujarati Fix Thali,39.142582
2026-01,800,Tea,39.123596
2026-01,801,Kadhai Paneer n Rice Combo,39.033955
2026-01,802,Mix Vegetable,38.7225
2026-01,803,Paneer Cheese Sandwich,38.656544
2026-01,804,Chicken Curry n Tawa Roti Combo,38.548077
2026-01,805,Kadhai Chicken Thali,38.548077
2026-01,806,Veg Pulao N Raita Combo,38.548077
2026-01,807,Butter Dosa,38.341633
2026-01,808,Ghee Pongal,38.33965
2026-01,809,Egg Curry N Rice Combo,38.30172
2026-01,810,Dal Palak,38.141468
2026-01,811,Aloo Paratha n Plain Curd Combo,38.105003
2026-01,812,Aloo Paratha With Curd Combo,38.05583
2026-01,813,Cheese Garlic Bread,37.830013
2026-01,814,Egg Schezwan Fried Rice,37.830013
2026-01,815,Veg Plain Biryani Rice,37.707077
2026-01,816,Veg Hot n Sour Soup,37.559963
2026-01,817,Veg Singapore Noodles,37.559963
2026-01,818,Chilli Chicken n Lachcha Paratha Combo,37.496555
2026-01,819,Shahi Paneer (Full),37.477688
2026-01,820,Spl Non Veg Thali,37.383076
2026-01,821,Veg Pakoda,37.2475
2026-01,822,Tandoori Paneer Pizza,37.2475
2026-01,823,Poori Sabji Thali,37.22233
2026-01,824,Chicken Deluxe Thali,37.17321
2026-01,825,Poori Sabji Combo,37.00818
2026-01,826,Plain Rice (half),36.85474
2026-01,827,Plain Lassi,36.80874
2026-01,828,Paneer Uttapam,36.542328
2026-01,829,Roti Thali,36.53764
2026-01,830,Chicken Fry Biryani (Half),36.52606
2026-01,831,Chilli Chicken N Chicken Fried Rice Combo,36.52606
2026-01,832,Veg Chole Thali,36.41424
2026-01,833,Veg Manchurian n Rice Combo,36.38207
2026-01,834,Chilli Chicken n Veg Fried Rice Combo,36.15462
2026-01,835,Chicken Lollipop Biryani,35.996807
2026-01,836,Kala Jamun,35.893482
2026-01,837,Pineapple Raita,35.86431
2026-01,838,Shahi Paneer n Rice Combo,35.684326
2026-01,839,Jain Regular Thali,35.581062
2026-01,840,Tadka Dal Khichdi,35.56948
2026-01,841,Delux Thali,35.56948
2026-01,842,Poori Set Masala n Vadai Combo,35.56948
2026-01,843,Masala Pav Bhaji,35.56948
2026-01,844,Veg Korma n Chapati Combo,35.56948
2026-01,845,Mushroom 65,35.537453
2026-01,846,Matar Paneer Masala,35.32112
2026-01,847,Kachori,35.32112
2026-01,848,Veg Thali (6 Plates),35.24758
2026-01,849,Jain Matar Paneer,35.226963
2026-01,850,Egg Dosa,35.144688
2026-01,851,Margherita Pizza (Small),35.092915
2026-01,852,Aloo Poori Combo,35.092915
2026-01,853,Veg Plain Maggi,34.914497
2026-01,854,Mix Paratha n Curd Combo,34.914497
2026-01,855,Steam Rice (Half),34.865658
2026-01,856,Veg Crispy,34.865658
2026-01,857,Veg Standard Thali (5 Plates),34.865658
2026-01,858,Fruit Raita,34.865658
2026-01,859,Ghar Ki Thali,34.86335
2026-01,860,Veg Musafir Spl Thali,34.86335
2026-01,861,Masala Chai,34.85177
2026-01,862,Dal Fry Plain Rice Combo,34.85177
2026-01,863,Dal Fry n Plain Rice Combo,34.85177
2026-01,864,Plain Roti ,34.85177
2026-01,865,Chicken Egg Biryani,34.85177
2026-01,866,Dosa,34.82098
2026-01,867,Veg Spl Biryani Thali,34.48717
2026-01,868,Train Veg Mini Thali,34.48717
2026-01,869,Veg Kalika Haveli Deluxe Thali,34.48717
2026-01,870,Paneer Butter Masala n Phulka Combo,34.259422
2026-01,871,Karam Dosa,34.259422
2026-01,872,Veg Lite Thali,34.235664
2026-01,873,Fruit Salad,34.022015
2026-01,874,Matar Aloo,34.022015
2026-01,875,Oreo Shake,33.93974
2026-01,876,Masala Uttapam,33.93974
2026-01,877,Veg Cheese Corn Sandwich,33.896862
2026-01,878,Aloo Chole,33.896862
2026-01,879,Spl Mini Thali,33.80412
2026-01,880,Poori Aloo Sabzi Combo,33.4351
2026-01,881,Veg Manchurian n Veg Hakka Noodles Combo,33.205544
2026-01,882,Non Veg Standard Thali,33.193962
2026-01,883,Paneer Veg Thali,33.193962
2026-01,884,Chole Poori,33.177116
2026-01,885,Baigan Masala,33.13258
2026-01,886,Double Egg Roll,33.01515
2026-01,887,Mutton Dum Biryani,33.01515
2026-01,888,Paneer Do Pyaza (Half),33.00438
2026-01,889,Veg Noodles (Full),32.747807
2026-01,890,Veg Deluxe Thali (6 Plates),32.747807
2026-01,891,Veg Tomato Soup,32.747807
2026-01,892,Chicken Rice,32.61294
2026-01,893,Uttapam Combo,32.580997
2026-01,894,Tawa Aloo Pyaz Paratha n Curd Combo,32.55757
2026-01,895,Idli N Sambhar Combo,32.352783
2026-01,896,Veg Thali (5 Plates),32.180336
2026-01,897,Chicken Superior Thali,32.15789
2026-01,898,Dal Khichdi n Curd Combo,32.089954
2026-01,899,Veg Biryani Thali,32.083157
2026-01,900,1+1 Veg Cheesy Pizza Mania,32.08312
2026-01,901,Butter Garlic Naan,32.044624
2026-01,902,Mix Veg Combo,32.044624
2026-01,903,Rava Onion Dosa,32.044624
2026-01,904,Veg Onion Capsicum Pizza,31.99657
2026-01,905,Pineapple Juice,31.687027
2026-01,906,Veg Mini Meals,31.51928
2026-01,907,Egg Curry (Half),31.495005
2026-01,908,Seasonal Veg n Butter Roti Combo,31.493092
2026-01,909,Cheese Sandwich,31.493092
2026-01,910,Veg Corn Pizza,31.493092
2026-01,911,Tawa Butter Paratha,31.249655
2026-01,912,Chinese Bhel,31.244965
2026-01,913,Veg Cheese Maggi,31.244965
2026-01,914,Dal Makhani n Jeera Rice Combo,30.969233
2026-01,915,Butter Paneer Masala n Roti Combo,30.969233
2026-01,916,Paneer Tikka Sandwich,30.925407
2026-01,917,Tandoori Chicken (half),30.886501
2026-01,918,Veg Mini Thali (5 Plates),30.600601
2026-01,919,Lemon Chicken,30.559643
2026-01,920,Chilli Chicken (Half),30.559643
2026-01,921,Matar Paneer n Rice Combo,30.559643
2026-01,922,Mutton Curry,30.559643
2026-01,923,Paneer Veg N Rice Combo,30.556921
2026-01,924,Fish Masala,30.474506
2026-01,925,Egg Kothu Parotta,30.474506
2026-01,926,Chicken Curry with Roti Combo,30.386795
2026-01,927,Veg Mini Thali (8 Plates),30.26977
2026-01,928,Standard Chicken Thali,30.242607
2026-01,929,Bread Pakoda,30.240086
2026-01,930,Crispy Chicken,30.240086
2026-01,931,Veg Aatmanirbhar Thali,30.23103
2026-01,932,Khaman Dhokla with Sev (Jain),30.23103
2026-01,933,Pav,30.23103
2026-01,934,Chicken Biryani n Raita/Curry Combo,30.23103
2026-01,935,Kadhai Paneer n Chapati Combo,30.23103
2026-01,936,Veg Grilled Bombay Sandwich,30.23103
2026-01,937,Punjabi Comfort Thali,30.23103
2026-01,938,Mini Chicken Biryani N Raita Combo,30.23103
2026-01,939,Tandoor Roti,30.23103
2026-01,940,Jeera Rice (half),30.046177
2026-01,941,Asoka Special Chicken Biryani,30.008722
2026-01,942,Paneer Kofta,29.950212
2026-01,943,Fish Fry,29.950212
2026-01,944,Dragon Chicken,29.950212
2026-01,945,Paneer Masala (Full),29.950212
2026-01,946,Chicken Masala (Full),29.950212
2026-01,947,Paneer Butter Masala n Butter Roti Combo,29.800592
2026-01,948,Mango Shake,29.800592
2026-01,949,Veg Biryani Combo,29.800592
2026-01,950,Jain Pulao,29.661587
2026-01,951,Veg Paneer Pizza,29.642008
2026-01,952,Chicken Roast,29.641008
2026-01,953,Chicken Tikka & Onion Pizza,29.342983
2026-01,954,Matar Paneer Pulao,29.304487
2026-01,955,Masala Butter Milk,29.304487
2026-01,956,Boiled Eggs,29.304487
2026-01,957,Veg Kuska Biryani,29.148722
2026-01,958,Roti N Sabji Combo,29.148722
2026-01,959,Plain Parotta n Chicken Kuruma Combo,29.148722
2026-01,960,Veg Punjabi Regular Thali,29.148722
2026-01,961,Spl Thali Meals (Serves 1),29.148722
2026-01,962,Wheat Chapati,29.148722
2026-01,963,Veg Hyderabadi Biryani (Full),29.034863
2026-01,964,Tawa Aloo Pyaz Paratha,29.028925
2026-01,965,Jain Shahi Paneer,28.782007
2026-01,966,Crispy Chicken Burger,28.782007
2026-01,967,Veg Italian Pizza,28.782007
2026-01,968,Onion Masala Dosa,28.782007
2026-01,969,Jeera Rice (full),28.782007
2026-01,970,Veg Pulav with Raita,28.754908
2026-01,971,Veg Biryani Raita Combo,28.74333
2026-01,972,Paneer Veg N Butter Roti Combo,28.584782
2026-01,973,Jain Poha,28.584782
2026-01,974,Vada Sambar,28.584782
2026-01,975,Veg Royal Thali,28.584782
2026-01,976,Veg Biryani N Raita Combo (full),28.573204
2026-01,977,Veg Punjabi Spl Thali,28.573204
2026-01,978,Purohit Paneer Sabji n Roti Combo,28.573204
2026-01,979,Tawa Phulka,28.573204
2026-01,980,Butter Milk (chaach),28.573204
2026-01,981,Jain Mini Thali ( Without Onion & Garlic ),28.573204
2026-01,982,Idli n Vada with Plain Dosa Combo,28.573204
2026-01,983,Chicken Biryani n Raita with Gravy Combo,28.573204
2026-01,984,Veg Ghar Ki Thali,28.573204
2026-01,985,Veg Deluxe Thali with Dal,28.573204
2026-01,986,Chicken Rice Thali,28.573204
2026-01,987,Aloo Paratha N Raita Combo,28.573204
2026-01,988,Rava Masla Dosa,28.573204
2026-01,989,Egg Comfort Thali,28.573204
2026-01,990,Non Veg Spl Big Chicken Thali,28.573204
2026-01,991,Chicken Biryani N Raita With Gravy Combo,28.573204
2026-01,992,Chilli Paneer n Fried Rice Bowl,28.573204
2026-01,993,Spl Roti Combo Veg Thali,28.573204
2026-01,994,Chapati n Kuram Combo,28.573204
2026-01,995,Spl Purnbrahma Thali,28.573204
2026-01,996,Jain Maharaja Premium Thali,28.573204
2026-01,997,Hyderabadi Dum Chicken Biryani (single),28.573204
2026-01,998,Single Chicken Biryani,28.573204
2026-01,999,Chilli Paneer (Dry),28.460396
2026-01,1000,Deluxe Thali,28.422459
2026-01,1001,Dal Khichdi Tadka,28.301811
2026-01,1002,Veg Mini Food Box,28.262981
2026-01,1003,Thali Box Combo,28.262981
2026-01,1004,Spl Curd Rice,28.130371
2026-01,1005,Kadhai Paneer (half),27.936537
2026-01,1006,Veg Chowmein n Veg Manchurian Combo,27.902159
2026-01,1007,Cheese Corn Sandwich,27.889517
2026-01,1008,Chicken Handi,27.872814
2026-01,1009,Dal Fry N Rice Combo,27.850204
2026-01,1010,Tandoori Roti Plain,27.70726
2026-01,1011,Veg Indian Thali,27.695683
2026-01,1012,Veg Curry n Roti Combo,27.69062
2026-01,1013,Veg Kothu Parotta,27.69062
2026-01,1014,Egg Lover Thali,27.502474
2026-01,1015,Mini Chicken Biryani,27.502474
2026-01,1016,Veg Dum Biryani n Raita Combo,27.490896
2026-01,1017,Veg Gold Thali,27.490896
2026-01,1018,Chicken 65 Biryani (4pc),27.490896
2026-01,1019,Egg Chicken Biryani,27.490896
2026-01,1020,Namkeen Butter Milk,27.490896
2026-01,1021,Parotta n Omlette with Salan Combo,27.490896
2026-01,1022,Pav Bhaji (2),27.490896
2026-01,1023,Mini Veg South Indian Thali,27.490896
2026-01,1024,Chicken Biryani n Egg Combo (1 Person),27.490896
2026-01,1025,Shahi Paneer Biryani,27.462408
2026-01,1026,Ghee Roast Dosa,27.462408
2026-01,1027,Veg Pulav,27.44181
2026-01,1028,Veg Tandoori Paneer Pizza,27.44181
2026-01,1029,Steam Rice (Full),27.44181
2026-01,1030,Chicken Masala n Roti Combo,27.44181
2026-01,1031,Dal n Roti Box,27.342363
2026-01,1032,Aloo Paratha With Curd Combo (2pc),27.221272
2026-01,1033,Chicken Dum Biryani Single,27.221272
2026-01,1034,Onion Pizza,27.195534
2026-01,1035,Chilli Paneer n Veg Hakka Noodles Combo,26.854229
2026-01,1036,Plain Khichdi,26.854229
2026-01,1037,Mix Veg (full),26.767897
2026-01,1038,Gobhi Paratha N Curd Combo,26.728886
2026-01,1039,Chicken Nuggets,26.728886
2026-01,1040,Veg Noodles N Veg Manchurian Combo,26.62891
2026-01,1041,Kal Dosa,26.62891
2026-01,1042,Sweet (2),26.62891
2026-01,1043,Mix Veg Curry n Phulka Combo,26.62891
2026-01,1044,Chilli Chicken with Fried Rice Combo,26.62891
2026-01,1045,Jain Fried Rice,26.60279
2026-01,1046,Poori N Sabji Combo,26.3801
2026-01,1047,Chapati n Veg Curry Combo,26.185202
2026-01,1048,Veg Paratha Thali,25.936176
2026-01,1049,Fish Spl Thali,25.936176
2026-01,1050,Mix Veg (half),25.792519
2026-01,1051,Masala Kulcha,25.792519
2026-01,1052,South Indian Thali,25.769909
2026-01,1053,Butter Chicken N Roti Combo,25.749311
2026-01,1054,Veg Classic Maggi,25.749311
2026-01,1055,Matar Mushroom (Half),25.749311
2026-01,1056,Veg Pulao (Half),25.749311
2026-01,1057,Idli Fry,25.749311
2026-01,1058,Veg Onion Pizza,25.749311
2026-01,1059,Vegetable Maggi,25.632301
2026-01,1060,Paneer Cheese Pizza,25.632301
2026-01,1061,Onion Kulcha,25.632301
2026-01,1062,Tawa Plain Paratha,25.59762
2026-01,1063,Butter Missi Roti,25.546602
2026-01,1064,Yatri Thali,25.528772
2026-01,1065,Veg Gobhi Manchurian Fried Rice,25.522835
2026-01,1066,Paneer Stuffed Paratha,25.48761
2026-01,1067,Dal Khichdi Combo,25.247616
2026-01,1068,1+1 Non-Veg Cheesy Pizza Mania,24.89236
2026-01,1069,Veg Chowmein (Half),24.876802
2026-01,1070,Jalebi,24.856821
2026-01,1071,Vegetable Grilled Sandwich,24.853868
2026-01,1072,Egg Biryani N Raita Combo,24.853868
2026-01,1073,Paneer Cheese Burger,24.687601
2026-01,1074,Tawa Paneer Paratha,24.687601
2026-01,1075,Mix Veg n Tawa Roti Combo,24.654112
2026-01,1076,Veg Cheese Paneer Pizza,24.414118
2026-01,1077,Ras Malai,24.414118
2026-01,1078,Poori N Aloo Sabji Combo,24.414118
2026-01,1079,Chicken Sausage & Capsicum Pizza,24.230303
2026-01,1080,White Rice,24.134163
2026-01,1081,Paneer Deluxe Thali,24.134163
2026-01,1082,Kadhai Paneer n Butter Chapati Combo,24.134163
2026-01,1083,Jeera Rice N Dal Fry Combo,24.134163
2026-01,1084,Classic Chicken Burger,24.122585
2026-01,1085,Chicken Fry Biryani (Serve For 1 Person),24.122585
2026-01,1086,Audi Offer Biryani (Non Veg),24.122585
2026-01,1087,Chicken Comfort Thali,24.122585
2026-01,1088,Paneer Butter Masala Thali,24.122585
2026-01,1089,Jain Veg Deluxe Thali,24.122585
2026-01,1090,Veg Chilli Tadka Thali,24.122585
2026-01,1091,Dum Biryani n Raita Combo,24.122585
2026-01,1092,Mcb Chicken Biryani n Raita Combo,24.122585
2026-01,1093,Dal Tadka (Yellow),24.122585
2026-01,1094,Standard Egg Thali,23.900278
2026-01,1095,Masala Omelette,23.872902
2026-01,1096,Veg Farm House Pizza,23.872902
2026-01,1097,Veg Kadhai,23.872902
2026-01,1098,Veg Corn Cheese Pizza,23.854103
2026-01,1099,Matar Paneer N Roti Combo,23.79511
2026-01,1100,Fix Thali,23.642237
2026-01,1101,Mixed Veg n Roti Combo,23.596598
2026-01,1102,Kulcha,23.570095
2026-01,1103,Veg Hakka Noodles (Full),23.570095
2026-01,1104,Mushroom Manchurian,23.379585
2026-01,1105,Paneer Subz Biryani (Paneer Dum and Veg Biryani - Serves 1),23.370302
2026-01,1106,Ghee Masala Dosa,23.346151
2026-01,1107,Aloo Stuffed Paratha,23.33181
2026-01,1108,Chicken Biryani (Single),23.33181
2026-01,1109,Indori Poha,23.33181
2026-01,1110,Medu Vada,23.097422
2026-01,1111,Tawa Paratha Butter,23.040277
2026-01,1112,Chilli Paneer n Veg Fried Rice with French Fries Combo,23.040277
2026-01,1113,Chicken Curry Plain Rice Combo,23.040277
2026-01,1114,Non Veg Biryani Combo,23.040277
2026-01,1115,Veg Swadeshi Thali,23.040277
2026-01,1116,Dal Chawal,23.040277
2026-01,1117,Dal Chana Fry n Aloo Matar with Roti Combo,23.040277
2026-01,1118,Butter Tadka Khichdi,23.040277
2026-01,1119,Tandoori Chicken,22.946978
2026-01,1120,Aloo Fry,22.946978
2026-01,1121,Veg Mixed Fried Rice,22.894712
2026-01,1122,Veg Mushroom Biryani,22.721619
2026-01,1123,Paneer Veg and Roti Combo,22.721619
2026-01,1124,Egg Chicken Roll,22.71677
2026-01,1125,Paneer Executive Thali,22.612104
2026-01,1126,Egg Dum Biryani (Half),22.612104
2026-01,1127,Veg Biryani with Raita n Papad Combo,22.600527
2026-01,1128,Sabji Combo,22.600527
2026-01,1129,Shahi Paneer Thali,22.600527
2026-01,1130,Butter Paneer Combo,22.600527
2026-01,1131,Veg Machurian n Veg Fried Rice Combo,22.600527
2026-01,1132,Plain Butter Milk,22.600527
2026-01,1133,Biryani Rice (Non Veg),22.600527
2026-01,1134,Breakfast Combo,22.600527
2026-01,1135,Veg Machurian N Veg Fried Rice Combo,22.600527
2026-01,1136,Chicken Biryani Single,22.600527
2026-01,1137,Lime Lite Spl Bengali Veg Thali,22.600527
2026-01,1138,Punjabi Kadhai Paneer,22.600527
2026-01,1139,Idli with Chutney (Jain),22.600527
2026-01,1140,Dal Fry Jain,22.600527
2026-01,1141,Veg Spl Deluxe Thali,22.600527
2026-01,1142,Veg Primum Thali,22.600527
2026-01,1143,Veggie Sweet Corn Cheese Pizza Maina,22.600527
2026-01,1144,Chintoos Deluxe Thali,22.600527
2026-01,1145,Amritsari Kulcha Thali,22.600527
2026-01,1146,Spl Veg Deluxe Jain Thali,22.600527
2026-01,1147,Bezawada Chicken Fry Biryani,22.600527
2026-01,1148,Cheese Burger,22.508385
2026-01,1149,Capsicum Pizza,22.477812
2026-01,1150,Plain Tawa Paratha,22.472809
2026-01,1151,Tandoori  Roti,22.37822
2026-01,1152,Abhinandan Veg Economy Thali,22.37822
2026-01,1153,Rajma N Rice Combo,22.335964
2026-01,1154,Ildi,22.147787
2026-01,1155,Single Idli n Vada Combo,22.147787
2026-01,1156,Veg Sada Thali,22.072132
2026-01,1157,Minister Friendly Veg Thali,22.012945
2026-01,1158,Jain Mini Thali (Without Onion n Garlic),22.012945
2026-01,1159,Veg Biryani n Raita Combo (Full),22.012945
2026-01,1160,Kamat Punjabi Executive Thali,22.012945
2026-01,1161,Cucumber Salad,22.011612
2026-01,1162,Pepper Chicken,22.011612
2026-01,1163,Seasonal Veg,21.851738
2026-01,1164,Paneer Butter Masala Roti Combo,21.790638
2026-01,1165,Corn & Capsicum  Pizza,21.677803
2026-01,1166,Pizza Puff.,21.677803
2026-01,1167,Zaikedaar Paneer Biryani (Paneer Dum Biryani - Serves 1),21.677803
2026-01,1168,Subz-e-Biryani (Dum Veg Biryani - Serves 1),21.677803
2026-01,1169,Mix Veg n Chapati Combo,21.63931
2026-01,1170,Paneer Biryani N Raita Combo,21.63931
2026-01,1171,Upma Dosa,21.63931
2026-01,1172,Chicken Fry Piece Biryani,21.63931
2026-01,1173,Dal Rice Mix,21.63931
2026-01,1174,Dal Makhani n Roti Combo,21.63931
2026-01,1175,Butter Dal Tadka,21.615894
2026-01,1176,Chana Masala n Butter Roti Combo,21.529797
2026-01,1177,Veg Combo 1,21.529797
2026-01,1178,Tandoori Stuffed Paratha Butter,21.529797
2026-01,1179,Jain Spl Food Box,21.529797
2026-01,1180,Khichdi,21.529797
2026-01,1181,Schezwan Fried Rice,21.529797
2026-01,1182,Sabji n Roti Combo,21.529797
2026-01,1183,Veg Onion Uttapam,21.529797
2026-01,1184,Chole n Kulche Combo,21.529797
2026-01,1185,Mix Veg Curry n Roti Combo,21.523064
2026-01,1186,Egg Curry n Plain Rice Combo,21.518295
2026-01,1187,Chicken Non Veg Maurya Ghar Ki Thali,21.518219
2026-01,1188,Sambhar Idli Vada Combo,21.518219
2026-01,1189,Rajma Chawal Combo,21.518219
2026-01,1190,Poori n Korma Combo,21.518219
2026-01,1191,Kadhai Spl Thali,21.518219
2026-01,1192,Poori Set,21.518219
2026-01,1193,Veg Row Spl Thali,21.518219
2026-01,1194,Janta Thali,21.518219
2026-01,1195,Spl Thali,21.518219
2026-01,1196,Veg Classic Thali,21.518219
2026-01,1197,King Size Amritsari Thali,21.518219
2026-01,1198,Kanda Poha,21.518219
2026-01,1199,Veg Mahakali Spl Thali,21.518219
2026-01,1200,Chicken Dum Biryani (serves 1 (1 Leg + Egg),21.518219
2026-01,1201,Hyderabadi Chicken Biryani (Small),21.518219
2026-01,1202,Veg Sadhi Thali,21.518219
2026-01,1203,Traditional Maharaja Thali,21.518219
2026-01,1204,Kadhai Paneer with Roti Combo,21.518219
2026-01,1205,Plain Dosa n Vada Combo,21.518219
2026-01,1206,Chicken Dum Biryani with Gravy,21.518219
2026-01,1207,Plain Chapati n Veg Kurma Combo,21.518219
2026-01,1208,Paneer Pizza (Small),21.518219
2026-01,1209,Hyderabadi Non-Veg Biryani,21.518219
2026-01,1210,Chicken Fry Biryani (Full),21.518219
2026-01,1211,Chilli Paneer N Fried Rice Combo,21.333591
2026-01,1212,Veg Manchurian (Half),21.32629
2026-01,1213,Aloo Tamatar,21.32629
2026-01,1214,Paneer Punjabi,21.32629
2026-01,1215,Veg Crispy Corn,21.32629
2026-01,1216,Oreo Milk Shake,21.23938
2026-01,1217,Kerala Parotta,21.216902
2026-01,1218,Chole Rice Combo,21.024485
2026-01,1219,Chicken Crispy,21.006733
2026-01,1220,Jeera Rice with Dal Fry Combo,20.942215
2026-01,1221,Aloo Pyaaz Paratha with Curd Combo,20.930637
2026-01,1222,Chole Bhature Cobmo,20.930637
2026-01,1223,Aloo Kulcha with Chole Combo,20.930637
2026-01,1224,Jam Bread Butter,20.930637
2026-01,1225,Mushroom Thali,20.930637
2026-01,1226,Rasmalai (2pc),20.930637
2026-01,1227,Aloo Curry n Poori Combo,20.930637
2026-01,1228,Special Veg Thali,20.919605
2026-01,1229,Spl Fish Thali,20.919605
2026-01,1230,Egg Biryani with Raita Combo,20.918205
2026-01,1231,Paneer Lababdar N Roti Combo,20.908028
2026-01,1232,Veg Spl Meals,20.908028
2026-01,1233,Veg Grand Thali,20.908028
2026-01,1234,Sahi Special Thali,20.908028
2026-01,1235,Veg Biryani N Raita With Gravy Combo,20.908028
2026-01,1236,Tandoori Laccha Butter Paratha,20.908028
2026-01,1237,Kadhai Paneer Roti Combo,20.908028
2026-01,1238,Mini Non Veg Thali,20.908028
2026-01,1239,Spl Veg Deluxe Thali,20.908028
2026-01,1240,Pav Bhaji n Pulao Combo,20.908028
2026-01,1241,Veg Rajasthani Mini Thali,20.908028
2026-01,1242,Pav BhajI Thali,20.908028
2026-01,1243,Onion Pesarattu,20.782396
2026-01,1244,Butter Chicken Masala,20.776533
2026-01,1245,Kit Kat Milk Shake,20.776533
2026-01,1246,Paneer Kaju Masala,20.776533
2026-01,1247,Veg Manchurian N Fried Rice Combo,20.74682
2026-01,1248,Chicken Curry Thali,20.74682
2026-01,1249,Salad,20.74682
2026-01,1250,Paneer Pasanda,20.71686
2026-01,1251,Cheese Naan,20.71686
2026-01,1252,Chicken Biryani (5 Plates),20.71686
2026-01,1253,Chicken Dum Biryani with Raita,20.68572
2026-01,1254,Chicken n Rice Combo,20.67992
2026-01,1255,Tawa Missi Roti,20.637306
2026-01,1256,Veg Gajab Chole Poori Thali ,20.625729
2026-01,1257,Dal Bafla Thali,20.625729
2026-01,1258,Vaishno Veg Thali,20.625729
2026-01,1259,Butter Aloo Paratha Combo,20.625729
2026-01,1260,Chilli Parotta,20.395727
2026-01,1261,Veg Fried RIce,20.388388
2026-01,1262,Double Egg Thali,20.388388
2026-01,1263,Paneer Paratha with Curd Combo,20.34689
2026-01,1264,Single Chapati,20.199265
2026-01,1265,Rajma Chawal,20.17767
2026-01,1266,Surti Khaman with Sev (Half),20.049725
2026-01,1267,Masala Cheese Sandwich,20.038147
2026-01,1268,Butter Chicken with Chapati Combo,20.038147
2026-01,1269,Chicken Lollipop Dry,20.00894
2026-01,1270,Chicken Fried Momos,19.837297
2026-01,1271,Veg Dum Biryani (Full),19.837297
2026-01,1272,Onion Dosa n Podi Dosa Combo,19.837297
2026-01,1273,Poori n Aloo Curry Combo,19.837297
2026-01,1274,Spl Surti Locho (Butter) with Chutney,19.837297
2026-01,1275,Egg Bhurji n Chapati Combo,19.837297
2026-01,1276,Veg Biryani with Curd Combo,19.837297
2026-01,1277,Chicken Standard Thali,19.837297
2026-01,1278,Curd Rice n Poriyal Combo,19.82572
2026-01,1279,Roti n Sabji Combo,19.82572
2026-01,1280,Veg Itarsi Spl Thali,19.82572
2026-01,1281,Paneer Paratha n Raita Combo,19.82572
2026-01,1282,Veg Kanha Spl Thali,19.82572
2026-01,1283,Veg Mahakali Deluxe Thali,19.82572
2026-01,1284,Butter Pav,19.82572
2026-01,1285,Aloo Paratha Butter,19.82572
2026-01,1286,Abhinandan Jain Deluxe Thali,19.82572
2026-01,1287,Vada with Chutney,19.82572
2026-01,1288,Paneer Butter Masala n Phulka Roti Combo,19.82572
2026-01,1289,Butter Masala Khichdi,19.82572
2026-01,1290,Rajma n Rice Combo (Half),19.82572
2026-01,1291,Veg Trevel Mini Thali,19.82572
2026-01,1292,Veg Biryani n Onion Raita Combo,19.82572
2026-01,1293,Malabar Chicken Biryani,19.82572
2026-01,1294,Dawat Spl Chicken Dum Biryani,19.82572
2026-01,1295,Jowar Roti,19.82572
2026-01,1296,Chicken Dum Boneless Biryani Thali,19.82572
2026-01,1297,Zayanka Veg Spl Thali,19.82572
2026-01,1298,Standard Veg Thali,19.82572
2026-01,1299,Vegetable Paratha,19.82572
2026-01,1300,Rohu Fish Mini Thali,19.82572
2026-01,1301,Shahi Pulav,19.82572
2026-01,1302,Extra Butter Pav,19.82572
2026-01,1303,Samhbar Idli,19.82572
2026-01,1304,Andhra Chicken Biryani,19.82572
2026-01,1305,Spl Thali Meals (serves 1),19.82572
2026-01,1306,Chicken Biryani with Gravy,19.82572
2026-01,1307,Dal Fry Jeera Rice Combo,19.82572
2026-01,1308,Veg Fry Biryani,19.82572
2026-01,1309,Plain Bombay Veg Cheese Sandwich,19.82572
2026-01,1310,Veg Biryani (Single),19.82572
2026-01,1311,Breakfast Combo (Jain),19.82572
2026-01,1312,Coke Zero 330 ml Can,19.820919
2026-01,1313,Shahi Paneer N Roti Combo,19.820919
2026-01,1314,Classic Rajma Mini Rice Bowl,19.766727
2026-01,1315,Laccha Paratha,19.553673
2026-01,1316,Jain Spl Mini Thali,19.542095
2026-01,1317,Egg Masala n Roti Combo,19.460094
2026-01,1318,Raita,19.460094
2026-01,1319,Chicken Maharaja Thali,19.460094
2026-01,1320,Chole Masala n Rice Combo,19.460094
2026-01,1321,Paneer Butter Masala n Rice Combo,19.400433
2026-01,1322,Kadhai Paneer n Lachcha Paratha Combo,19.357048
2026-01,1323,Aloo Paratha Thali,19.344172
2026-01,1324,Chicken Momos,19.28518
2026-01,1325,Handi Chicken,19.28518
2026-01,1326,Plain Veg Maggi,19.28518
2026-01,1327,Sev Tamatar (Half),19.28518
2026-01,1328,Mushroom Butter Masala,19.28518
2026-01,1329,Sattu Paratha,19.28518
2026-01,1330,Gobhi Noodles,19.257713
2026-01,1331,Poori Bhaji Combo,19.251745
2026-01,1332,Veg Executive Roti Thali,18.944807
2026-01,1333,Dal Masala Khichdi,18.944807
2026-01,1334,Single Poori,18.944807
2026-01,1335,Spl Surti Locho (Oil) with Chutney,18.944807
2026-01,1336,Aloo Paratha with Raita Combo,18.944807
2026-01,1337,Chakki Atta Tawa Butter Roti,18.93323
2026-01,1338,Chicken Dum Biryani Combo,18.93323
2026-01,1339,Veg Mini Roti Thali,18.93323
2026-01,1340,Butter Dal Tadka with Roti Combo,18.93323
2026-01,1341,Veg Classic South Indian Morning Trio Jain Style,18.93323
2026-01,1342,Veg Pualo,18.93323
2026-01,1343,Kadhai Paneer N Butter Roti (4) Combo,18.93323
2026-01,1344,Rumali Butter Roti,18.93323
2026-01,1345,Veg Pandeyji Spl Thali,18.93323
2026-01,1346,Veg Vrundawan Thali,18.93323
2026-01,1347,Veg Korma n Parotta Combo,18.93323
2026-01,1348,Chilli Chicken n Rice Combo,18.877907
2026-01,1349,Cheese Paratha,18.754017
2026-01,1350,Stuffed Naan,18.754017
2026-01,1351,Plain Aloo Paratha,18.728811
2026-01,1352,Shakahari Mini Thali,18.728811
2026-01,1353,Jain Tandoori Aloo Paratha,18.728811
2026-01,1354,Tawa Ghee Roti,18.728811
2026-01,1355,Chicken Popcorn,18.659359
2026-01,1356,Dal Kolhapuri,18.587488
2026-01,1357,Stuffed Kulcha,18.587488
2026-01,1358,Green Peas Pulao,18.587488
2026-01,1359,Veg Kathiyawadi Thali,18.519444
2026-01,1360,Spl Onion Dosa,18.507866
2026-01,1361,Jain Veg Pulao,18.500519
2026-01,1362,Chach,18.494448
2026-01,1363,Veg Breakfast,18.464144
2026-01,1364,Chicken Fried Rice N Chilli Chicken Combo,18.441526
2026-01,1365,Masala Fries,18.359255
2026-01,1366,Veg Spl Tandoori Thali,18.278748
2026-01,1367,Chicken Biryani With Raita Combo,18.229025
2026-01,1368,Ghee Podi Idli,18.229025
2026-01,1369,Egg Curry with Roti Combo,18.225964
2026-01,1370,Veg Cheese Corn Pizza,18.225964
2026-01,1371,Chicken Biryani Bowl + Thums Up Combo,18.007328
2026-01,1372,Chicken Strips Chipotle Wrap,18.007328
2026-01,1373,Paneer Masala N Roti Combo,17.962877
2026-01,1374,Paneer Pulao (Half),17.743837
2026-01,1375,Punjabi Paneer,17.661566
2026-01,1376,Jain Rice n Dal Combo,17.661566
2026-01,1377,Kaju Paneer Fried Rice,17.658081
2026-01,1378,Sweet (2pc),17.658081
2026-01,1379,Aloo Pyaz Paratha N Curd Combo,17.658081
2026-01,1380,Bread Butter Toast,17.658081
2026-01,1381,Veg Mini Idli Tiffin,17.646503
2026-01,1382,Dal Khichdi n Raita/Curd Combo,17.646503
2026-01,1383,Veg Biryani N Raita,17.646503
2026-01,1384,Mini Sambhar Idli,17.646503
2026-01,1385,Chicken Dum Biryani with Egg Combo,17.646503
2026-01,1386,Veg Hungerout Spl Thali,17.646503
2026-01,1387,Chicken Masala n Chapati Combo,17.646503
2026-01,1388,Chapati Meals Combo,17.646503
2026-01,1389,Roomali Roti,17.646503
2026-01,1390,Non Veg Korma n Chapati Combo,17.646503
2026-01,1391,Chicken Fry Biryani with Gravy,17.646503
2026-01,1392,Seasonal Veg With Roti Combo,17.646503
2026-01,1393,Appam,17.646503
2026-01,1394,Rawa Dosa,17.608028
2026-01,1395,Coca Cola Bottle (475 mL),17.563704
2026-01,1396,Chilli Chicken Gravy,17.525778
2026-01,1397,Veg Maharaja Mini Thali,17.525757
2026-01,1398,Veg Masala Dosa,17.506258
2026-01,1399,Mini Deluxe Thali,17.49468
2026-01,1400,Chilli Paneer (Full),17.45264
2026-01,1401,Tomato Soup,17.45264
2026-01,1402,Stuff Paratha,17.385374
2026-01,1403,Dal Fry (half),17.333473
2026-01,1404,Idli Vada Sambar Combo,17.173828
2026-01,1405,Veg Musafir Special Thali,17.173828
2026-01,1406,Tawa Roti With Butter,17.173828
2026-01,1407,Veg Mani Spl Thali,17.173828
2026-01,1408,Gobhi Tawa Paratha with Curd Combo,17.173828
2026-01,1409,Khatta Dhokla (Kathiyawadi),17.173828
2026-01,1410,Stuffed Paratha,17.167315
2026-01,1411,Chicken Korma,17.12938
2026-01,1412,Tawa Aloo Pyaz Paratha N Curd Combo,17.12938
2026-01,1413,Chicken Manchurian n Fried Rice Combo,17.12938
2026-01,1414,Cheese Corn Pizza,17.12938
2026-01,1415,Veg Pulao With Raita Combo,17.12938
2026-01,1416,Onion Rava Dosa,17.103544
2026-01,1417,Khaman,17.07203
2026-01,1418,Dal Fry (full),17.070383
2026-01,1419,Chana n Rice Combo,17.03695
2026-01,1420,Boondi Raita (Half),16.840456
2026-01,1421,Veg Fried Noodles,16.840456
2026-01,1422,Veg Spl Chana Masala Thali,16.815365
2026-01,1423,Garlic Bread,16.790094
2026-01,1424,Ghee Paratha,16.765589
2026-01,1425,Ghee Sambhar Rice,16.765589
2026-01,1426,Dal Tadka n Butter Tawa Roti Combo,16.754011
2026-01,1427,Paneer Kaju Pulao,16.754011
2026-01,1428,Poori n Veg Kurma Combo,16.754011
2026-01,1429,Litti Chokha,16.754011
2026-01,1430,Classic Margherita Pizza,16.754011
2026-01,1431,Veg Mini Punjabi Thali,16.754011
2026-01,1432,Plain Pav,16.754011
2026-01,1433,Chicken Dum Biryani (1 Person),16.754011
2026-01,1434,Paneer Curry N Rice Combo,16.7262
2026-01,1435,Fish Curry N Rice Combo,16.7262
2026-01,1436,Veg Biryani (full),16.7262
2026-01,1437,Mixed Veg Curry,16.7262
2026-01,1438,Paneer n Rice Combo,16.69229
2026-01,1439,Desi Dal Fry N Rice Combo,16.488506
2026-01,1440,Dal Double Tadka,16.423956
2026-01,1441,Chana Masala N Roti Combo,16.423956
2026-01,1442,Plain Kulcha,16.423956
2026-01,1443,Mix Veg Biryani,16.412378
2026-01,1444,Spl Veg Sabji Thali,16.412378
2026-01,1445,Onion Omelette,16.412378
2026-01,1446,Lassi Sweet,16.409681
2026-01,1447,Butter Tawa Chapati,16.409681
2026-01,1448,Pyaz Paratha n Curd Combo,16.406643
2026-01,1449,Ghee Idli,16.406643
2026-01,1450,Poori n Bhaji Combo,16.406643
2026-01,1451,Veg Maratha Thali,16.398104
2026-01,1452,Spl Butter Roti,16.398104
2026-01,1453,Plate Chapati,16.398104
2026-01,1454,Abhinandan Mini Veg Thali,16.398104
2026-01,1455,Veg Gujarati Mini Thali,16.398104
2026-01,1456,Veg Student Thali,16.398104
2026-01,1457,Ghee Tandoori Roti,16.398104
2026-01,1458,Tawa Aloo Pyaaz Paratha N Curd Combo (2),16.398104
2026-01,1459,Chicken Seekh Kabab,16.367735
2026-01,1460,Margherita Pizza (Medium),16.367735
2026-01,1461,Pav Bhaji Combo,16.364965
2026-01,1462,Veg Sweet Corn Pizza,16.323671
2026-01,1463,Jain Dal Makhani,16.285728
2026-01,1464,Veg Manchurian Noodles Combo,16.23689
2026-01,1465,Idli n Sambhar,16.23689
2026-01,1466,Chicken Grilled Sandwich,16.23689
2026-01,1467,Paneer Veg n Naan Combo,16.23689
2026-01,1468,Chicken Curry (Bone),16.203455
2026-01,1469,Butter Scotch Shake,16.048178
2026-01,1470,Chilli Paneer N Veg Noodles Combo,16.040876
2026-01,1471,Garlic Chicken,16.040876
2026-01,1472,Veg Garlic Noodles,16.040876
2026-01,1473,Coffee,16.006966
2026-01,1474,Sambhar n Rice Combo,15.978696
2026-01,1475,Veg Mini Thali ,15.967118
2026-01,1476,Rasam Rice,15.89271
2026-01,1477,Dal Makhani (Full),15.89271
2026-01,1478,Egg Rice,15.848636
2026-01,1479,Veg Mushroom Pizza,15.848636
2026-01,1480,Kadhai Paneer (full),15.782033
2026-01,1481,Chicken Wings Biryani,15.766362
2026-01,1482,Mango Lassi,15.72132
2026-01,1483,Paneer Masala n Rice Combo,15.72132
2026-01,1484,Veg Capsicum Pizza,15.664498
2026-01,1485,Paneer Hyderabadi,15.664498
2026-01,1486,Poori N Veg Kurma Combo,15.554446
2026-01,1487,Chole Poori with Chana Masala Combo,15.519889
2026-01,1488,Veg Noodles (Half),15.519487
2026-01,1489,Aloo Patty Chipotle Burger Wrap,15.469653
2026-01,1490,Rajasthani Thali,15.393241
2026-01,1491,Dal Handi,15.393141
2026-01,1492,Mix Veg Fried Rice,15.344942
2026-01,1493,Jain Maharaja Punjabi Mini Thali,15.327374
2026-01,1494,Paneer Veg Combo,15.327374
2026-01,1495,Tandoori Aloo Paratha,15.327374
2026-01,1496,Basmati Rice,15.327374
2026-01,1497,Dal Tadka (half),15.327374
2026-01,1498,Idli Set,15.315795
2026-01,1499,Kalinga Tribe Chicken Biryani,15.315795
2026-01,1500,Paneer Mini Thali,15.315795
2026-01,1501,Spl Premium Thali,15.315795
2026-01,1502,Shri Nath Ji Spl Thali,15.315795
2026-01,1503,Veg Dum Biryani Mini @ 99 Each (2 Nos) (without Raita),15.315795
2026-01,1504,Chapati with Sabji Combo,15.315795
2026-01,1505,Chicken Kasha n Plain Rice Combo,15.315795
2026-01,1506,Chicken Gravy n Chapati Combo,15.315795
2026-01,1507,Idli (2pc) n Vada(1pc),15.315795
2026-01,1508,Bolied Egg,15.315795
2026-01,1509,Veg Mini Ghar Ki Thali,15.315795
2026-01,1510,5 Star Veg Adda Thali,15.315795
2026-01,1511,Aloo Paratha (2) with Curd Combo,15.315795
2026-01,1512,Veg Andhra Thali,15.315795
2026-01,1513,Dal Makhani n Naan Combo,15.315795
2026-01,1514,Aloo Paratha n Sabji Combo,15.315795
2026-01,1515,Appam with Chicken Roast Combo,15.315795
2026-01,1516,Chana Masala wit Chapati Combo,15.315795
2026-01,1517,Hyderabadi Dum Chicken Biryani (Full),15.315795
2026-01,1518,Plain Dal n Rice Combo (Full),15.315795
2026-01,1519,Chilli Paneer with Fried Rice Combo,15.315795
2026-01,1520,Tawa Gheee Roti,15.315795
2026-01,1521,Veg Panjabi Thali,15.315795
2026-01,1522,Thums Up Can (330 mL),15.310994
2026-01,1523,Garlic Bread Sticks,15.310967
2026-01,1524,Plain Paratha n Curd Combo,15.306033
2026-01,1525,Onion Capsicum Pizza,15.306033
2026-01,1526,Chicken Curry n Plain Rice Combo,15.306033
2026-01,1527,Mushroom Curry n Roti Combo,15.268092
2026-01,1528,Aloo Methi,15.229615
2026-01,1529,Egg Do Pyaza,15.19993
2026-01,1530,Plain Palak,15.19993
2026-01,1531,Chilli Baby Corn,15.19993
2026-01,1532,Roti N Kadhai Chicken Combo,14.99462
2026-01,1533,Veg Biryani n Curd/Raita Combo,14.99462
2026-01,1534,Hyderabadi Chicken Dum Biryani Boneless (serves 1 (3 Pcs)),14.99462
2026-01,1535,Veg Combo 7,14.99462
2026-01,1536,Non Veg Chinese Combo,14.99462
2026-01,1537,Margherita Pizza (Large),14.986477
2026-01,1538,Kadhai Chicken (Qtr),14.979174
2026-01,1539,Matar Pulao (Half),14.979174
2026-01,1540,Paneer Butter Masala (half),14.948535
2026-01,1541,Mutter Paneer,14.921351
2026-01,1542,Chaas,14.921351
2026-01,1543,Podi Dosa,14.8309965
2026-01,1544,Dal,14.8309965
2026-01,1545,Chicken Fried Noodles,14.8309965
2026-01,1546,Mushroom Curry n Phulka Combo,14.685987
2026-01,1547,Aloo Matar (Half),14.659617
2026-01,1548,Stuff Naan,14.659617
2026-01,1549,Chilli Paneer n Veg Fried Rice n Lachcha Paratha Combo,14.636155
2026-01,1550,Ghee Masala Pongal,14.636155
2026-01,1551,Jain Shahi Paneer n Butter Roti Combo,14.6256695
2026-01,1552,Chana Masala (Full),14.537384
2026-01,1553,Black Forest Pastry,14.537384
2026-01,1554,Veg Punjabi Thali (5 Plates),14.537384
2026-01,1555,Veg White Sauce Pasta,14.537384
2026-01,1556,Methi Malai Matar,14.537384
2026-01,1557,Rajma Masala,14.537384
2026-01,1558,Vanilla Shake,14.537384
2026-01,1559,Egg Paratha,14.537384
2026-01,1560,Palak Paneer (Full),14.537384
2026-01,1561,Veg Spl Mini Tiffin,14.536809
2026-01,1562,Veg Simpal Thali,14.536809
2026-01,1563,Veg Janta Thali,14.536809
2026-01,1564,Veg Standard Thali with Hot Box,14.536809
2026-01,1565,Jain Aloo Paratha n Plain Curd Combo,14.536809
2026-01,1566,Aloo Paratha n Chole Combo,14.483718
2026-01,1567,Kadhai Chicken N Roti Combo,14.477496
2026-01,1568,Veg Large Thali,14.472138
2026-01,1569,Hyderabadi Dum Chicken Biryani (full),14.472138
2026-01,1570,Kurma n Chapati Combo,14.472138
2026-01,1571,Chilli Paneer with Veg Fried Rice Combo,14.472138
2026-01,1572,Masala Rice (Half),14.472138
2026-01,1573,Veg Spl Party Thali,14.472138
2026-01,1574,Masala Paneer Tikka Wrap + Lemon Soda,14.465726
2026-01,1575,Watermelon Juice,14.457775
2026-01,1576,Fish Curry n Roti Combo,14.457775
2026-01,1577,Paratha,14.434878
2026-01,1578,Chicken Premium Thali,14.434878
2026-01,1579,Paneer Fried Rice (Half),14.434878
2026-01,1580,Paneer Sabji n Roti Combo,14.434878
2026-01,1581,Veg Biryani Rice Single,14.423299
2026-01,1582,Uttapam n Idli Combo,14.423299
2026-01,1583,Kadhi n Khichdi Combo,14.423299
2026-01,1584,Normal Thali,14.423299
2026-01,1585,Spl Onion Masala Dosa,14.423299
2026-01,1586,Methi Paratha n Curd Combo,14.423299
2026-01,1587,Veg Thali 1,14.423299
2026-01,1588,Veg Patient Spl Thali,14.423299
2026-01,1589,Mutton Biryani (Qtr),14.423299
2026-01,1590,Chicken Mandi (1 Person),14.423299
2026-01,1591,Veg Gujarati Deluxe Thali,14.423299
2026-01,1592,Chicken Masala Combo,14.423299
2026-01,1593,Veg Badshahi Biryani n Raita Combo,14.423299
2026-01,1594,Sabri Mini Meal ,14.423299
2026-01,1595,Butter Dal Fry with Roti Combo,14.423299
2026-01,1596,Veg Mini Tiffin Combo,14.423299
2026-01,1597,Spl Veg Chinese Thali,14.423299
2026-01,1598,Hyderabadi Chicken Biryani (1pc),14.423299
2026-01,1599,Chicken Biryani n Curry/Raita Combo,14.423299
2026-01,1600,Plain Dosa n Idli Combo,14.423299
2026-01,1601,Veg Rajasthani Marwadi Thali,14.423299
2026-01,1602,Dal Khichdi n Curd/Raita Combo,14.423299
2026-01,1603,Veg Raj Bhog Thali,14.423299
2026-01,1604,Veg Shatvik Thali,14.423299
2026-01,1605,Plain Omelete,14.423299
2026-01,1606,Full Meal Thali (Serves 2),14.423299
2026-01,1607,Mix Veg Mini Thali,14.423299
2026-01,1608,Onion Tawa Paratha,14.423299
2026-01,1609,Rasgulla (2),14.423299
2026-01,1610,Veg Vaishnav Thali,14.423299
2026-01,1611,Onion Rawa Dosa,14.423299
2026-01,1612,Idli Sambhar Combo,14.423299
2026-01,1613,Chicken Dum Biryani (Regular) n Raita Combo,14.423299
2026-01,1614,Chilli Chicken n Chicken Fried Combo,14.423299
2026-01,1615,Tawa Roti with Ghee,14.423299
2026-01,1616,Double Omelette n Chapati Combo,14.423299
2026-01,1617,Egg Non Veg Maurya Ghar Ki Thali,14.423299
2026-01,1618,Jain Simple Deluxe Thali,14.423299
2026-01,1619,Veg Permium Thali,14.423299
2026-01,1620,Malabar Parotta,14.423299
2026-01,1621,Paneer Butter Masala Plain Rice Combo,14.423299
2026-01,1622,Chicken Biryani (Serve For 1),14.423299
2026-01,1623,Jeera Raita,14.389865
2026-01,1624,Veg North indian Thali,14.389865
2026-01,1625,Parotta with Chicken Korma Combo,14.389865
2026-01,1626,Parotta n Veg Curry Combo,14.389865
2026-01,1627,Amritsari Kulcha Combo,14.389865
2026-01,1628,Chicken Curry n Chapati Combo,14.375602
2026-01,1629,Paneer Tikka Masala (Half),14.375602
2026-01,1630,Veg Fried Rice n Roti Combo,14.375602
2026-01,1631,Jain Paneer Veg n Butter Roti Combo,14.309296
2026-01,1632,Aloo Tikka Burger,14.228831
2026-01,1633,Gajar Halwa (80 gm),14.150446
2026-01,1634,Jain Veg Biryani,14.145672
2026-01,1635,Jeera Masala Soda (350 mL),14.138219
2026-01,1636,Cheesy Garlic Bread..,13.888825
2026-01,1637,Chicken Biryani with Raita,13.87964
2026-01,1638,Chicken Biryani n Raita Combo (Full),13.87964
2026-01,1639,Potato Wedges,13.83315
2026-01,1640,Jeera Aloo (Half),13.826116
2026-01,1641,Veg Delux Thali,13.799475
2026-01,1642,Paneer Toofani,13.79523
2026-01,1643,Chicken Malai Tikka,13.79523
2026-01,1644,Chicken Kassa,13.79523
2026-01,1645,Fried Chicken Burger,13.79523
2026-01,1646,Veg Cheese Pulao,13.787895
2026-01,1647,Veg Spl South Indian Thali,13.760488
2026-01,1648,Veg Khichdi,13.760488
2026-01,1649,Chicken Fried Rice (Qtr),13.760488
2026-01,1650,Hot Milk (200ml),13.760488
2026-01,1651,Veg Hamaraja Thali,13.760488
2026-01,1652,Veg Dinner Combo 1,13.703885
2026-01,1653,Idli N Vada Sambhar Combo,13.657332
2026-01,1654,Chilli Mushroom Dry,13.624275
2026-01,1655,Egg Curry Rice Combo,13.591229
2026-01,1656,Veg Rice Thali,13.57965
2026-01,1657,Chicken Fry Biryani (1 Person),13.57965
2026-01,1658,Amul Butter Tawa Roti,13.57965
2026-01,1659,Jain Veg Mini Thali,13.57965
2026-01,1660,Kadhai Paneer n Pulka Combo,13.57965
2026-01,1661,Pure Jain Spl Mini Thali,13.57965
2026-01,1662,Dal Tadka N Rice Combo,13.551572
2026-01,1663,Veg Momos,13.551572
2026-01,1664,Moong Dal Halwa (100 gm),13.54194
2026-01,1665,Spicy Indie Chatpata Aloo Wrap,13.53036
2026-01,1666,Masala Lemonade (200 mL),13.513593
2026-01,1667,Poha (Jain),13.497376
2026-01,1668,Jain Sev Tamatar,13.497376
2026-01,1669,Annapurna Veg Spl Combo,13.497376
2026-01,1670,Tiwariji's Spl Thali,13.497376
2026-01,1671,Veg Triple Schezwan Rice,13.475673
2026-01,1672,Kadhai Chicken (Full),13.475673
2026-01,1673,Veg Manchurian (Full),13.475673
2026-01,1674,Aloo Masala,13.475673
2026-01,1675,Cheese Butter Masala,13.475673
2026-01,1676,Veg Lemon Coriander Soup,13.475673
2026-01,1677,Baby Corn 65,13.475673
2026-01,1678,Dal N Jeera Rice Combo,13.475673
2026-01,1679,Aloo Matar (Full),13.475673
2026-01,1680,Egg Sandwich,13.475673
2026-01,1681,Tandoori Chicken (Full),13.475673
2026-01,1682,Paneer Tikka Roll,13.475673
2026-01,1683,Chilli Egg,13.475673
2026-01,1684,Chicken Dum Biryani (full),13.466079
2026-01,1685,Veg Plain Biryani,13.466079
2026-01,1686,Margherita Pizza (Giant Slice),13.466079
2026-01,1687,Paneer Veg Biryani,13.454499
2026-01,1688,Ghee Pongal Vada,13.454499
2026-01,1689,Deluxe Regular Thali,13.454499
2026-01,1690,Veg Matar Paneer Thali,13.454499
2026-01,1691,Veg Shahi Paneer Combo Thali,13.454499
2026-01,1692,Veg Paneer Dum Biryani (Half),13.454499
2026-01,1693,Plain Pulka,13.454499
2026-01,1694,Chicken Shawarma Burger,13.454499
2026-01,1695,Mini Egg Thali,13.454499
2026-01,1696,Dal Khichdi Rice Bowl,13.454499
2026-01,1697,Dal Fry (yellow),13.454499
2026-01,1698,Paneer Kadhai,13.454499
2026-01,1699,Gujarati Food Pack,13.454499
2026-01,1700,Veg Naan Thali,13.454499
2026-01,1701,Veg Amritsari Kulcha Thali,13.454499
2026-01,1702,Premium Thali,13.454499
2026-01,1703,Shahi Paneer (half),13.449704
2026-01,1704,Idli Vada Mix,13.413602
2026-01,1705,Chicken Masala (Qtr),13.402022
2026-01,1706,Jowar Kadak Roti,13.402022
2026-01,1707,Single Idli,13.402022
2026-01,1708,Kashmiri Dum Aloo,13.304718
2026-01,1709,Aloo Matar Gravy,13.304718
2026-01,1710,Aloo Jeera (Half),13.304718
2026-01,1711,Egg Tadka,13.1465225
2026-01,1712,Rajgira Halwa (80 gm),13.138938
2026-01,1713,Chicken Meals,13.134943
2026-01,1714,Dal Roti,13.134943
2026-01,1715,Avadh Spl Veg Thali,13.075163
2026-01,1716,Egg Meals,13.014846
2026-01,1717,Paneer Manchurian Dry,13.014846
2026-01,1718,Kadhi Khichdi,12.961728
2026-01,1719,Chicken Cheese Sandwich,12.948521
2026-01,1720,Dal Roti Combo,12.948521
2026-01,1721,Premium Maharaja Thali,12.797331
2026-01,1722,Veg Paneer Dum Biryani (half),12.797331
2026-01,1723,Plain Dal n Rice Combo (Half),12.797331
2026-01,1724,Veg Rajwadi Thali,12.797331
2026-01,1725,Spl Non Veg Premium Thali,12.797331
2026-01,1726,Hot Tea,12.797331
2026-01,1727,Gulab Jamun (4pc),12.797331
2026-01,1728,Chole Chawal Combo,12.797331
2026-01,1729,Paneer Rice,12.797331
2026-01,1730,Paneer Curry n Paratha Combo,12.797331
2026-01,1731,Mix Veg n Roti Box,12.797331
2026-01,1732,Corn Masala Mini Rice Bowl,12.682102
2026-01,1733,Pack of 4 Non Veg Cheesy Pizza Mania,12.682102
2026-01,1734,Spl Veg Meals,12.675485
2026-01,1735,Chole N Poori Combo,12.675485
2026-01,1736,Chilli Paneer N Noodles Combo,12.675485
2026-01,1737,Veg Hotel Spl Thali,12.675485
2026-01,1738,Aloo Gobhi Paratha,12.675485
2026-01,1739,Tawa Aloo Paratha n Curd Combo,12.675485
2026-01,1740,Veg Manchurian N Noodles Combo,12.675485
2026-01,1741,Veg Single Meals,12.663905
2026-01,1742,Spl Veg Jain Thali,12.663905
2026-01,1743,Chicken Spl Deluxe Thali,12.663905
2026-01,1744,Jain Kamat Punjabi Excutive Thali,12.663905
2026-01,1745,Idli Sambhar ,12.663905
2026-01,1746,Egg Curry (2pc),12.663905
2026-01,1747,Masala Dosa n Sambhar Combo,12.663905
2026-01,1748,Veg Deluxe Thali with Mix Veg,12.663905
2026-01,1749,Train Veg Maharaja Thali,12.663905
2026-01,1750,Fish Biryani,12.663905
2026-01,1751,White Dhokla (Jain),12.663905
2026-01,1752,Aloo Paratha Curd Combo,12.663905
2026-01,1753,Tandoori Aloo Parahta,12.663905
2026-01,1754,Kofta Curry Combo,12.663905
2026-01,1755,Jain Pizza,12.663905
2026-01,1756,Mix Veg n Butter Tawa Roti Combo,12.663905
2026-01,1757,Veg Classic South Indian Morning Trio,12.663905
2026-01,1758,Aloo Pyaz n Bajra Roti Combo,12.663905
2026-01,1759,Kadhai Paneer Mini Thali,12.663905
2026-01,1760,Chole n Rice Combo (Half),12.663905
2026-01,1761,Chicken Curry Roti Combo,12.663905
2026-01,1762,Dal Rice Khichdi,12.663905
2026-01,1763,Zoop Special Thali,12.663905
2026-01,1764,Kadhai Paneer with Chapati Combo,12.663905
2026-01,1765,Gulab jamun,12.663905
2026-01,1766,Dal Makhani Mini Rice Bowl,12.653752
2026-01,1767,Veg Tiffin Combo 5,12.642172
2026-01,1768,Chicken Wings,12.642172
2026-01,1769,Butter Chicken n Phulka Combo,12.642172
2026-01,1770,Butter Chicken (Full),12.642172
2026-01,1771,Veg Chinese Bhel,12.642172
2026-01,1772,Egg Bhurji (Half),12.642172
2026-01,1773,Handi Chicken (Half),12.642172
2026-01,1774,Plain Rice n Dal Combo,12.642172
2026-01,1775,Veg Cheese Chutney Sandwich,12.642172
2026-01,1776,Chilli Paneer (Gravy),12.642172
2026-01,1777,Chilli Paneer Dry (Half),12.642172
2026-01,1778,Cheese Dip,12.616206
2026-01,1779,Badam Shake,12.616206
2026-01,1780,Schezwan Chicken Fried Rice,12.616206
2026-01,1781,Kaju Biryani,12.616206
2026-01,1782,Onion Roast Dosa,12.616206
2026-01,1783,Orange Juice,12.616206
2026-01,1784,Matar Paneer n Butter Tawa Roti Combo,12.616206
2026-01,1785,Punjabi Chicken,12.608226
2026-01,1786,Plain Rava Dosa,12.57359
2026-01,1787,Chilli Chicken Fried Rice,12.57359
2026-01,1788,Onion Pizza (Regular),12.57359
2026-01,1789,Paneer Biryani (Half),12.57359
2026-01,1790,Chicken Biryani Thali,12.571479
2026-01,1791,Veg Margherita Pizza,12.565344
2026-01,1792,Paneer Lababdar n Roti Combo,12.562011
2026-01,1793,Jain Spl Thali ( Without Onion & Garlic ),12.562011
2026-01,1794,Veg Mini Rice Thali,12.562011
2026-01,1795,Handi Chicken n Butter Chapati Combo,12.562011
2026-01,1796,Mutton Mini Thali,12.562011
2026-01,1797,Chicken Dum Biryani n Chicken 65 Combo,12.562011
2026-01,1798,Pongal Rice,12.562011
2026-01,1799,Plain Rice N Curd Combo,12.562011
2026-01,1800,Veg Handi Biryani n Mix Raita Combo,12.562011
2026-01,1801,Dal Fry n Jeera Rice Meal,12.562011
2026-01,1802,Vada (1pc),12.562011
2026-01,1803,Non Veg Spicy Shawarma,12.562011
2026-01,1804,Veg Tadka Mini Thali,12.562011
2026-01,1805,Chana Combo,12.562011
2026-01,1806,Paneer Butter Masala (500g),12.562011
2026-01,1807,Mutton Dum Biryani (Half),12.562011
2026-01,1808,No Onion No Garlic Thali,12.562011
2026-01,1809,Salt Lassi,12.562011
2026-01,1810,Veg Dum Biryani Thali,12.562011
2026-01,1811,Butter Rumali Roti,12.562011
2026-01,1812,Non Veg Korma n Parotta Combo,12.562011
2026-01,1813,Fried Rice,12.562011
2026-01,1814,Egg Chicken Chowmein,12.553764
2026-01,1815,Pesarattu,12.317019
2026-01,1816,Bajri No Rotlo,12.317019
2026-01,1817,Moong Dal Halwa,12.306867
2026-01,1818,Veg Swadesi Thali,12.30544
2026-01,1819,Band Makhan,12.30544
2026-01,1820,Chinese Combo Thali,12.30544
2026-01,1821,Veg Curry n Parotta Combo,12.30544
2026-01,1822,Veggie Burger,12.30544
2026-01,1823,Veg Noodles n Manchurian Combo,12.30544
2026-01,1824,Paneer Sabji Combo,12.30544
2026-01,1825,Paneer Butter Masala with Roti Combo,12.29665
2026-01,1826,Dal n Phulka Combo,12.29665
2026-01,1827,Veg Manchurian Dry (Half),12.29665
2026-01,1828,Paneer Butter Masala n Chapati Combo,12.257741
2026-01,1829,Hyderabadi Chicken Dum Biryani (Full),12.257741
2026-01,1830,Veg Classic Sandwich,12.254034
2026-01,1831,Vegetable Raita,12.254034
2026-01,1832,Veg Paneer Noodles,12.242981
2026-01,1833,Tandoori Lachcha Paratha Butter,12.242455
2026-01,1834,1 Veg & 1 Non-Veg Cheesy Pizza,12.019557
2026-01,1835,Pack of 4 Veg Cheesy Pizza Mania,12.019557
2026-01,1836,Veg Double Cheese Pizza,11.99016
2026-01,1837,Pyaz Kachori,11.99016
2026-01,1838,Idli Combo,11.99016
2026-01,1839,Roti Sabji,11.97858
2026-01,1840,Veg Aloo Tiki Burger,11.97858
2026-01,1841,Double Omelette,11.97858
2026-01,1842,Udi Vada,11.97858
2026-01,1843,Chicken Kassa with Roti Combo,11.97858
2026-01,1844,Dum Biryani N Raita Combo,11.97858
2026-01,1845,Butter Roti n Kadhai Paneer Combo,11.97858
2026-01,1846,Chole Bhature Combo,11.97858
2026-01,1847,Jain Rajasthani Thali,11.97858
2026-01,1848,Gobhi Pepper Dry,11.97858
2026-01,1849,Veg Gangapuri Thali,11.97858
2026-01,1850,Rice N Dal Combo,11.97858
2026-01,1851,Mini Paneer Thali,11.97858
2026-01,1852,Gujarati Grand Thali,11.97858
2026-01,1853,Gujarati Roti,11.97858
2026-01,1854,Veg South Indian Sunrise Combo,11.97858
2026-01,1855,Parotta N Omlette With Salan Combo,11.97858
2026-01,1856,Veg Sawdesi Thali,11.97858
2026-01,1857,Minister Veg Mini Thali,11.97858
2026-01,1858,Paneer Bhurji (Half),11.9308815
2026-01,1859,Chicken Fried Rice (Full),11.916422
2026-01,1860,Mix Veg Thali,11.904842
2026-01,1861,Mushroom n Roti Combo,11.904842
2026-01,1862,Aloo Masala n Chapati Combo,11.904842
2026-01,1863,Veg Paneer Pulao,11.904842
2026-01,1864,Butter Chicken N Rumali Roti Combo,11.904842
2026-01,1865,Spl Paneer Biryani,11.904842
2026-01,1866,Dosa Combo,11.904842
2026-01,1867,Podi Roast,11.904842
2026-01,1868,Veg Biryani (Serve For 1 Person),11.904842
2026-01,1869,Paneer Fride Rice,11.904842
2026-01,1870,Veg Railway Spl Thali,11.904842
2026-01,1871,Chinese Combo,11.904842
2026-01,1872,Veg Pulav With Raita,11.904842
2026-01,1873,Cheesy Pizza Mania,11.886154
2026-01,1874,Butter Paneer Masala (Half),11.831834
2026-01,1875,Veg Poori Thali,11.831834
2026-01,1876,Veg Maggie,11.831834
2026-01,1877,Mutton Biryani (half),11.820254
2026-01,1878,Dal khichdi,11.820254
2026-01,1879,Veg Fried Rice n Veg Chilli Combo,11.820254
2026-01,1880,Idli (4pc),11.820254
2026-01,1881,Butter Idli,11.820254
2026-01,1882,Veg Dal Bati Thali,11.820254
2026-01,1883,Paneer Butter Masala n Butter Chapati Combo,11.764575
2026-01,1884,Chilli Paneer n Paratha Combo,11.74956
2026-01,1885,Veg Noodles n Fried Rice Combo,11.74956
2026-01,1886,Veg Chinese Combo,11.74956
2026-01,1887,Ghee Roti,11.74956
2026-01,1888,Appam with Chicken Korma Combo,11.737981
2026-01,1889,Dal Bati n Churma Combo,11.737981
2026-01,1890,Paratha n Sabji Combo,11.737981
2026-01,1891,Veg Kurma n Chapati Combo,11.737981
2026-01,1892,Spl Shri Shyam Veg Thali,11.737981
2026-01,1893,Dal Fry n Jeera Rice with Chach Combo (Jain),11.737981
2026-01,1894,Roti N Paneer Curry Combo,11.737981
2026-01,1895,Seasonal Curry n Phulka Combo,11.737981
2026-01,1896,Kadhai Paneer n Butter Roti (4) Combo,11.737981
2026-01,1897,Basmati Veg Pulao,11.737981
2026-01,1898,Jain Kadhai Paneer,11.611325
2026-01,1899,Fish Mini Thali,11.611325
2026-01,1900,Dal Makhani (half),11.611325
2026-01,1901,Spl Masala Dosa,11.611325
2026-01,1902,Chicken Curry (Qtr),11.611325
2026-01,1903,Punjabi Chole n Rice Combo,11.611325
2026-01,1904,Tandoori Stuffed Paratha,11.461789
2026-01,1905,Chicken Fried Rice n Raita Combo,11.461789
2026-01,1906,Classic Rajma Rice Bowl,11.461789
2026-01,1907,Plain Tawa Paratha with Curd (2),11.461789
2026-01,1908,Punjabi Grand Thali,11.461789
2026-01,1909,Mix Vge Paratha,11.461789
2026-01,1910,White Sponge Sweet,11.457182
2026-01,1911,Veg Paneer Tikka Biryani n Raita Combo,11.457182
2026-01,1912,Chicken Roasted,11.457182
2026-01,1913,Tawa Roti Set Of 5,11.457182
2026-01,1914,Veg Handi Dum Biryani n Raita with Cold Drink Combo,11.457182
2026-01,1915,Chicken Kassa With Roti Combo,11.457182
2026-01,1916,Cheese Grilled Vegetable Sandwich,11.457182
2026-01,1917,Veg Kurma n Phulka Combo,11.457182
2026-01,1918,Chicken Kassa Plain Rice Combo,11.457182
2026-01,1919,Sabji N Plain Paratha Combo,11.457182
2026-01,1920,Murgh Afghani Tikka Biryani (Creamy Chicken Tikka - Serves 1),11.447029
2026-01,1921,Chatpata Double Egg Roll,11.447029
2026-01,1922,Mutton Masala,11.409483
2026-01,1923,Matar Paneer n Tawa Roti Combo,11.409483
2026-01,1924,Plain Rice (full),11.409483
2026-01,1925,Aloo Gobhi Dry,11.409483
2026-01,1926,Onion Tomato Uttapam,11.409483
2026-01,1927,Plain Tawa Paratha n Curd Combo,11.391095
2026-01,1928,Shri Nath Ji Spl Thali (Without Onion Garlic),11.379516
2026-01,1929,Veg South Indian Sunrise Combo Jain Style,11.379516
2026-01,1930,Ratlami Sev Tamatar,11.379516
2026-01,1931,Jalapeno Cheese Paneer Salad Burger Wrap.,11.362388
2026-01,1932,Rajma Chawal LunchBox,11.277648
2026-01,1933,Veg Mushroom Fried Rice,11.260879
2026-01,1934,Stuffed Garlic Bread,11.260879
2026-01,1935,Dal Makhani n Lachcha Paratha Combo,11.260879
2026-01,1936,Onion Paratha Combo,11.260879
2026-01,1937,Veg Kothu Paratha n Veg Kurma Combo,11.16731
2026-01,1938,Seasonal Veg N Butter Roti Combo,11.146509
2026-01,1939,Gulab Jamun (5pc),11.146509
2026-01,1940,Veggie Capsicum Paneer Cheese Pizza Maina,11.13493
2026-01,1941,Dal Fry n Kadi Pakoda with Roti Combo,11.13493
2026-01,1942,Egg Tadka With Roti Combo,11.13493
2026-01,1943,Veg Cheese Frankie (Jain),11.13493
2026-01,1944,Veg Biryani Rice n Raita Combo,11.13493
2026-01,1945,Plain Rice n Dal Fry Combo,11.13493
2026-01,1946,Tawa Tikka Gravy Combo Thali,11.13493
2026-01,1947,Paneer Curry n Phulka Combo,11.119611
2026-01,1948,Vanilla Milk Shake,11.089927
2026-01,1949,Paneer Butter Masala N Butter Roti Combo,11.089927
2026-01,1950,Gobhi Tawa Paratha (2pc) With Curd Combo,11.089927
2026-01,1951,Plain Curd (Half),11.089927
2026-01,1952,Butter Paneer,11.089927
2026-01,1953,Jain Thali (5 Plates),11.089927
2026-01,1954,Chicken Steam Momos,11.089927
2026-01,1955,Rajma n Chawal Combo,11.089927
2026-01,1956,Mushroom Paneer,11.089927
2026-01,1957,Veg Sweet Corn Soup,11.089927
2026-01,1958,Jain Executive Thali,11.052656
2026-01,1959,Butter Masala Milk,11.052656
2026-01,1960,Mix Idli Vada,11.052656
2026-01,1961,Dal Tadka with Chapati Combo,11.052656
2026-01,1962,Satvik Thali,11.052656
2026-01,1963,Family Meal Parcel with Curd Combo,11.052656
2026-01,1964,Murgh Tikka Biryani (Chicken Tikka Dum Biryani - Serves 1),10.9507885
2026-01,1965,Chicken Biryani Bowl (Boneless),10.9507885
2026-01,1966,Veg Biryani n Raita,10.814195
2026-01,1967,Tawa Gobhi Paratha n Curd Combo,10.814195
2026-01,1968,Rosted Papad,10.814195
2026-01,1969,Paneer Naan,10.814195
2026-01,1970,Veg Bombay Sandwich,10.814195
2026-01,1971,Paneer Veg And Roti Combo,10.814195
2026-01,1972,Chicken Chilli,10.802615
2026-01,1973,Chapati N Kuram Combo,10.802615
2026-01,1974,Mashroom Masala n Roti Combo,10.802615
2026-01,1975,Roti n Curry Combo,10.802615
2026-01,1976,GT Non Veg Combo,10.802615
2026-01,1977,Veg Sandwich (Jain),10.802615
2026-01,1978,Chole Kulcha,10.802615
2026-01,1979,Jain Chole Chawal Combo,10.802615
2026-01,1980,Chicken Biryani n Curd Combo,10.802615
2026-01,1981,Diwali Offer Hyderabadi Chicken Dum Biryani,10.802615
2026-01,1982,Gujarati Full Thali (Parcel),10.802615
2026-01,1983,Paneer Masala with Chapati Combo,10.802615
2026-01,1984,Egg Bhurji n Plain Roti Combo,10.802615
2026-01,1985,Mini Veg Executive Thali,10.802615
2026-01,1986,Shahi Spl Thali,10.802615
2026-01,1987,Abhinandan Jain Special Thali,10.802615
2026-01,1988,Rice Thali,10.802615
2026-01,1989,Veg Nataraj Spl Thali,10.802615
2026-01,1990,Veg Mini Meal Combo,10.802615
2026-01,1991,Veg Pulao N Raita,10.802615
2026-01,1992,Dal Fry n Butter Tawa Roti Combo,10.802615
2026-01,1993,Tawa Aloo Pyaaz Paratha Combo,10.802615
2026-01,1994,Pyaz Paratha Combo,10.802615
2026-01,1995,Veg Sev Tamatar Masala,10.802615
2026-01,1996,Veg Pride Mini Thali,10.802615
2026-01,1997,Tawa Paneer Paratha n Curd Combo (2pc),10.802615
2026-01,1998,Paneer Excutive Thali,10.802615
2026-01,1999,Hyderabadi Chicken Dum Biryani (half),10.802615
2026-01,2000,Aloo Paratha with Curd Combo (2pc),10.802615
2026-01,2001,Veg Kolhapuri n Phulka Roti Combo,10.802615
2026-01,2002,Veg Kings Thali,10.802615
2026-01,2003,Chicken Leg Piece,10.802615
2026-01,2004,Veggie Onion Cheese Pizza Maina,10.802615
2026-01,2005,Roti And Chana Masala,10.802615
2026-01,2006,Bhindi Masala Dry,10.800055
2026-01,2007,Chicken Curry (Full),10.800055
2026-01,2008,Veg Marwadi Vip Thali,10.794635
2026-01,2009,Veg Manchurain Dry,10.794635
2026-01,2010,Veg Mini Makhani Thali,10.794635
2026-01,2011,Veg Manchurian n Veg Fride Rice Combo,10.794635
2026-01,2012,Veg Mexican Burger,10.746938
2026-01,2013,Veg Cheese Grill Sandwich,10.746938
2026-01,2014,Chicken Pulao,10.746938
2026-01,2015,Paneer Pizza (Medium),10.746938
2026-01,2016,Paneer Chilli,10.746938
2026-01,2017,Baby Corn Manchurian,10.746938
2026-01,2018,Bhindi Kurkuri,10.746938
2026-01,2019,Tokhm-e-Biryani (Dum Egg Biryani - Serves 1),10.631232
2026-01,2020,Sweet,10.625111
2026-01,2021,Rajasthani Rajwadi Thali,10.613531
2026-01,2022,Veg Maharaja Thali (Jain),10.613531
2026-01,2023,Medu Vada n Idli Combo,10.613531
2026-01,2024,Ghee Phulka,10.613531
2026-01,2025,Dal Rice Khichdi (Full),10.613531
2026-01,2026,Veg Only Cheese Pizza,10.613531
2026-01,2027,Standard Fish Thali,10.613531
2026-01,2028,Poori N Korma Combo,10.613531
2026-01,2029,Avadh Spl Non Veg Thali,10.613531
2026-01,2030,Dal Khichdi N Curd Combo,10.542837
2026-01,2031,Mix Veg Curry n Rice Combo,10.531258
2026-01,2032,Biryani Rice (non Veg),10.531258
2026-01,2033,Veg Mini Maharaja Thali,10.531258
2026-01,2034,Dal Fry n Tawa Roti Combo,10.531258
2026-01,2035,Matar Paneer n Butter Roti Combo,10.531258
2026-01,2036,Kurma n Parotta Combo,10.531258
2026-01,2037,Idli Vada n Shera Combo,10.531258
2026-01,2038,Veg Normal Meals,10.531258
2026-01,2039,Chicken Curry n Jeera Rice Combo,10.531258
2026-01,2040,Veg Hyderbadi Biryani,10.531258
2026-01,2041,Veg Cheese Aloo Tikki Burger,10.531258
2026-01,2042,Jain Premium Thali,10.483059
2026-01,2043,Sev Sabji,10.483059
2026-01,2044,Paper Roast,10.483059
2026-01,2045,Veg Fried Rice N Chilli Paneer Combo,10.483059
2026-01,2046,Veg Spl Chaupal Thali,10.483059
2026-01,2047,Veg Sabji n Roti Combo,10.483059
2026-01,2048,Veg Plain Biryani n Raita Combo,10.483059
2026-01,2049,Phulka n Veg Curry Combo,10.483059
2026-01,2050,Kaju Paneer Biryani n Raita Combo,10.483059
2026-01,2051,Veg Rajma Thali,10.483059
2026-01,2052,Most Wanted Combo 3,10.483059
2026-01,2053,Paneer Pizza (Regular),10.483059
2026-01,2054,Chilli Paneer with Noodles Combo,10.483059
2026-01,2055,Vada Plate,10.4557295
2026-01,2056,Chilli Chicken n Noodles Combo,10.4557295
2026-01,2057,Butter Naan Combo,10.4557295
2026-01,2058,Dal Fry N Roti Combo,10.4557295
2026-01,2059,Jain Mini Thali (Without Garlic Onion),10.44415
2026-01,2060,Veg Spl Kadhi n Khichdi Mini Thali,10.44415
2026-01,2061,Kurma n Plain Chapati Combo,10.44415
2026-01,2062,Tawa Paneer Paratha with Curd (2),10.44415
2026-01,2063,Chicken Egg Mini Thali,10.44415
2026-01,2064,Missi Roti Butter,10.44415
2026-01,2065,Veg Maharasthaani Thali,10.44415
2026-01,2066,Tawa Pulao with Raita Combo (Jain),10.44415
2026-01,2067,Manchurian Fried Rice,10.44415
2026-01,2068,2 Veg Meals Starting at Rs 299,10.44415
2026-01,2069,Punjabi Chole N Rice Combo,10.44415
2026-01,2070,Tawa Paneer Paratha n Curd Combo,10.44415
2026-01,2071,Dal Makhani & Rice Lunchbox,10.44415
2026-01,2072,Pesarattu Dosa,10.44415
2026-01,2073,Veg Mini Hariyali Thlai,10.44415
2026-01,2074,Ghee Upma,10.44415
2026-01,2075,Rawa Onion Dosa,10.44415
2026-01,2076,Roti N Mix Veg Curry Combo,10.44415
2026-01,2077,Mastani Sweet Lassi,10.44415
2026-01,2078,Spl Jain Thali (without Onion n Garlic),10.44415
2026-01,2079,Farm House Pizza,10.44415
2026-01,2080,Jain Thali (Food Box),10.44415
2026-01,2081,Nool Parotta,10.44415
2026-01,2082,Kadhai Paneer with Jeera Rice Combo,10.44415
2026-01,2083,Chicken Ishtu Thali,10.44415
2026-01,2084,Tadka Pav Bhaji,10.44415
2026-01,2085,Kala Dosa n Double Omeltte Combo,10.44415
2026-01,2086,Rajma n Green Vegetable with Roti Combo,10.44415
2026-01,2087,Idli (3pc),10.44415
2026-01,2088,Paneer Biryani with Raita,10.44415
2026-01,2089,Onion Chilli Fried Rice,10.44415
2026-01,2090,Thala Aadi 18 (Spl Butter Naan Combo),10.44415
2026-01,2091,Kadhai Paneer Meal,10.44415
2026-01,2092,Aloo N Poori Combo,10.44415
2026-01,2093,Poori Aloo Sabji Combo,10.44415
2026-01,2094,Veg Paneer Onion Pizza,10.44415
2026-01,2095,Garden Fresh Veggie Pizza,10.42939
2026-01,2096,Chapati Tub (6 pcs),10.42939
2026-01,2097,Veg Biryani (6 Plates),10.427381
2026-01,2098,Egg Keema,10.427381
2026-01,2099,Dal Fry Tadka,10.427381
2026-01,2100,Kadhai Paneer Masala,10.427381
2026-01,2101,Veg Red Sauce Pasta,10.427381
2026-01,2102,Dal Tadka n Jeera Rice Combo,10.427381
2026-01,2103,Gobhi Matar,10.427381
2026-01,2104,Kaju Pulao,10.427381
2026-01,2105,Egg Fried Rice (Half),10.427381
2026-01,2106,Boondi Raita (Full),10.427381
2026-01,2107,Egg Curry n Butter Roti Combo,10.427381
2026-01,2108,Classic Fries,10.427381
2026-01,2109,Egg Curry N Plain Rice Combo,10.427381
2026-01,2110,Choco Lava Cake,10.427381
2026-01,2111,Veg 65,10.427381
2026-01,2112,Rajma Masala (Half),10.427381
2026-01,2113,Kadhai Chicken (half),10.427381
2026-01,2114,Egg Biryani (full),10.427381
2026-01,2115,Chicken 65 (Half),10.427381
2026-01,2116,Kadhi n Chawal Combo,10.427381
2026-01,2117,Gobhi Manchurian Dry,10.427381
2026-01,2118,Egg Manchurian,10.427381
2026-01,2119,Grilled Chicken (Half),10.427381
2026-01,2120,Egg 65,10.427381
2026-01,2121,Kadhai Mutton,10.427381
2026-01,2122,Chole Masala (Half),10.427381
2026-01,2123,Rava Masala Dosa,10.427381
2026-01,2124,BBQ Chicken Pizza,10.427381
2026-01,2125,Veg Chinese Platter,10.427381
2026-01,2126,Bhindi Do Pyaza,10.427381
2026-01,2127,Chicken Egg Roll,10.427381
2026-01,2128,Chicken Fried Rice (full),10.427381
2026-01,2129,Chicken Maggi,10.427381
2026-01,2130,Chilli Paneer Pizza,10.427381
2026-01,2131,Paneer Mushroom Masala,10.427381
2026-01,2132,Masala Lassi,10.427381
2026-01,2133,Matar Pulao (Full),10.427381
2026-01,2134,Veg Manchurian N Veg Noodles Combo,10.427381
2026-01,2135,Non Veg Premium Thali,10.427381
2026-01,2136,Chicken Do Pyaza (Half),10.427381
2026-01,2137,Non Veg Meals,10.427381
2026-01,2138,Mosambi Juice,10.427381
2026-01,2139,Chilli Mushroom Gravy,10.427381
2026-01,2140,Paneer Butter Masala n Jeera Rice Combo,10.427381
2026-01,2141,Mushroom Rice,10.427381
2026-01,2142,Non Veg Meal,10.427381
2026-01,2143,Mushroom Schezwan Fried Rice,10.427381
2026-01,2144,Chicken Sambhar Rice,10.427381
2026-01,2145,Chilli Chicken (Boneless),10.427381
2026-01,2146,Margherita Pizza (small),10.427381
2026-01,2147,Chilli Chicken (Full),10.427381
2026-01,2148,Afghani Chicken (Half),10.427381
2026-01,2149,Mysore Dosa,10.427381
2026-01,2150,Mutton Masala (Half),10.427381
2026-01,2151,Chicken Majestic,10.427381
2026-01,2152,Paneer Tandoori Sandwich,10.427381
2026-01,2153,Veg Tiffin Combo 1,10.427381
2026-01,2154,Veg Hyderabadi Biryani (5 Plates),10.427381
2026-01,2155,Paneer Chowmein (Full),10.427381
2026-01,2156,Mix Veg Paratha n Curd Combo,10.427381
2026-01,2157,Aloo Raita,10.427381
2026-01,2158,Mix Veg n Rice Combo,10.427381
2026-01,2159,Veg Tiffin Combo 4,10.427381
2026-01,2160,Veg Triple Fried Rice,10.427381
2026-01,2161,Chicken Manchow Soup,10.427381
2026-01,2162,Chicken Cheese Burger,10.427381
2026-01,2163,Chilli Fish,10.427381
2026-01,2164,Veg Tandoori Pizza,10.427381
2026-01,2165,Mix Veg Dry,10.427381
2026-01,2166,Veg Tandoori Burger,10.427381
2026-01,2167,Masala Poha,10.427381
2026-01,2168,Paneer Lababdar (Full),10.427381
2026-01,2169,Chicken Korma (Qtr),10.323659
2026-01,2170,Karam Masala Dosa,10.323659
2026-01,2171,Jain Plain Dosa,10.323659
2026-01,2172,Pindi Chole Mini Rice Bowl,10.29362
2026-01,2173,Paneer Biryani Bowl,10.29362
2026-01,2174,Sambhar Vadai,10.241385
2026-01,2175,Plain Cheese Sandwich,10.241385
2026-01,2176,Masala Dal Khichdi,10.157026
2026-01,2177,Sev Tamatar n Butter Roti Combo,10.157026
2026-01,2178,Dal Tadka n Chapati Combo,10.157026
2026-01,2179,Plain Tawa Paratha with Curd (2pc),10.157026
2026-01,2180,Chicken Butter Masala With Roti Combo,10.145447
2026-01,2181,Veg Deluxe Thali with Hot Box,10.145447
2026-01,2182,Tawa Roti n Chana Masala Combo,10.145447
2026-01,2183,Chicken Biryani n Raita Combo (Half),10.145447
2026-01,2184,Dal Tadka Bowl,10.145447
2026-01,2185,Jeera Rice n Dal Tadka Combo,10.145447
2026-01,2186,Idli (2pc),10.145447
2026-01,2187,Chicken Cheese Burst Burger,10.145447
2026-01,2188,Egg Dum Biryani (half),10.145447
2026-01,2189,Veg Rajasthani Deluxe Thali,10.145447
2026-01,2190,Plain Tawa Roti ,10.145447
2026-01,2191,Classic Sweet Corn Pizza (Regular),10.145447
2026-01,2192,Paneer Chilli n Veg Hakka Noodles Combo,10.145447
2026-01,2193,Chicken Masala n Tandoori Roti Combo,10.145447
2026-01,2194,Veg Farm House Pizza (Regular),10.145447
2026-01,2195,Kesar Lassi,10.145447
2026-01,2196,Veg Maharaja Thali with Hot Box,10.145447
2026-01,2197,Kachori with Chutney,10.145447
2026-01,2198,Poori Pongal Vada,10.145447
2026-01,2199,Dal Fry n Butter Roti Combo,10.145447
2026-01,2200,Non Veg Egg Mini Thali,10.145447
2026-01,2201,Veg Supreme Paneer Pizza (Small),10.145447
2026-01,2202,Podi Idli,10.145447
2026-01,2203,Veg Mini Diet Thali,10.145447
2026-01,2204,Hakka Noodles,10.145447
2026-01,2205,Tandoori Roti With Butter,10.145447
2026-01,2206,Veg Biryani n Raita Combo (Half),10.145447
2026-01,2207,Premium Gulab Jamun,10.145447
2026-01,2208,Veg Spl Kadhi N Khichdi Mini Thali,10.145447
2026-01,2209,Tandoori Paratha,10.145447
2026-01,2210,Parotta n Chicken Gravy Combo,10.145447
2026-01,2211,Veg Spl Meal,10.145447
2026-01,2212,Paneer Paratha Thali,10.145447
2026-01,2213,Big Spl Non-Veg Thali,10.145447
2026-01,2214,Chicken Butter Masala n Roti Combo,10.136173
2026-01,2215,Kadhai Chicken n Phulka Combo,10.12887
2026-01,2216,Dal Khichdi n Papad Combo,10.12887
2026-01,2217,Paneer Pulao (Full),10.12887
2026-01,2218,Egg Fry Biryani,10.12887
2026-01,2219,Dahi Wada,10.12887
2026-01,2220,Egg Curry n Tawa Roti Combo,10.12887
2026-01,2221,Roti n Dal Fry Combo,10.124594
2026-01,2222,Dal Fry (Arhar),10.124594
2026-01,2223,Poori n Idli with Dosa Combo,10.124594
2026-01,2224,Premium Veg Thali,10.124594
2026-01,2225,Paneer Masala Grilled Sandwich,10.1172905
2026-01,2226,Kadhai Chicken N Rice Combo,10.1172905
2026-01,2227,Kadhai Chicken n Paratha Combo,10.1172905
2026-01,2228,Cold Coffe,10.1172905
2026-01,2229,Poori Set Masala N Vadai Combo,10.1172905
2026-01,2230,Spl Sada Dosa,10.1172905
2026-01,2231,Tawa Butter Chapati,10.1172905
2026-01,2232,Veg Tawa Dam Biryani (Half),10.1172905
2026-01,2233,Fried Chicken Strips,10.1172905
2026-01,2234,Paneer Tikka Pizza 7 Inches,10.1172905
2026-01,2235,Paneer Masala n Butter Tawa Roti Combo,10.1172905
2026-01,2236,Desi Ghee Keser Gulab Jamun,10.1172905
2026-01,2237,Gwalior Special Thali,10.1172905
2026-01,2238,Aloo Paratha n Curd ombo,10.1172905
2026-01,2239,Boondi Raita (Jain),10.1172905
2026-01,2240,Veg Dum Biryani Minis @ Rs 99 Each (3 Nos) (without Raita),10.1172905
2026-01,2241,Milk,10.1172905
2026-01,2242,Paneer n Phulka Combo,10.1172905
2026-01,2243,Poori Masala Combo,10.1172905
2026-01,2244,Jain Veg Cheese Sandwich,10.1172905
2026-01,2245,Sambhar Rice Combo,10.1172905
2026-01,2246,Jain Tandoori Paneer Paratha,10.1172905
2026-01,2247,Aloo Jeera n Butter Tawa Roti Combo,10.1172905
2026-01,2248,Ghee Upma Pesarattu,10.1172905
2026-01,2249,Egg Masala n Chapati Combo,10.1172905
2026-01,2250,Mysore Bhaji,10.1172905
2026-01,2251,Plain Bombay Veg Sandwich,10.1172905
2026-01,2252,Ratlami Sev Pyaz Paratha,10.1172905
2026-01,2253,Non Veg Deluxe Maharaja Thali,10.1172905
2026-01,2254,Veg Simple Deluxe Thali,10.1172905
2026-01,2255,Chicken Fried Rice ,10.1172905
2026-01,2256,Pesarattu Plain Dosa,10.1172905
2026-01,2257,Vip Executive Thali,10.1172905
2026-01,2258,Khandvi,10.1172905
2026-01,2259,Chicken Samoli,10.1172905
2026-01,2260,Veg Hakka Noodles n Chilli Paneer Combo,10.1172905
2026-01,2261,Chicken Biryani (Half) n Raita Combo,10.1172905
2026-01,2262,Veg Fried Rice with Veg Manchurian Gravy Combo,10.1172905
2026-01,2263,Veg Corn n Chesse Pizza,10.1172905
2026-01,2264,Idli Vada Sambhar Combo,10.1172905
2026-01,2265,Masala Khichdi n Kadhi Combo,10.1172905
2026-01,2266,Idli Vada Sambhar,10.1172905
2026-01,2267,Pav Bhaji (Jain),10.1172905
2026-01,2268,Onion Potato Paratha,10.1172905
2026-01,2269,Veg Biryani with Roast Papad Combo,10.1172905
2026-01,2270,Paneer Butter Masala n Butter Naan Combo,10.1172905
2026-01,2271,Spl Veg Eco Thali,10.1172905
2026-01,2272,Chicken Dum Biryani (regular) N Raita Combo,10.1172905
2026-01,2273,Dal Tadka (yellow),10.1172905
2026-01,2274,Chicken Gravy N Chapati Combo,10.1172905
2026-01,2275,Aloo Bhaji n Poori Combo,10.1172905
2026-01,2276,Macaroni n Cheese Veg Pasta,10.1172905
2026-01,2277,Veg Biryani n Plain Curd Combo,10.1172905
2026-01,2278,Veg Garden Dragon Combo,10.1172905
2026-01,2279,Onion Uttappam,10.1172905
2026-01,2280,Chicken Spl Mini Thali,10.1172905
2026-01,2281,Pindi Chole Rice Bowl,10.1172905
2026-01,2282,Tawa Fulka Butter,10.1172905
2026-01,2283,Abhinandan Veg Deluxe Thali,10.1172905
2026-01,2284,Dal Makhani n Jeera Rice with Roti Combo,10.1172905
2026-01,2285,Hot Milk (250ml),10.1172905
2026-01,2286,Veg Ordinary Thali,10.1172905
2026-01,2287,Abhinandan Standard Veg Thali,10.1172905
2026-01,2288,Uttapam Dosa Combo,10.1172905
2026-01,2289,Paneer Curry n Jeera Rice Combo,9.9625635
2026-01,2290,Dhokla,9.950984
2026-01,2291,Idli With Chutney (jain),9.950984
2026-01,2292,Veg Trio Dosa with Shira Jain Style,9.950984
2026-01,2293,Butter Scotch Pastry,9.88029
2026-01,2294,Veg Triple Schezwan Fried Rice,9.88029
2026-01,2295,Chole n Kulcha Combo,9.8687105
2026-01,2296,Samosa with Chutney,9.8687105
2026-01,2297,Jain Pav Bhaji Thali,9.8687105
2026-01,2298,Toast Sandwich,9.8687105
2026-01,2299,Vip Mini Mix Veg Thali,9.8687105
2026-01,2300,Handi Mutton Thali,9.8687105
2026-01,2301,Curd N Rice Combo,9.809314
2026-01,2302,Bread Butter Jam,9.809314
2026-01,2303,Idli Vada Combo,9.809314
2026-01,2304,Aloo Poha,9.798561
2026-01,2305,Dal n Plain Rice Combo,9.798561
2026-01,2306,Mushroom Masala n Roti Combo,9.798561
2026-01,2307,Chowmein Chilli Chicken Combo,9.797734
2026-01,2308,Tawa Gobhi Paratha Combo,9.797734
2026-01,2309,Shahi Paneer N Rice Combo,9.797734
2026-01,2310,Veg Dum Biryani Mini @ 99 Each (2 Nos) (with Raita),9.797734
2026-01,2311,Veg Cheese Pizza (Regular),9.797734
2026-01,2312,Kesari Bath,9.797734
2026-01,2313,Chicken Korma Thali,9.797734
2026-01,2314,Veg Paneer Combo,9.797734
2026-01,2315,Dal Tadka (500g),9.797734
2026-01,2316,Dal Jeera,9.797734
2026-01,2317,Capsicum Paneer n Red Paprika Pizza (Regular),9.797734
2026-01,2318,Mini Chicken Thali,9.786982
2026-01,2319,Veg Chef Spl Thali,9.786982
2026-01,2320,Dal Makhani Thali,9.786982
2026-01,2321,Foodland Punjabi Thali,9.786982
2026-01,2322,Dal Makhani n Tawa Lachcha Paratha Combo,9.786982
2026-01,2323,Veg North Indan Thali,9.786982
2026-01,2324,Veg Manchurian with Veg Fried Rice Combo,9.786982
2026-01,2325,Pure Jain Thali,9.786982
2026-01,2326,Egg Biryani and Raita (2pc),9.786982
2026-01,2327,Veg Chowmein n Chilli Paneer Combo,9.786982
2026-01,2328,Onion Podi Uttapam n Onion Podi Roast,9.786982
2026-01,2329,Plain Garlic Bread,9.786982
2026-01,2330,Chicken Fried Rice n Chicken Kasha Combo,9.786982
2026-01,2331,Veg Standard (Thali) Food Box,9.786982
2026-01,2332,Chena Rasgulla,9.786982
2026-01,2333,Aloo Curry n Paratha Combo,9.786982
2026-01,2334,Veg Chowmein Chilli Paneer Combo,9.786982
2026-01,2335,Super Premium Veg Thali,9.786982
2026-01,2336,Chole Roti,9.786982
2026-01,2337,Handi Paneer (Half),9.786982
2026-01,2338,Aloo Parahta n Curd Combo,9.786982
2026-01,2339,Poori Masala,9.786982
2026-01,2340,Idli(2) Sambhar Combo,9.786982
2026-01,2341,Veg Fried Rice n Paneer 65 Combo,9.786982
2026-01,2342,Double Cheese Margherita Pizza (Giant Slice),9.786982
2026-01,2343,Dal Fry Thali,9.786982
2026-01,2344,Chow Chow Bath,9.786982
2026-01,2345,Veg Friede Rice,9.786982
2026-01,2346,Veg Biryani (Khuska),9.786982
2026-01,2347,Masala Buttermilk,9.786982
2026-01,2348,Chicken Biryani Plate,9.786982
2026-01,2349,Chicken Double Egg Roll,9.786982
2026-01,2350,Indian Biggest Vegetarian Thali,9.786982
2026-01,2351,Chicken Strips Chilli Wrap,9.766845
2026-01,2352,Mix Vegetable Raita,9.607471
2026-01,2353,Sev Bhaji (Half),9.607471
2026-01,2354,Veg Pizza Sandwich,9.607471
2026-01,2355,Butter Toast,9.607471
2026-01,2356,Jain Paneer Toofani with Paratha Combo,9.607471
2026-01,2357,Crispy Paneer Burger,9.607471
2026-01,2358,Misal Pav,9.607471
2026-01,2359,Kathiyawadi Combo 1,9.607471
2026-01,2360,Roti n Dal Combo,9.607471
2026-01,2361,Butter Chicken Spl Deluxe Thali,9.595892
2026-01,2362,Veg Sadabahar Thali,9.595892
2026-01,2363,Veg Regular Food Box,9.595892
2026-01,2364,Dal Khichdi (Jain),9.595892
2026-01,2365,Veg Grilled Chilli Cheese Sandwich,9.595892
2026-01,2366,Cheese Sweet Corn Pizza,9.595892
2026-01,2367,Rajbhog,9.595892
2026-01,2368,Chicken Chinese Thali,9.595892
2026-01,2369,IBH Spl Chicken Biryani (2pc),9.595892
2026-01,2370,Veg Manchurian Rice Combo,9.595892
2026-01,2371,Egg Tadka with Roti Combo,9.595892
2026-01,2372,Egg Curry n Chapati Combo,9.595892
2026-01,2373,Papad Roast,9.595892
2026-01,2374,Italian Margherita Pizza (Small),9.595892
2026-01,2375,Dal Rice Khichdi (Half),9.595892
2026-01,2376,Veg Peri Peri Paneer Pizza,9.595892
2026-01,2377,IBH Spl Veg Biryani,9.595892
2026-01,2378,Chicken Kassa Jeera Rice Combo,9.595892
2026-01,2379,Veg Combo 2,9.595892
2026-01,2380,Hyderabadi Egg Biryani,9.595892
2026-01,2381,Non Veg Korma N Chapati Combo,9.595892
2026-01,2382,Egg Curry n White Rice Combo,9.595892
2026-01,2383,Paratha Wali Punjabi Thali,9.595892
2026-01,2384,Jain Noodles,9.595892
2026-01,2385,Masala Paneer Tikka Wrap,9.595892
2026-01,2386,Veg Kadai,9.595892
2026-01,2387,Veg Fried Rice n Chilli Paneer with Veg Manchurian Combo,9.595892
2026-01,2388,Dal Tadka Combo,9.595892
2026-01,2389,Dal Fry Rice Bowl,9.595892
2026-01,2390,Veg Maharashtian Thali,9.595892
2026-01,2391,Omelette,9.595892
2026-01,2392,Veg Nawabi Deluxe Thali,9.595892
2026-01,2393,Paper Dosa,9.595892
2026-01,2394,Omelette with Bread Combo,9.595892
2026-01,2395,Veg Fry Biryani (Half),9.595892
2026-01,2396,Roasted Chana Papad,9.595892
2026-01,2397,Margherita Pizza (Jain),9.595892
2026-01,2398,Kadhai Paneer with Butter Roti Combo,9.595892
2026-01,2399,Veg Maharaja Thali with Kesar Rabdi,9.595892
2026-01,2400,Egg Masala Curry,9.595892
2026-01,2401,Dal Makhani Rice Bowl,9.595892
2026-01,2402,Mushroom Paneer Masala,9.595892
2026-01,2403,Veg The Most Expensive Thali,9.595892
2026-01,2404,Aloo Matar Sabji,9.595892
2026-01,2405,Kadhai Paneer Gravy,9.595892
2026-01,2406,Veg Paneer Pizza (Small),9.595892
2026-01,2407,Grilled Jambo Cheese Sandwich,9.595892
2026-01,2408,Veg Spl Gujarati Thali,9.595892
2026-01,2409,Veg Chienes Thali,9.595892
2026-01,2410,Veg Cheese Pizza (Medium),9.595892
2026-01,2411,Punjabi Dal Tadka N Jeera Rice Combo,9.595892
2026-01,2412,Tomato Fried Rice,9.595892
2026-01,2413,Shahi Paneer n Butter Roti Combo,9.595892
2026-01,2414,Veg Manchurian n Veg Fried Rice with French Fries Combo,9.595892
2026-01,2415,Paneer Paratha with Curd (2),9.595892
2026-01,2416,Lemon Soda (250 mL),9.595892
2026-01,2417,Mushroom Curry n Rice Combo,9.471702
2026-01,2418,Masala Rice (Full),9.471702
2026-01,2419,Chicken Fried Rice (half),9.471702
2026-01,2420,Plain Maggie,9.471702
2026-01,2421,Tomato Salad,9.471702
2026-01,2422,Paneer Tikka (Half),9.471702
2026-01,2423,Veg Spl Maharaja Thali,9.471702
2026-01,2424,Butter Chicken Combo,9.471702
2026-01,2425,Veg Classic Fried Rice,9.460122
2026-01,2426,Vip Mini Spl Kadhai Paneer Thali,9.460122
2026-01,2427,Veg Standard Thali ,9.460122
2026-01,2428,Butter Paneer Masala Dosa,9.460122
2026-01,2429,Veg Supreme Pizza,9.460122
2026-01,2430,GT,9.460122
2026-01,2431,Jain Deluxe Thali with Hox Box,9.460122
2026-01,2432,Jain Grill Bombay Sandwich,9.460122
2026-01,2433,Plain Lachcha Paratha,9.460122
2026-01,2434,Veg Signature Thali,9.460122
2026-01,2435,Veg Deluxe Spl Thali,9.460122
2026-01,2436,Shahi Paneer n Rice Combo (Half),9.460122
2026-01,2437,Veg Shri Nath Ji Spl Thali,9.460122
2026-01,2438,Veg Bihari Litti Chokha Thali,9.460122
2026-01,2439,Idiyappam,9.460122
2026-01,2440,Badam Milk,9.460122
2026-01,2441,Veg Gobhi Fried Rice,9.460122
2026-01,2442,Chicken Dum Biryani (2 Person),9.460122
2026-01,2443,Puttu Kadala Curry,9.460122
2026-01,2444,Dal Makhani & Chapati Lunchbox,9.460122
2026-01,2445,Veg Pothichoru,9.460122
2026-01,2446,Egg Fried Rice n Chilli Chicken Combo,9.460122
2026-01,2447,Veg Biryani Bowl,9.460122
2026-01,2448,Shahi Paneer Roti Combo,9.460122
2026-01,2449,Veg Mushroom Rice,9.460122
2026-01,2450,Baby Butter Naan,9.460122
2026-01,2451,Chicken Egg Biryani n Raita Combo,9.460122
2026-01,2452,Idli Chutney,9.460122
2026-01,2453,Manchurian Dry,9.460122
2026-01,2454,Veg Regular Diet Thali,9.460122
2026-01,2455,Personal Veg Meal,9.460122
2026-01,2456,Sev Tamatar N Roti Combo,9.460122
2026-01,2457,"Punjabi Thali - Chole, Dal Makhani and Chawal",9.460122
2026-01,2458,Vip Mini Spl Handi Paneer Thali,9.460122
2026-01,2459,Paneer Biryani Thali,9.460122
2026-01,2460,Veg Combo 3,9.460122
2026-01,2461,Veg Supreme Thali,9.460122
2026-01,2462,Onion Dosa n Sambhar Combo,9.460122
2026-01,2463,Kadhai Chicken n Roti Box,9.460122
2026-01,2464,Crispy Chicken Popcorn,9.460122
2026-01,2465,Chicken Fry Biryani n Chicken 65 Combo,9.460122
2026-01,2466,Samosa (4),9.460122
2026-01,2467,Veg Sandwich Combo,9.460122
2026-01,2468,Paneer n Chapati Combo,9.460122
2026-01,2469,Jain Tadka Spl Thali,9.460122
2026-01,2470,Tandoori Aloo Butter Paratha,9.460122
2026-01,2471,Paneer Chilli Dry,9.460122
2026-01,2472,Jain Thali (No Onion Garlic),9.460122
2026-01,2473,Big Spl Non-veg Thali,9.460122
2026-01,2474,Tawa Roti Plain,9.460122
2026-01,2475,Veg Sabhi n Phulka Combo,9.460122
2026-01,2476,Fish Meals,9.460122
2026-01,2477,Plain Tawa Chapati,9.460122
2026-01,2478,Mini Combo For Kids,9.460122
2026-01,2479,Chicken Biryani with Gravy (Full),9.460122
2026-01,2480,Rice,9.460122
2026-01,2481,Chicken Lover Thali,9.460122
2026-01,2482,Aloo Tikki Chaat,9.460122
2026-01,2483,Chicken Tikka Burger,9.460122
2026-01,2484,Veg Mizaz Thali,9.460122
2026-01,2485,Poori Thali,9.460122
2026-01,2486,Jain Punjabi Comfort Thali,9.460122
2026-01,2487,Veg Noodles n Chilli Paneer Combo,9.317599
2026-01,2488,Rasgulla (4pc),9.30602
2026-01,2489,Larelappa Veg Ratlami Thali,9.30602
2026-01,2490,Kheer,9.30602
2026-01,2491,Kesar Bhog Spl Thali,9.30602
2026-01,2492,Dal Fry n Jeera Rice with Chach Combo,9.30602
2026-01,2493,Idli with Sambhar Combo,9.30602
2026-01,2494,Fried Chicken Popcorn,9.30602
2026-01,2495,Chicken Butter Masala n Butter Roti Combo,9.30602
2026-01,2496,Veg Combo,9.287915
2026-01,2497,Non Veg Chinese Thali,9.287915
2026-01,2498,Skimmed Mint Buttermilk,9.287915
2026-01,2499,Butter Chicken (Qtr),9.287915
2026-01,2500,Shahi Paneer Rice Combo,9.276336
2026-01,2501,Veg Salt n Sweet Spl Thali,9.276336
2026-01,2502,Rabri (Half),9.276336
2026-01,2503,Mushroom Biryani n Raita Combo,9.276336
2026-01,2504,Chana Masala n Rice with Curd Combo,9.276336
2026-01,2505,Cucumber Raita,9.276336
2026-01,2506,Andhra Pesarattu,9.276336
2026-01,2507,Non Veg Royal Thali,9.276336
2026-01,2508,Vegetable Masala Khichdi,9.276336
2026-01,2509,Egg Dum Biryani (2 Egg) n Raita Combo,9.276336
2026-01,2510,Chilli Paneer Gravy n Veg Fried Rice Combo,9.276336
2026-01,2511,Veg Double Topping Pizza n Burger Combo,9.276336
2026-01,2512,Most Wanted Combo 1,9.276336
2026-01,2513,Chicken Biryani Fry Piece Single,9.276336
2026-01,2514,Veg Kuska Biryani Rice,9.276336
2026-01,2515,Sambhar Rice n Tomato Rice with Curd Rice Combo,9.276336
2026-01,2516,Chicken Fry Piece Single Biryani,9.276336
2026-01,2517,Kerala Paratha,9.276336
2026-01,2518,Anda Rice (Half),9.276336
2026-01,2519,Spl Egg Biryani,9.276336
2026-01,2520,Veg Desi Ghee Thali,9.276336
2026-01,2521,Chicken Kothu Paratha n Chicken Kurma Combo,9.276336
2026-01,2522,Chicken Kushka (plain Biryani),9.276336
2026-01,2523,Veg Biryani N Raita Combo (6 Plates),9.276336
2026-01,2524,Paneer Tandoori Cheese Pizza,9.276336
2026-01,2525,Dal Tadka Masala,9.276336
2026-01,2526,Veg Fried Rice Regular,9.276336
2026-01,2527,Maggi Masala,9.276336
2026-01,2528,OB Eggy Chicken Burger,9.276336
2026-01,2529,Ghee Sambhar Rice n Poriyal Combo,9.276336
2026-01,2530,Double Cheese Margherita Pizza,9.121255
2026-01,2531,Kadhai Paneer N Lachcha Paratha Combo,9.121255
2026-01,2532,Bread Sandwich,9.121255
2026-01,2533,Butter Chicken N Butter Roti Combo,9.121255
2026-01,2534,Chimichurri Paneer Salad Burger Wrap .,9.109675
2026-01,2535,2 Burger Wraps at 105 each.,9.109675
2026-01,2536,2 Classic Veg Rolls at 150 each,9.109675
2026-01,2537,Veg Fingers Chipotle Burger Wrap,9.109675
2026-01,2538,2 Non-Veg Meals Starting at Rs 399,9.109675
2026-01,2539,"Dum Gosht Biryani (Dum Mutton Biryani, Boneless - Serves 1)",9.109675
2026-01,2540,Roasted Chicken Pizza,9.109675
2026-01,2541,2 Classic Non-Veg Rolls at 155 each .,9.109675
2026-01,2542,Masala Chicken Tikka Wrap + Lemon Soda,9.109675
2026-01,2543,Angara Murgh Kebab (Chicken Tikka Kebab),9.109675
2026-01,2544,Mint Raita,9.109675
2026-01,2545,Dal Makhani Rice Bowl (Regular),9.109675
2026-01,2546,Death By Cheese Pizza,9.109675
2026-01,2547,Choco Lava Cake + Coke (475 ml) (Save 10%),9.109675
2026-01,2548,Pizza Puff,9.109675
2026-01,2549,Chicken Pepperoni Pizza Mania,9.109675
2026-01,2550,Cheese Jalapeno Chicken Salad Burger Wrap,9.109675
2026-01,2551,Chicken Pepperoni Garlic Bread,9.109675
2026-01,2552,Onion Rava Masala Dosa,8.986464
2026-01,2553,Non Veg Chicken Thali,8.986464
2026-01,2554,Jain Spl Thali (Without Onion Garlic),8.986464
2026-01,2555,Gujrati Basic Thali,8.986464
2026-01,2556,Veg Roti Wali Thali,8.986464
2026-01,2557,Veg Schezwan Combo,8.986464
2026-01,2558,Cheese Pizza,8.950303
2026-01,2559,Mix Veg Pulao,8.950303
2026-01,2560,Kadhai Mushroom (Half),8.950303
2026-01,2561,Kathiyawadi Combo 2,8.950303
2026-01,2562,Tandoori Chicken (Qtr),8.950303
2026-01,2563,Dal Tadka N Roti Combo,8.950303
2026-01,2564,Chicken Mughlai Biryani,8.950303
2026-01,2565,Rawa Masala Dosa,8.950303
2026-01,2566,Peri Peri Dip,8.950303
2026-01,2567,Grilled Cheese Sandwich,8.950303
2026-01,2568,Dal n Chawal Combo,8.950303
2026-01,2569,Kaju Paneer (Half),8.950303
2026-01,2570,Veg Mexican Pizza,8.950303
2026-01,2571,Veg Schezwan Fried Rice (Full),8.950303
2026-01,2572,Paneer Paratha n Chole Combo,8.950303
2026-01,2573,Egg Hakka Noodles,8.950303
2026-01,2574,Paneer Butter Masala n Butter Tawa Roti Combo,8.950303
2026-01,2575,Kachori Sabji,8.950303
2026-01,2576,Egg Executive Thali,8.944926
2026-01,2577,Surti Khaman with Sev (Full),8.944926
2026-01,2578,Kanda Bhaji,8.944926
2026-01,2579,Chicken Masala (half),8.944926
2026-01,2580,Jain Paneer Bhurji,8.944926
2026-01,2581,Chicken Schezwan Rice (Half),8.944926
2026-01,2582,Egg Rice (Half),8.944926
2026-01,2583,Mix Vegetable (Half),8.944926
2026-01,2584,Hyderabadi Chicken,8.944926
2026-01,2585,Curd Vada,8.944926
2026-01,2586,Non Veg Eco Thali,8.938724
2026-01,2587,Chicken Meal,8.938724
2026-01,2588,Paratha n Curd Combo,8.938724
2026-01,2589,Paneer Shawarma,8.938724
2026-01,2590,Veggie Capsicum Cheese Pizza Maina,8.938724
2026-01,2591,Veg Marwadi Premium Thali,8.938724
2026-01,2592,Double Meal Parcel with Curd Combo,8.938724
2026-01,2593,Paneer Sabji n Chapati Combo,8.938724
2026-01,2594,Double Omelette N Chapati Combo,8.938724
2026-01,2595,Veg Hakka Noodles N Chilli Paneer Combo,8.938724
2026-01,2596,Veg Pangat Thali,8.938724
2026-01,2597,Aloo Curry N Poori Combo,8.938724
2026-01,2598,Hot Gulab Jamun,8.938724
2026-01,2599,Shahi Paneer n Tawa Roti Combo,8.938724
2026-01,2600,Chapati with Egg Gravy Combo 2,8.938724
2026-01,2601,Veg Biryani (khuska),8.938724
2026-01,2602,Paratha Combo,8.938724
2026-01,2603,Aloo Jeera with Plain Paratha Combo,8.938724
2026-01,2604,Egg Bhurji n Tawa Roti Combo,8.938724
2026-01,2605,IBH Spl Veg Thali,8.938724
2026-01,2606,Dal n Rice Box,8.938724
2026-01,2607,Butter Paneer n Butter Roti Combo,8.938724
2026-01,2608,Papad Roasted,8.938724
2026-01,2609,Hyderabadi Veg Biryani - Serves 1,8.938724
2026-01,2610,Ghee Dal Khichdi n Papad Combo,8.938724
2026-01,2611,Simple Non Veg Thali,8.938724
2026-01,2612,Butter Tawa Missi Roti,8.938724
2026-01,2613,Double Cheese Paneer Sandwich,8.938724
2026-01,2614,Veg Saraswati Spl Thali,8.938724
2026-01,2615,Paneer Tikka Masala (Full),8.938724
2026-01,2616,Chicken Egg Roll Combo,8.938724
2026-01,2617,Dal Tadka (full),8.938724
2026-01,2618,Aloo Masala Curry n Parotta Combo,8.938724
2026-01,2619,Spl Rasmalai,8.938724
2026-01,2620,Chicken Noodles (Full),8.938724
2026-01,2621,Veg Jaipuri,8.938724
2026-01,2622,Jain Mix Veg Thali,8.938724
2026-01,2623,Veg Krishna Leela Spl Thali,8.938724
2026-01,2624,Kalinga Tribe Egg Delicious Thali,8.938724
2026-01,2625,Plate Poori,8.938724
2026-01,2626,Veg Dum Biryani (half),8.938724
2026-01,2627,Veg Fried Rice Combo,8.938724
2026-01,2628,Kadhi Chawal,8.938724
2026-01,2629,Egg Curry n Jeera Rice Combo,8.938724
2026-01,2630,Roasted Papad Masala,8.938724
2026-01,2631,Roasted Moong Papad,8.938724
2026-01,2632,Veg Chinese Spl Combo,8.938724
2026-01,2633,Veg Silver Thali,8.938724
2026-01,2634,Poori (2pc),8.938724
2026-01,2635,Butter Plain Paratha,8.938724
2026-01,2636,Chilli Chicken N Veg Chowmein Combo,8.938724
2026-01,2637,Dal Fry Chawal Thali,8.938724
2026-01,2638,Dal Fry Combo,8.938724
2026-01,2639,Americano White Sauce Pasta,8.938724
2026-01,2640,Veg Fried Rice n Noodles Combo,8.938724
2026-01,2641,Veg Shahi Paneer Thali,8.938724
2026-01,2642,Chole Thali,8.938724
2026-01,2643,Kaju Paneer (full),8.938724
2026-01,2644,Mixed Veg Fried Rice,8.938724
2026-01,2645,Paneer Curry with Roti Combo,8.938724
2026-01,2646,Egg Curry Roti Combo,8.938724
2026-01,2647,Bread Butter (Jain),8.938724
2026-01,2648,Chicken Tawa Changezi Extra Gravy,8.938724
2026-01,2649,Veg Tinku Maharaja Spl Thali,8.938724
2026-01,2650,Sabji n Plain Paratha Combo,8.938724
2026-01,2651,Veg Spicy Margherita Pizza,8.938724
2026-01,2652,Veg Farm Fresh Pizza (Small),8.938724
2026-01,2653,Kadhai Chicken n Roti,8.938724
2026-01,2654,Roti n Paneer Curry Combo,8.938724
2026-01,2655,Roti n Mix Veg Curry Combo,8.938724
2026-01,2656,Veg Mini Thali with Hot Box,8.938724
2026-01,2657,Tawa Aloo Paratha N Curd Combo,8.938724
2026-01,2658,Sada Papad,8.938724
2026-01,2659,Cold Coco,8.938724
2026-01,2660,Tawa Plain Paratha n Curd Combo,8.938724
2026-01,2661,Chicken n Roti Combo,8.938724
2026-01,2662,Chana Poori,8.938724
2026-01,2663,Aloo Sabji n Poori Combo,8.938724
2026-01,2664,Veg Toast Sandwich,8.938724
2026-01,2665,Jawar Roti,8.938724
2026-01,2666,Paneer Lababdar (Half),8.938724
2026-01,2667,Veg South Indian Combo,8.938724
2026-01,2668,Classic Veg Thali,8.938724
2026-01,2669,Jain Veg Standard Thali,8.938724
2026-01,2670,Dal Fry Rice Combo,8.938724
2026-01,2671,Chole n Butter Tawa Roti Combo,8.938724
2026-01,2672,Masala Dosa n Vada Combo,8.938724
2026-01,2673,Maharaja Chicken Thali,8.938724
2026-01,2674,Veg Tadka Mix Dal n Roti Combo,8.938724
2026-01,2675,Mushroom Biryani (Half),8.938724
2026-01,2676,Kouth Parotta n Chilli Chicken Combo,8.938724
2026-01,2677,Lucknowi Chicken Biryani (Boneless) (Serves 1 (3 Pcs),8.938724
2026-01,2678,Choco Lava Loaded with Premium Chocolate,8.938724
2026-01,2679,Punjabi Chole n Poori Combo,8.938724
2026-01,2680,Abhinandan Special Thali,8.938724
2026-01,2681,Punjabi Basic Thali,8.938724
2026-01,2682,Plain Basmati Rice,8.938724
2026-01,2683,Executive Thali,8.938724
2026-01,2684,Margherita Pizza (regular),8.938724
2026-01,2685,Paneer Butter Masala Jeera Rice Combo,8.938724
2026-01,2686,Chicken Biryani With Gravy,8.938724
2026-01,2687,Buttery Pav Bhaji,8.938724
2026-01,2688,Veg TFZ Spl Thali,8.938724
2026-01,2689,Chana Masala N Jeera Rice Combo,8.938724
2026-01,2690,Veg Biryani n Paneer Curry/Raita Combo,8.938724
2026-01,2691,Veg Deluxe Roti Thali,8.938724
2026-01,2692,Chakki Atta Tandoori Tawa Butter Roti,8.938724
2026-01,2693,Khaman Dhokla with Sev,8.938724
2026-01,2694,Chicken Gravy n Paratha Combo,8.938724
2026-01,2695,Veg Manchurian Fride Rice,8.938724
2026-01,2696,Kesar Petha,8.938724
2026-01,2697,Chilli Paneer n Roti Combo,8.938724
2026-01,2698,Sev Bhaji n Roti Combo,8.938724
2026-01,2699,Jain Dal,8.938724
2026-01,2700,Punjabi Food Pack,8.938724
2026-01,2701,Thala Aadi (Veg Chinese Combo),8.938724
2026-01,2702,Jain Dal Bati Thali,8.938724
2026-01,2703,Larelappa Veg Spl Thali,8.933347
2026-01,2704,Chipotle Veg Fingers Burger Wrap.,8.933347
2026-01,2705,Veg Curry N Roti Combo,8.933347
2026-01,2706,Maharaja Omelette,8.933347
2026-01,2707,Cheena,8.933347
2026-01,2708,Butter Reshmi Paratha,8.933347
2026-01,2709,Roti with Egg Thali,8.933347
2026-01,2710,Cold Drink,8.933347
2026-01,2711,Chilli Paneer n Veg Noodles with French Fries Combo,8.933347
2026-01,2712,Aloo Pyaz Paratha with Curd Combo,8.933347
2026-01,2713,Chilli Chicken n Fried Rice with Raita Combo,8.933347
2026-01,2714,Veechu Parotta,8.933347
2026-01,2715,Veg Combo Meal 6,8.933347
2026-01,2716,Veg Dum Dar Biryani n Raita Combo,8.933347
2026-01,2717,Amul Butter Cheese Pav Bhaji,8.933347
2026-01,2718,Chicken Biryani n Egg Combo (2 Person),8.933347
2026-01,2719,Cheese Butter Masala n Jeera Rice with Tawa Butter Roti Combo,8.933347
2026-01,2720,Rasgulla (1 Plate),8.933347
2026-01,2721,Spl Chicken Kabab,8.933347
2026-01,2722,Chole n Plain Rice Combo,8.933347
2026-01,2723,Fried Masala Papad,8.933347
2026-01,2724,Surmai Non Veg Thali,8.933347
2026-01,2725,Veg Tawa Tikka Spl Thali,8.933347
2026-01,2726,Veg Pav Bhaji Thali,8.933347
2026-01,2727,Bengali Regular Mutton Thali,8.933347
2026-01,2728,Masala Chicken N Roti Combo,8.933347
2026-01,2729,Chicken Curry With Roti Combo,8.933347
2026-01,2730,Veg Spl Packing Thali,8.933347
2026-01,2731,Tawa Plain Paratha Combo,8.933347
2026-01,2732,Veggie Delight Burger,8.933347
2026-01,2733,Gobhi Paratha Combo,8.933347
2026-01,2734,Ratlami Sev (500g),8.933347
2026-01,2735,Chicken Fry (Qtr),8.933347
2026-01,2736,Veg Combo 8,8.933347
2026-01,2737,Bhel Poori,8.933347
2026-01,2738,Veg Special Thali Bulk (5 Plates),8.933347
2026-01,2739,Phulka n Dal Combo,8.933347
2026-01,2740,Sweet Sunrise Combo Jain Style,8.933347
2026-01,2741,Jain Cheese Pizza,8.933347
2026-01,2742,Murmura Fry n Mirchi Bhaji Combo,8.933347
2026-01,2743,Egg Rice (Full),8.933347
2026-01,2744,Shahi Non Veg Thali,8.933347
2026-01,2745,Tandoori Lachcha Paratha,8.933347
2026-01,2746,Jain Shahi Paneer Pizza (Regular),8.933347
2026-01,2747,Jain Regular Food Box,8.933347
2026-01,2748,Dal Khichdi Butter,8.933347
2026-01,2749,Chicken Handi Biryani n Mix Raita Combo,8.933347
2026-01,2750,Plain Paper Dosa,8.933347
2026-01,2751,Vegetable Biryani (6 Plates),8.933347
2026-01,2752,Mughlai Chicken Biryani,8.933347
2026-01,2753,Plain Milk,8.933347
2026-01,2754,Cheese Pav Bhaji (Jain),8.933347
2026-01,2755,Schezwan Chicken Rice,8.933347
2026-01,2756,Dal Jeera Rice Box,8.933347
2026-01,2757,Aloo Parahta,8.933347
2026-01,2758,Seasonal Veg Roti Combo,8.933347
2026-01,2759,Butter Dabeli,8.933347
2026-01,2760,Dal Makhani n Rice with Chaach Combo (Jain),8.933347
2026-01,2761,Jain Curd Rice,8.933347
2026-01,2762,Paneer Biryani Single,8.933347
2026-01,2763,Jain Dal Chawal Combo,8.933347
2026-01,2764,Sev Khamani,8.933347
2026-01,2765,Chicken Crispy Wings,8.933347
2026-01,2766,Butter Chicken n Chapati Combo,8.933347
2026-01,2767,Mix Veg Masala,8.933347
2026-01,2768,Egg Omelette (2pc),8.933347
2026-01,2769,Veg Biryani Single,8.933347
2026-01,2770,Sada Thali,8.933347
2026-01,2771,Cheese Crunch Burger,8.933347
2026-01,2772,Pizza,8.933347
2026-01,2773,Veg Hot N Sour Soup,8.933347
2026-01,2774,Veg South Thali,8.933347
2026-01,2775,Paneer Cheese Burst Burger,8.933347
2026-01,2776,Cheese Paneer Sandwich,8.933347
2026-01,2777,Egg Biryani Single,8.933347
2026-01,2778,Idli (2pc) N Vada(1pc),8.933347
2026-01,2779,Veg Manchurian n Veg Fried Rice,8.933347
2026-01,2780,Idli Mushroom Combo,8.933347
2026-01,2781,Sambhar Rice with Chips Combo,8.933347
2026-01,2782,Veg Trio Dosa with Idli,8.933347
2026-01,2783,Plain Rumali Roti,8.933347
2026-01,2784,Chicken Masala n Rice Combo,8.933347
2026-01,2785,Idli n Onion Dosa Combo,8.933347
2026-01,2786,Idli (1pc) n Vada(1pc),8.933347
2026-01,2787,Curd Sweet,8.933347
2026-01,2788,Butter Chicken with Roti Combo,8.660431
2026-01,2789,Plain French Fries,8.660431
2026-01,2790,Gobhi Tawa Paratha n Curd Combo,8.660431
2026-01,2791,Bajra Bhakri,8.660431
2026-01,2792,Chana Masala (half),8.660431
2026-01,2793,Paneer Dum Biryani,8.648851
2026-01,2794,Pindi Chole with Chapati Lunchbox,8.648851
2026-01,2795,IdlI n Vada Sambhar Combo,8.648851
2026-01,2796,Veg Supre Deluxe Thali,8.648851
2026-01,2797,Veg Meals (serves 1),8.648851
2026-01,2798,Veg Standard Thali (Food Box),8.648851
2026-01,2799,Masala Dosa n Sambhar with Chutney Combo,8.648851
2026-01,2800,Upma Plate,8.648851
2026-01,2801,Wada,8.648851
2026-01,2802,Veg Biryani With Gravy Combo,8.648851
2026-01,2803,Mushroom Veg Fried Rice,8.648851
2026-01,2804,Butter Paneer Masala Combo,8.648851
2026-01,2805,Veg Sechzwan Rice,8.648851
2026-01,2806,Spl Chicken Kabab Roll,8.648851
2026-01,2807,Burger Combo,8.648851
2026-01,2808,Poha (250g),8.648851
2026-01,2809,Paneer Butter Masala n Lachcha Paratha Combo,8.648851
2026-01,2810,Tomato Bath,8.648851
2026-01,2811,Veg Maurya Spl Thali,8.648851
2026-01,2812,Butter Milk (Salted),8.648851
2026-01,2813,Veg Manchurian Combo,8.648851
2026-01,2814,Paneer Tikka Masala n Phulka Roti Combo,8.648851
2026-01,2815,Veg Chana Masala,8.648851
2026-01,2816,Capsicum n Paneer Pizza (Regular),8.648851
2026-01,2817,Veg Chambal Sada Thali,8.648851
2026-01,2818,Veg Fried Rice Rice N Raita Combo,8.648851
2026-01,2819,Chicken Spl Chinese Combo,8.648851
2026-01,2820,Egg Roti Mini Thali,8.648851
2026-01,2821,Jain Indian Thali,8.648851
2026-01,2822,Blue Berry Mocktail,8.648851
2026-01,2823,Tawa Aloo Pyaza Paratha n Curd Combo,8.648851
2026-01,2824,Veg North Karnataka Meals,8.648851
2026-01,2825,Chicken Fry Biryani (Serve For 1),8.648851
2026-01,2826,Veg Mix Chowmein,8.648851
2026-01,2827,Jain Dal Makhani Thali,8.648851
2026-01,2828,Rava Onion Masala Dosa,8.648851
2026-01,2829,Sabudana Khichdi,8.648851
2026-01,2830,Handi Paneer Meal,8.648851
2026-01,2831,Veg Mix Fried Rice,8.625369
2026-01,2832,Chinese Non Veg Thali,8.625369
2026-01,2833,Chicken Cheese Pizza,8.625369
2026-01,2834,Kaju Paneer (Full),8.625369
2026-01,2835,Chicken Fried Rice n Chicken Roll Combo,8.61379
2026-01,2836,Paneer Maggi,8.61379
2026-01,2837,Chatpata Paneer Pizza,8.61379
2026-01,2838,Tandoori Aloo Paratha Thali,8.61379
2026-01,2839,Tawa Basket,8.61379
2026-01,2840,Suman Sagar Special Thali,8.61379
2026-01,2841,Paneer Butter Masala N Roti (4) Combo,8.61379
2026-01,2842,Tawa Pyaz Paratha,8.61379
2026-01,2843,Egg Bhurji n Roti Combo Box,8.61379
2026-01,2844,White Dhokla,8.61379
2026-01,2845,Tawa Gobhi Paratha,8.61379
2026-01,2846,Paneer Butter Masala n Roti (4) Combo,8.61379
2026-01,2847,Veg Manchurian Dry ,8.61379
2026-01,2848,Palak Paneer (500g),8.61379
2026-01,2849,Egg Biryani with Gravy,8.61379
2026-01,2850,Egg Curry With Roti Combo,8.61379
2026-01,2851,Paneer Lababdar with Chapati Lunchbox,8.61379
2026-01,2852,Egg Biryani n Raita/Curry,8.61379
2026-01,2853,Oreo Shake (Regular),8.61379
2026-01,2854,Egg Executive Very Spl Thali,8.61379
2026-01,2855,Chicken Masala (2pc),8.61379
2026-01,2856,Balaji Spl Dosa,8.61379
2026-01,2857,Ratlami Namkeen Sev,8.61379
2026-01,2858,Veg Tikka Burger,8.61379
2026-01,2859,Non Veg Bangda Thali,8.61379
2026-01,2860,Chicken Butter Masala (half),8.61379
2026-01,2861,Chole N Chawal Combo,8.61379
2026-01,2862,Chicken Masala (qtr),8.61379
2026-01,2863,Veg Tomato Pizza,8.61379
2026-01,2864,Anda Curry Thali,8.61379
2026-01,2865,Jain Palak Paneer,8.61379
2026-01,2866,Handvo,8.61379
2026-01,2867,Veg Noodles N Veg Manchurian With Fried Rice Combo,8.61379
2026-01,2868,Chicken Tikka Biryani Bonelees (Full),8.61379
2026-01,2869,Veg Biryani (1 Person),8.61379
2026-01,2870,Matar Paneer with Roti Combo,8.61379
2026-01,2871,Cheesy White Sauce Pasta,8.61379
2026-01,2872,Rose Lassi,8.61379
2026-01,2873,Chicken Tikka Biryani n Raita Combo,8.61379
2026-01,2874,Poha Upma,8.61379
2026-01,2875,Chilli Chicken Combo n Veg Fried Rice,8.61379
2026-01,2876,Kadhai Paneer n Rice with Roti Combo,8.61379
2026-01,2877,Jain Dal Rice Combo,8.61379
2026-01,2878,Chilli Chicken (boneless) N Fried Rice Combo,8.61379
2026-01,2879,Butter Chicken N Rice Combo,8.61379
2026-01,2880,Classic Veg Pizza,8.61379
2026-01,2881,Roti n Kadhai Chicken Combo,8.61379
2026-01,2882,Veg Wow Burger,8.61379
2026-01,2883,Veg Fun Meal Box,8.61379
2026-01,2884,Veg Gobhi Manchurian,8.61379
2026-01,2885,Mix Dal n Roti Combo,8.61379
2026-01,2886,Veg Classic Cheese Vada Pav,8.61379
2026-01,2887,Sabudana Khichdi & Curd Meal,8.61379
2026-01,2888,Masala Paneer Dosa,8.61379
2026-01,2889,Veggie Delight Pizza,8.61379
2026-01,2890,Dabeli,8.61379
2026-01,2891,All In One Pizza,8.61379
2026-01,2892,Bread Jam Toast,8.61379
2026-01,2893,Chilli Paneer n Veg Noodles Bowl,8.61379
2026-01,2894,Vip Mini Dal Fry Thali,8.61379
2026-01,2895,Double Tikki Burger,8.61379
2026-01,2896,Jain Sev Tamtar,8.61379
2026-01,2897,Mix Veg Pakoda,8.61379
2026-01,2898,Lime Lite Spl Bengali Egg Thali,8.61379
2026-01,2899,Paneer Signature Rice Bowl (Regular),8.61379
2026-01,2900,Veggie Panee Sweet Corn Jalapino Cheese Pizza Maina,8.61379
2026-01,2901,Nylon Khaman,8.61379
2026-01,2902,Chicken Biryani N Egg Combo (1 Person),8.61379
2026-01,2903,Lime Lite Spl Bengali Chicken Thali,8.61379
2026-01,2904,Sattu Paratha N Chokha Combo,8.61379
2026-01,2905,Rabdi,8.61379
2026-01,2906,Jain Thali with Hot Box,8.61379
2026-01,2907,Butter Jeera Fried Rice,8.61379
2026-01,2908,Veg Hyderabadi Dum Biryani n Raita with Cold Drink Combo (Half),8.61379
2026-01,2909,Margherita Pizza (Regular ),8.61379
2026-01,2910,Chintoo'S Veg Deluxe Thali,8.61379
2026-01,2911,Gobhi Paratha n Plain Curd Combo,8.61379
2026-01,2912,Masala Bhindi,8.61379
2026-01,2913,Masala Dosa ,8.61379
2026-01,2914,Masala Idli Sambhar,8.61379
2026-01,2915,Prawn Biryani,8.61379
2026-01,2916,Egg Pakoda,8.287757
2026-01,2917,Sabudana Vada,8.287757
2026-01,2918,Paneer Chatpata (Half),8.287757
2026-01,2919,Mix Paratha N Curd Combo,8.287757
2026-01,2920,Aloo Paratha N Plain Curd Combo,8.287757
2026-01,2921,Mix Kulcha,8.287757
2026-01,2922,Mix Pakoda,8.287757
2026-01,2923,Capsicum n Paneer (Regular),8.287757
2026-01,2924,Jeera Aloo (Full),8.287757
2026-01,2925,Plain Raita,8.287757
2026-01,2926,Fry Chicken Biryani,8.287757
2026-01,2927,Kadhi Rice,8.287757
2026-01,2928,Paneer Kali Mirch,8.287757
2026-01,2929,Mashroom Masala,8.287757
2026-01,2930,Makki Roti,8.287757
2026-01,2931,Paneer Fried Rice (Full),8.287757
2026-01,2932,Malai Kofta (Full),8.287757
2026-01,2933,Malai Kofta (Half),8.287757
2026-01,2934,Paneer Fried Momos,8.287757
2026-01,2935,Lehsuni Rotla n Curd Combo,8.287757
2026-01,2936,Kothu Parotta,8.287757
2026-01,2937,Egg Fried Rice (Full),8.287757
2026-01,2938,Andhra Chicken n Rice Combo,8.287757
2026-01,2939,Banarasi Dum Aloo,8.287757
2026-01,2940,Paneer Cutlet,8.287757
2026-01,2941,Red Sauce Cheese Pasta,8.287757
2026-01,2942,Black Forest Cake,8.287757
2026-01,2943,Matar Mushroom (half),8.287757
2026-01,2944,Egg Pulao,8.287757
2026-01,2945,Pomegranate Juice,8.287757
2026-01,2946,Poha n Curd Combo,8.287757
2026-01,2947,Veg Spl Meal 1,8.287757
2026-01,2948,Kadhai Paneer n Paratha Combo,8.287757
2026-01,2949,Milk Cake,8.287757
2026-01,2950,Kadhai Paneer N Rice Combo,8.287757
2026-01,2951,Veg Tiffin Combo 2,8.287757
2026-01,2952,Veg Tiffin Combo 3,8.287757
2026-01,2953,Egg Masala N Roti Combo,8.287757
2026-01,2954,Jain Spl Thali (5 Plates),8.287757
2026-01,2955,Tandoori Paneer Pizza (Giant Slice),8.287757
2026-01,2956,Bread Egg Omelette,8.287757
2026-01,2957,Mix Veg Maggi,8.287757
2026-01,2958,Paneer Wrap,8.287757
2026-01,2959,Spl Chicken Fried Rice,8.287757
2026-01,2960,Fish Tikka,8.287757
2026-01,2961,Spl Chana Masala,8.287757
2026-01,2962,Paneer Achari Tikka,8.287757
2026-01,2963,Paneer Bhurji (Full),8.287757
2026-01,2964,Nargisi Kofta,8.287757
2026-01,2965,Veg Sawadesi Thali,8.287757
2026-01,2966,Papad Masala,8.287757
2026-01,2967,Handi Mutton (Full),8.287757
2026-01,2968,Special Thali (5 Plates),8.287757
2026-01,2969,Soya Chaap,8.287757
2026-01,2970,Afghani Chicken,8.287757
2026-01,2971,Mutton Shami Kabab,8.287757
2026-01,2972,Mutton Masala (Full),8.287757
2026-01,2973,Butter Jeera Rice,8.287757
2026-01,2974,Paneer Naan Thali,8.287757
2026-01,2975,Spl Lassi,8.287757
2026-01,2976,Paneer Schezwan Fried Rice,8.287757
2026-01,2977,Stuffed Garlic Bread Sticks (Sweet Corns n Jalapenos With Cheese),8.287757
2026-01,2978,Virgin Mojito,8.287757
2026-01,2979,Onion Paratha N Curd Combo,8.287757
2026-01,2980,Ghee Dal Khichdi,8.287757
2026-01,2981,Onion Capsicum Cheese Pizza,8.287757
2026-01,2982,Ghee Onion Dosa,8.287757
2026-01,2983,Butter Paneer Masala (Full),8.287757
2026-01,2984,Gobhi Rice,8.287757
2026-01,2985,Non Veg Thali (5 Plates),8.287757
2026-01,2986,Ginger Chicken,8.287757
2026-01,2987,Aloo Gobhi (Half),8.287757
2026-01,2988,Water Melon Juice,8.287757
2026-01,2989,Butter Maggi,8.287757
2026-01,2990,Aloo Gobhi Adraki,8.287757
2026-01,2991,Peanut Masala,8.287757
2026-01,2992,Peas Rice,8.287757
2026-01,2993,Mutton Biryani n Raita Combo,8.287757
2026-01,2994,Mixed Veg Noodles,8.287757
2026-01,2995,Sev Tamatar n Butter Tawa Roti Combo,8.287757
2026-01,2996,Egg Thali (5 Plates),8.287757
2026-01,2997,Sev Tamatar (Full),8.287757
2026-01,2998,Jain Chole Rice Combo,8.287757
2026-01,2999,Sev Masala,8.287757
2026-01,3000,Mooli Paratha,8.287757
2026-01,3001,Egg Schezwan Rice,8.287757
2026-01,3002,Plain Cheese Pizza,8.287757
2026-01,3003,Paneer Paratha n Plain Curd Combo,8.287757
2026-01,3004,Veg Triple Rice,8.287757
2026-01,3005,Schezwan Chicken Noodles,8.287757
2026-01,3006,Sattu Paratha n Curd Combo,8.287757
2026-01,3007,Jain Patta Gobhi,8.287757
2026-01,3008,Jain Sev Bhaji,8.287757
2026-01,3009,Paneer Malai Tikka,8.287757
2026-01,3010,Plain Chaach,8.287757
2026-01,3011,Mutton Biryani Single,8.287757
2026-01,3012,Tandoori Chicken (full),8.287757
2026-01,3013,Paneer Biryani with Raita Combo,8.287757
2026-01,3014,Shev Bhaji,8.287757
2026-01,3015,Mushroom Pizza,8.287757
2026-01,3016,Veg Yatri Thali (6 Plates),8.287757
2026-01,3017,Idli Dosa Vada,8.287757
2026-01,3018,Pineapple Cake,8.287757
2026-01,3019,Fish Curry (Half),8.287757
2026-01,3020,Idli n Vada with Sambhar Combo,8.287757
2026-01,3021,Shahi Paneer n Lachcha Paratha Combo,8.287757
2026-01,3022,Mushroom Manchurian Dry,8.287757
2026-01,3023,Shahi Paneer n Jeera Rice Combo,8.287757
2026-01,3024,Tandoori Chicken Biryani,8.287757
2026-01,3025,Pineapple Pastry,8.287757
2026-01,3026,Mushroom Butter Masala (Half),8.287757
2026-01,3027,Makki Ki Roti n Sarso Ka Saag Combo,8.287757
2026-01,3028,Handi Chicken (Full),8.287757
2026-01,3029,Egg Bhurji n Paratha Combo,8.287757
2026-01,3030,Egg Bhurji (Full),8.287757
2026-01,3031,Chicken Strips,8.287757
2026-01,3032,Chicken 555,8.287757
2026-01,3033,Egg Chicken Noodles,8.287757
2026-01,3034,Chicken Patty Burger,8.287757
2026-01,3035,Chilli Prawns,8.287757
2026-01,3036,Veg Makhanwala,8.287757
2026-01,3037,Chicken Biryani (Boneless),8.287757
2026-01,3038,Chicken Curry (2pc),8.287757
2026-01,3039,Chicken Kabab,8.287757
2026-01,3040,Veg Peri Peri Maggi,8.287757
2026-01,3041,Chilli Chicken With Fried Rice Combo,8.287757
2026-01,3042,Chicken Dum Biryani N Raita Combo,8.287757
2026-01,3043,Chicken Hot n Sour Soup,8.287757
2026-01,3044,Chicken Fry Biryani (5 Plates),8.287757
2026-01,3045,Chicken Club Sandwich,8.287757
2026-01,3046,Veg Garlic Fried Rice,8.287757
2026-01,3047,Chicken Manchurian Gravy,8.287757
2026-01,3048,Veg Mini Meals Combo 3,8.287757
2026-01,3049,Chicken Hakka Noodles (Half),8.287757
2026-01,3050,Veg Cream Of Tomato Soup,8.287757
2026-01,3051,Veg Farm Fresh Pizza,8.287757
2026-01,3052,Dahi Fry,8.287757
2026-01,3053,Cheese Garlic Naan,8.287757
2026-01,3054,Veg Kolhapuri (Half),8.287757
2026-01,3055,Chilli Paneer n Paneer Fried Rice Combo,8.287757
2026-01,3056,Chicken Fry Biryani n Raita Combo,8.287757
2026-01,3057,Chole Masala n Paratha Combo,8.287757
2026-01,3058,Chicken Noodles n Chilli Chicken Combo,8.287757
2026-01,3059,Veg Noodles with Veg Manchurian Combo,8.287757
2026-01,3060,Veg Hyderabadi,8.287757
2026-01,3061,Cheesy Chicken Meatballs,8.287757
2026-01,3062,Chicken Boneless Biryani,8.287757
2026-01,3063,Chicken Bharta,8.287757
2026-01,3064,Chicken Schezwan Fried Rice (Half),8.287757
2026-01,3065,Dry Fruit Milk Shake,8.287757
2026-01,3066,Chicken Hyderabadi,8.287757
2026-01,3067,Chicken Sweet Corn Soup,8.287757
2026-01,3068,Dal Makhani N Jeera Rice Combo,8.287757
2026-01,3069,Egg Bhurji N Roti Combo,8.287757
2026-01,3070,Veg Curry n Phulka Combo,8.287757
2026-01,3071,Veg Cheese Garlic Sandwich,8.287757
2026-01,3072,Veg Chinese Combo 2,8.287757
2026-01,3073,Chicken Mughlai,8.287757
2026-01,3074,Chilli Chicken N Veg Fried Rice Combo,8.287757
2026-01,3075,Veg Double Masala Maggi,8.287757
2026-01,3076,Veg Curry,8.287757
2026-01,3077,Chocolate Ice Cream,8.287757
2026-01,3078,Tawa Paneer,8.287757
2026-01,3079,Veg Kadhi,8.287757
2026-01,3080,Veg Manchurian Gravy (Half),8.287757
2026-01,3081,Veg Lollipop,8.287757
2026-01,3082,Veg Manchurian Gravy n Veg Fried Rice Combo,8.287757
2026-01,3083,Veg Mexican Sandwich,8.287757
2026-01,3084,Dal Makhani n Butter Naan Combo,8.287757
2026-01,3085,Veg Cheese Garlic Bread,8.287757
2026-01,3086,Chicken Curry N Tawa Roti Combo,8.287757
2026-01,3087,Tomato Onion Uttapam,8.287757
2026-01,3088,Vada n Sambhar Combo,8.287757
2026-01,3089,Veg Manchurian Dry (Full),8.287757
2026-01,3090,Plain Steam Rice,8.276177
2026-01,3091,Veg Fried Biryani,8.276177
2026-01,3092,Plain Salted Fries,8.276177
2026-01,3093,Veg Trio Dosa With Idli,8.276177
2026-01,3094,Veg Fried Corn Momos,8.276177
2026-01,3095,Veg Four Cheese Pizza (Large),8.276177
2026-01,3096,Veg Fried Masala Momos,8.276177
2026-01,3097,Plain Salted Lassi,8.276177
2026-01,3098,Veg Mini Standard Thali,8.276177
2026-01,3099,Plain Samosa Veg Cheese Sandwich,8.276177
2026-01,3100,Plain Rice Full,8.276177
2026-01,3101,Plain Samosa Veg Sandwich,8.276177
2026-01,3102,Veg French Fries,8.276177
2026-01,3103,Plain Rice Garam,8.276177
2026-01,3104,Veg Farm House Pizza (Large),8.276177
2026-01,3105,Plain Steamed Basmati Rice,8.276177
2026-01,3106,Veg Farm House Pasta,8.276177
2026-01,3107,Veg Tiwari Spl Thali,8.276177
2026-01,3108,Veg Tiffin Combo 6,8.276177
2026-01,3109,Veg Mini Spl Thali (6 Plates),8.276177
2026-01,3110,Veg Farm House Overloaded Pizza Cheese Burst (Regular),8.276177
2026-01,3111,Veg Farm House Overloaded Pizza (medium),8.276177
2026-01,3112,Veg Farm House Overloaded Pizza (Regular),8.276177
2026-01,3113,Plain Sweet Lassi,8.276177
2026-01,3114,Veg Four Cheese Pizza (Medium),8.276177
2026-01,3115,Veg Family Salad,8.276177
2026-01,3116,Plain Tadka Dal Khichdi,8.276177
2026-01,3117,Veg Trio Dosa With Millet Upma,8.276177
2026-01,3118,Plain Rice (Qtr),8.276177
2026-01,3119,Veg Farm House Pizza (Medium),8.276177
2026-01,3120,Veg Farmville Pizza (Small),8.276177
2026-01,3121,Plain Rice Sambhar,8.276177
2026-01,3122,Plain Rice n Chole Combo,8.276177
2026-01,3123,Veg Four Cheese Pizza,8.276177
2026-01,3124,Veg Tikki Twist Burger,8.276177
2026-01,3125,Veg Foodland Spl Thali,8.276177
2026-01,3126,Veg First Class Thali,8.276177
2026-01,3127,Plain Rice n Curd Rice Combo,8.276177
2026-01,3128,Veg Fine Rice Thali,8.276177
2026-01,3129,Veg Fast Food Thali,8.276177
2026-01,3130,Plain Roast,8.276177
2026-01,3131,Veg Fresh Veggie Pizza,8.276177
2026-01,3132,Veg Mini Thali (20 Plates),8.276177
2026-01,3133,Veg Farmhouse Pizza,8.276177
2026-01,3134,Plain Tadka n Tandoori Roti Combo,8.276177
2026-01,3135,Veg Tikka Biryani,8.276177
2026-01,3136,Plain Roti n Veg Gravy Combo,8.276177
2026-01,3137,Veg Mini Thali (10 Plates),8.276177
2026-01,3138,Veg Frankie Roll,8.276177
2026-01,3139,Veg Tomato n Cheese Sandwich,8.276177
2026-01,3140,Veg Tower Cheese Burger,8.276177
2026-01,3141,Veg Toast Cheese Sandwich,8.276177
2026-01,3142,Veg Farmhouse Grilled Sandwich,8.276177
2026-01,3143,Plain Rice Half,8.276177
2026-01,3144,Veg Farm Pizza (Regular),8.276177
2026-01,3145,Veg Toamto Uttapam,8.276177
2026-01,3146,Veg Farm Pizza (Medium),8.276177
2026-01,3147,Veg Frankie,8.276177
2026-01,3148,Veg Premium Executive Meal,8.276177
2026-01,3149,Veg Family Pack (Pack Of 5),8.276177
2026-01,3150,Poha Combo,8.276177
2026-01,3151,Veg Thali (4 Person),8.276177
2026-01,3152,Veg Dry Sabji n Tawa Roti Combo,8.276177
2026-01,3153,Poha (350g),8.276177
2026-01,3154,Veg Mix Veg Sandwich,8.276177
2026-01,3155,Veg Dum Biryani (5 Plates),8.276177
2026-01,3156,Veg Mix Veg Pizza (small),8.276177
2026-01,3157,Podi Uttapam n Mix Veg Uttapam Combo,8.276177
2026-01,3158,Podi Uttapam,8.276177
2026-01,3159,Podi Roast Dosa,8.276177
2026-01,3160,Veg Mix Veg Pizza (Small),8.276177
2026-01,3161,Podi Masala Dosa,8.276177
2026-01,3162,Veg Dum Biryani (full),8.276177
2026-01,3163,Podi Dosa n Sambhar Combo,8.276177
2026-01,3164,Veg Dum Biryani 2.0 (Full),8.276177
2026-01,3165,Veg Dum Biryani 2.0 (Half),8.276177
2026-01,3166,Podi Dosa Combo,8.276177
2026-01,3167,Veg Dum Biryani Handi (600 Gms),8.276177
2026-01,3168,Poha (jain),8.276177
2026-01,3169,Poha Jalebi Combo,8.276177
2026-01,3170,Veg Family Food Pack (4 -6 Person),8.276177
2026-01,3171,Veg Thali (20 Plates),8.276177
2026-01,3172,Veg Double Topping Pizza n Pasta Combo,8.276177
2026-01,3173,Veg Mixed Fried Noodles,8.276177
2026-01,3174,Veg Thai Herb Chilli Noodles,8.276177
2026-01,3175,Pomegrante Shake,8.276177
2026-01,3176,Veg Double Veggie Sandwich,8.276177
2026-01,3177,Poha with Veg Grilled Sandwich Combo,8.276177
2026-01,3178,Poha with Shev,8.276177
2026-01,3179,Poha with Sev,8.276177
2026-01,3180,Poha n Samosa with Jalebi Combo,8.276177
2026-01,3181,Poha n Jalebi Combo,8.276177
2026-01,3182,Veg Dry Manchurian,8.276177
2026-01,3183,Poha and Jalebi Combo,8.276177
2026-01,3184,Poha With Veg Grilled Sandwich Combo,8.276177
2026-01,3185,Veg Mix Veg Soup,8.276177
2026-01,3186,Poha Sev,8.276177
2026-01,3187,Poha N Samosa With Jalebi Combo,8.276177
2026-01,3188,Poha N Curd Combo,8.276177
2026-01,3189,Veg Dum Biryani Meal Box,8.276177
2026-01,3190,Pnaeer Tikka Masala,8.276177
2026-01,3191,Veg Thali (8 Plates),8.276177
2026-01,3192,Plate Shawarma,8.276177
2026-01,3193,Veg Mix Noodles,8.276177
2026-01,3194,Plain Tawa Paratha With Curd (2pc),8.276177
2026-01,3195,Veg Thali n Shirkhand Combo,8.276177
2026-01,3196,Veg Thali with Curd,8.276177
2026-01,3197,Veg Excutive Thali (20 Plates),8.276177
2026-01,3198,Plain Punjabi Lassi,8.276177
2026-01,3199,Veg Executive Meal Tray,8.276177
2026-01,3200,Veg Mix Fry Rice (Half),8.276177
2026-01,3201,Veg Executive Meal Tray (5 Plates),8.276177
2026-01,3202,Veg Mix Chowmein (Half),8.276177
2026-01,3203,Veg Thikana Restaurant Maharaja Thali,8.276177
2026-01,3204,Veg Executive Thali (5 Plates),8.276177
2026-01,3205,Veg Exotica Pizza,8.276177
2026-01,3206,Veg Extravaganza Pizza (Large),8.276177
2026-01,3207,Veg Falafel Wrap,8.276177
2026-01,3208,Veg Thikana Spl Jain Thali (Sudh Desi Ghee),8.276177
2026-01,3209,Veg Falhari Thali,8.276177
2026-01,3210,Veg Elite Thali,8.276177
2026-01,3211,Veg Thali n Gualab Jamun Combo,8.276177
2026-01,3212,Plain Tawa Paratha with Curd Combo,8.276177
2026-01,3213,Veg Thali (Small),8.276177
2026-01,3214,Veg Dum Biryani Minis @ Rs 99 Each (3 Nos) (with Raita),8.276177
2026-01,3215,Plate Meal Thali  (Serves 1),8.276177
2026-01,3216,Plate Chicken Shawarma n Blue Currant Mojito Combo,8.276177
2026-01,3217,Plate Chicken Biryani,8.276177
2026-01,3218,Veg Mix Schezwan Fried Rice,8.276177
2026-01,3219,Plan Fries,8.276177
2026-01,3220,Plain Veggie Sandwich,8.276177
2026-01,3221,Plain Veg Biryani,8.276177
2026-01,3222,Veg Thali 3,8.276177
2026-01,3223,Plain Vada,8.276177
2026-01,3224,Veg Thali (Tawa Butter Roti),8.276177
2026-01,3225,Veg Dum Biryani With Raita Combo,8.276177
2026-01,3226,Veg Mix Sauce Pasta,8.276177
2026-01,3227,Veg Dum Biryani with Raita Combo,8.276177
2026-01,3228,Veg Mix Pizza,8.276177
2026-01,3229,Veg Thali 2,8.276177
2026-01,3230,Plain Tawa Paratha With Curd (2),8.276177
2026-01,3231,Plain Paratha n Seasonal Sabji Combo,8.276177
2026-01,3232,Veg Fried Rice (Chinese),8.276177
2026-01,3233,Plain Curd (250gm),8.276177
2026-01,3234,Plain Curd (100ml),8.276177
2026-01,3235,Veg Uttapam n Cold Drink Combo,8.276177
2026-01,3236,Veg Fully Loaded Pizza (Medium),8.276177
2026-01,3237,Plain Chutney Cheese Sandwich,8.276177
2026-01,3238,Plain Chole N Paratha Combo,8.276177
2026-01,3239,Plain Chocolate Cheese Sandwich,8.276177
2026-01,3240,Plain Chicken Roll,8.276177
2026-01,3241,Plain Chicken Biryani,8.276177
2026-01,3242,Veg Galouti Platter,8.276177
2026-01,3243,Plain Cheese Pizza (Small),8.276177
2026-01,3244,Plain Cheese Pizza (Medium),8.276177
2026-01,3245,Veg Garden Fresh Pizza,8.276177
2026-01,3246,Plain Cheese Dosa,8.276177
2026-01,3247,Veg Vada Thali,8.276177
2026-01,3248,Plain Chapati n Veg Korma Combo,8.276177
2026-01,3249,Veg Garden Special Pizza (Small),8.276177
2026-01,3250,Veg Garlic Bread with Cheese,8.276177
2026-01,3251,Plain Curd (250g),8.276177
2026-01,3252,Plain Curd (Full),8.276177
2026-01,3253,Plain Egg Omelette,8.276177
2026-01,3254,Veg Fully Loaded Pizza (Large),8.276177
2026-01,3255,Veg Triple Topping Corn Onion n Capsicum Pizza,8.276177
2026-01,3256,Plain Dosa n Sambhar Combo,8.276177
2026-01,3257,Veg Fried Rice with Chilli Mushroom Combo,8.276177
2026-01,3258,Veg Umiya Spl Rice Thali,8.276177
2026-01,3259,Veg Fried Rice with Chilli Paneer Combo,8.276177
2026-01,3260,Veg Fried Rice with Paneer Combo,8.276177
2026-01,3261,Veg Fried n Schezwan Momos,8.276177
2026-01,3262,Plain Dal Khichdi,8.276177
2026-01,3263,Plain Dal (Half),8.276177
2026-01,3264,Veg Fried n Veg Manchurian Combo,8.276177
2026-01,3265,Plain Dal (Full),8.276177
2026-01,3266,Veg Upma,8.276177
2026-01,3267,Plain Dahi (Half),8.276177
2026-01,3268,Plain Dahi,8.276177
2026-01,3269,Veg Fry Momos,8.276177
2026-01,3270,Veg Fry Rice,8.276177
2026-01,3271,Veg Fry Rice (Full),8.276177
2026-01,3272,Plain Chach,8.276177
2026-01,3273,Plain Chaap Gravy,8.276177
2026-01,3274,Veg Garlic French Fries,8.276177
2026-01,3275,Plain Butter Pav,8.276177
2026-01,3276,Plain Arhar Fry Dal,8.276177
2026-01,3277,Veg Ginger Garlic Noodles,8.276177
2026-01,3278,Veg White Pasta (Half),8.276177
2026-01,3279,Veg Mexican Tacos,8.276177
2026-01,3280,Pizza Style Momos,8.276177
2026-01,3281,Veg Gobhi 65,8.276177
2026-01,3282,Pizza Sandwich,8.276177
2026-01,3283,Veg Gobhi Fried Rice n Brownie Combo,8.276177
2026-01,3284,Veg White Sauce Pasta (Full),8.276177
2026-01,3285,Pizza Puff (Pack of 4),8.276177
2026-01,3286,Veg Mexican Style Burger,8.276177
2026-01,3287,Pizza Mania Paneer n Onion Pizza (Regular 6 Inch),8.276177
2026-01,3288,Pizza Mania Onion Pizza (Regular 6 Inch),8.276177
2026-01,3289,Pizza Combo,8.276177
2026-01,3290,Pizza Burrito,8.276177
2026-01,3291,Veg White Sauce Pasta (Half),8.276177
2026-01,3292,Pista Shakes,8.276177
2026-01,3293,Veg Mexican Wrap,8.276177
2026-01,3294,Veg White Pasta,8.276177
2026-01,3295,Plain Bhakri,8.276177
2026-01,3296,Veg Garlic Sandwich,8.276177
2026-01,3297,Plain Butter Omelette,8.276177
2026-01,3298,Veg Garlic Pizza (Medium),8.276177
2026-01,3299,Veg Garlic Rice,8.276177
2026-01,3300,Plain Bread Butter Sandwich,8.276177
2026-01,3301,Veg Vglj Spl Thali,8.276177
2026-01,3302,Veg Volcano Pizza (Medium),8.276177
2026-01,3303,Plain Bread Butter Grilled Sandwich,8.276177
2026-01,3304,Veg Mini Banarasi Thali,8.276177
2026-01,3305,Plain Biryani,8.276177
2026-01,3306,Veg Ghee Masala Roast,8.276177
2026-01,3307,Plain Biryani Rice,8.276177
2026-01,3308,Plain Biryani Non Veg Combo,8.276177
2026-01,3309,Veg Ghee Podi Roast,8.276177
2026-01,3310,Veg Wheat Chatpata Classic Wrap,8.276177
2026-01,3311,Plain Biryani Dum Rice,8.276177
2026-01,3312,Veg Ghee Rava Masala Roast,8.276177
2026-01,3313,Veg Fried Rice n Veg Puff with Veg Sandwich Combo,8.276177
2026-01,3314,Plain Fine Rice (Full),8.276177
2026-01,3315,Veg Trio Dosa With Shira Jain Style,8.276177
2026-01,3316,Plain Paratha n Plain Curd Combo,8.276177
2026-01,3317,Veg Fried Rice N Gobhi Manchurian Combo,8.276177
2026-01,3318,Veg Trio Dosa with Millet Upma,8.276177
2026-01,3319,Plain Paratha n Aloo Jeera Combo,8.276177
2026-01,3320,Veg Fried Rice N Noodles Combo,8.276177
2026-01,3321,Plain Paratha Thali,8.276177
2026-01,3322,Plain Paratha N Seasonal Sabji Combo,8.276177
2026-01,3323,Veg Trio Dosa with Sambhar,8.276177
2026-01,3324,Plain Paratha N Sabji Combo,8.276177
2026-01,3325,Plain Paratha N Aloo Jeera Combo,8.276177
2026-01,3326,Plain Paratha (2pc),8.276177
2026-01,3327,Veg Fried Rice N Veg Chilli Combo,8.276177
2026-01,3328,Veg Fried Rice N Veg Chilli Paneer Gravy Combo,8.276177
2026-01,3329,Veg Mini Paneer Thali,8.276177
2026-01,3330,Veg Trio Dosa with Upma,8.276177
2026-01,3331,Veg Mini Meals Combo 5,8.276177
2026-01,3332,Veg Fried Rice Red n Spl Veggies,8.276177
2026-01,3333,Plain Onion Rava Dosa,8.276177
2026-01,3334,Plain Paratha n Jeera Aloo Combo,8.276177
2026-01,3335,Veg Fried Rice N Chilli Paneer With Veg Manchurian Combo,8.276177
2026-01,3336,Plain Fine Rice (Half),8.276177
2026-01,3337,Plain Paratha n Raita Combo,8.276177
2026-01,3338,Plain Pesarattu Dosa,8.276177
2026-01,3339,Plain Pesara Dosa,8.276177
2026-01,3340,Veg Mini Samosa,8.276177
2026-01,3341,Plain Parotta n Veg Kurma Combo,8.276177
2026-01,3342,Plain Parotta n Curd Combo,8.276177
2026-01,3343,Veg Trio Dosa With Upma,8.276177
2026-01,3344,Veg Fried Rice (Indian),8.276177
2026-01,3345,Veg Fried Rice (Jain),8.276177
2026-01,3346,Veg Fried Rice (chinese),8.276177
2026-01,3347,Veg Fried Rice (indian),8.276177
2026-01,3348,Veg Trio Dosa with Idli Jain Style,8.276177
2026-01,3349,Plain Paratha with Bhaji Combo,8.276177
2026-01,3350,Veg Fried Rice N Chilli Chicken Combo,8.276177
2026-01,3351,Veg Double Topping Pizza n Garlic Bread Combo,8.276177
2026-01,3352,Plain Paratha n Sabji Combo,8.276177
2026-01,3353,Veg Fried Rice N Chilli Mushroom Combo,8.276177
2026-01,3354,Veg Fried Rice N Chilli Paneer Dry/gravy Combo,8.276177
2026-01,3355,Plain Onion Dosa,8.276177
2026-01,3356,Plain Omelette (egg),8.276177
2026-01,3357,Plain Omelette (Egg),8.276177
2026-01,3358,Veg Mini Meals Combo 4,8.276177
2026-01,3359,Veg Fried Rice n Raita Como,8.276177
2026-01,3360,Veg Fried Rice n Sauce Combo,8.276177
2026-01,3361,Plain Khichiya,8.276177
2026-01,3362,Veg Fried Rice n Veg Chilli Paneer Gravy Combo,8.276177
2026-01,3363,Plain Khichdi with Curd,8.276177
2026-01,3364,Plain Khichdi n Curd Combo,8.276177
2026-01,3365,Veg Triple Schezwan Noodles,8.276177
2026-01,3366,Plain Kadhi,8.276177
2026-01,3367,Plain Jam Cheese Sandwich,8.276177
2026-01,3368,Plain Jam Butter Sandwich,8.276177
2026-01,3369,Veg Fried Rice n Veg Chilli Paneer with Raita Combo,8.276177
2026-01,3370,Plain Herbed Garlic Bread,8.276177
2026-01,3371,Veg Fried Rice n Veg Curry Combo,8.276177
2026-01,3372,Veg Mini Meal Tray,8.276177
2026-01,3373,Plain Fries,8.276177
2026-01,3374,Veg Fried Rice n Veg Manchurian Gravy Combo,8.276177
2026-01,3375,Veg Fried Rice n Veg Manchurian with Gulab Jamun Combo,8.276177
2026-01,3376,Veg Fried Rice n Raita Combo,8.276177
2026-01,3377,Veg Triple Schezwan Fried Rice with Gravy,8.276177
2026-01,3378,Veg Mini Meals (Vearity Meals with Chapati),8.276177
2026-01,3379,Veg Fried Rice With Paneer Combo,8.276177
2026-01,3380,Veg Triple Fried Noodles,8.276177
2026-01,3381,Veg Fried Rice Rice n Raita Combo,8.276177
2026-01,3382,Veg Triple Noodles,8.276177
2026-01,3383,Plain Normal Rice (Half),8.276177
2026-01,3384,Plain Normal Rice (Full),8.276177
2026-01,3385,Plain Naan Combo,8.276177
2026-01,3386,Veg Triple Noodles n Soup Combo,8.276177
2026-01,3387,Plain Mysore Dosa,8.276177
2026-01,3388,Veg Fried Rice n Gobhi Manchurian Combo,8.276177
2026-01,3389,Veg Fried Rice With Veg Manchurian Gravy Combo,8.276177
2026-01,3390,Veg Mini Meals Combo 2,8.276177
2026-01,3391,Veg Fried Rice n Boondi Raita Combo,8.276177
2026-01,3392,Veg Fried Rice n Chicken Combo,8.276177
2026-01,3393,Veg Fried Rice n Chilli Chicken Combo,8.276177
2026-01,3394,Veg Mini Meals Combo 1,8.276177
2026-01,3395,Veg Fried Rice n Chilli Potato Combo,8.276177
2026-01,3396,Veg Tfs Maharaja Thali,8.276177
2026-01,3397,Veg Double Decker Burger,8.276177
2026-01,3398,Veg Double Topping Pizza n Fries Combo,8.276177
2026-01,3399,Veg Mushroom Pizza (Small),8.276177
2026-01,3400,Punjabi Masala Chole N Bhature Combo,8.276177
2026-01,3401,Punjabi Lassi,8.276177
2026-01,3402,Veg Supreme Paneer Pizza (Large),8.276177
2026-01,3403,Veg Corn n Cheese Pizza,8.276177
2026-01,3404,Veg Mushroom Noodles,8.276177
2026-01,3405,Veg Corn n Cheese Pizza (Large),8.276177
2026-01,3406,Veg Corn n Cheese Pizza (Medium),8.276177
2026-01,3407,Veg Corn n Cheese Pizza (Small),8.276177
2026-01,3408,Veg Corn n Cheese Steam Momos,8.276177
2026-01,3409,Punjabi Fix Thali (Plates 5),8.276177
2026-01,3410,Veg Supreme Paneer Pizza (small),8.276177
2026-01,3411,Punjabi Fish (Full),8.276177
2026-01,3412,Punjabi Egg Curry,8.276177
2026-01,3413,Punjabi Dum Aloo,8.276177
2026-01,3414,Veg Mushroom Noddles,8.276177
2026-01,3415,Veg Country Spl Pizza,8.276177
2026-01,3416,Veg Couple Combo,8.276177
2026-01,3417,Punjabi Masala Chole n Bhature Combo,8.276177
2026-01,3418,Punjabi Masala Sandwich (Non-Grilled),8.276177
2026-01,3419,Punjabi Dal Tadka (Half),8.276177
2026-01,3420,Punjabi Mini Samosa,8.276177
2026-01,3421,Punjabi Thali (4 Plates),8.276177
2026-01,3422,Veg Corn n Cheese Fried Momos,8.276177
2026-01,3423,Punjabi Tadka Dal (Half),8.276177
2026-01,3424,Punjabi Spl Kheer,8.276177
2026-01,3425,Punjabi Special Khichdi,8.276177
2026-01,3426,Veg Mushroom Pizza (medium),8.276177
2026-01,3427,Punjabi Soya Chaap,8.276177
2026-01,3428,Punjabi Sev Bhaji,8.276177
2026-01,3429,Punjabi Paratha,8.276177
2026-01,3430,Punjabi Paneer n Tandoori Roti Combo,8.276177
2026-01,3431,Punjabi Paneer n Rice with Paratha Combo,8.276177
2026-01,3432,Punjabi Paneer Veg n Chapati Combo,8.276177
2026-01,3433,Punjabi Paneer Thali,8.276177
2026-01,3434,Punjabi Paneer Masala,8.276177
2026-01,3435,Veg Supreme Burger,8.276177
2026-01,3436,Punjabi Pan Shake,8.276177
2026-01,3437,Punjabi Missi Roti,8.276177
2026-01,3438,Veg Cream Of Mushroom Soup,8.276177
2026-01,3439,Punjabi Dal Tadka,8.276177
2026-01,3440,Veg Double Topping Onion n Jalapeno Pizza,8.276177
2026-01,3441,Veg Crispy Aloo Tikki Burger,8.276177
2026-01,3442,Punjabi Chana Masala,8.276177
2026-01,3443,Punjabi Butter Roti,8.276177
2026-01,3444,Veg Mushroom Masala,8.276177
2026-01,3445,Punjabi Butter Khichdi,8.276177
2026-01,3446,Veg Mushroom Gravy,8.276177
2026-01,3447,Veg Swaminarayan Mini Thali,8.276177
2026-01,3448,Punjabi Aloo Paratha with Butter,8.276177
2026-01,3449,Punjabi Aloo Paratha With Butter,8.276177
2026-01,3450,Punjabi Aloo Paratha,8.276177
2026-01,3451,Pundina Paratha,8.276177
2026-01,3452,Pulled Bbq Chicken Pizza,8.276177
2026-01,3453,Veg Crispy Delight Burger n French Fries with Drink Combo,8.276177
2026-01,3454,Puliyodharai Rice Combo Box,8.276177
2026-01,3455,Puliyodharai Rice,8.276177
2026-01,3456,Pulao Combo,8.276177
2026-01,3457,Veg Sweet Corn Sandwich,8.276177
2026-01,3458,Pudina Butter Naan,8.276177
2026-01,3459,Punjabi Chana Masala n Stuffed Kulcha Combo,8.276177
2026-01,3460,Veg Cripsy In Garlic Sauce,8.276177
2026-01,3461,Punjabi Dal Makhani Rice Combo,8.276177
2026-01,3462,Veg Creamy White Pasta,8.276177
2026-01,3463,Punjabi Dal Makhani,8.276177
2026-01,3464,Veg Mushroom Momos,8.276177
2026-01,3465,Veg Cream Sauce Pasta,8.276177
2026-01,3466,Veg Creamy Alfredo Pasta,8.276177
2026-01,3467,Veg Creamy Cheese Pizza,8.276177
2026-01,3468,Veg Creamy Cheese White Pasta,8.276177
2026-01,3469,Punjabi Chole n Lachcha Paratha Combo,8.276177
2026-01,3470,Punjabi Chole n Jeera Rice Combo,8.276177
2026-01,3471,Punjabi Chole n Chapati Combo,8.276177
2026-01,3472,Veg Creamy Pasta Combo,8.276177
2026-01,3473,Punjabi Chole N Poori Combo,8.276177
2026-01,3474,Punjabi Chole Masala Bhature,8.276177
2026-01,3475,Punjabi Chole Masala,8.276177
2026-01,3476,Punjabi Chole,8.276177
2026-01,3477,Punjabi Chicken Masala,8.276177
2026-01,3478,Punjabi Chicken (Half),8.276177
2026-01,3479,Punjabi Chicken (Full),8.276177
2026-01,3480,Punjabi Thali (5 Plates),8.276177
2026-01,3481,Punjabi Thali (6 Plates),8.276177
2026-01,3482,Veg Corn Tomato Pizza,8.276177
2026-01,3483,Rajasthani Dal Bati Combo,8.276177
2026-01,3484,Rajam n Rice Combo,8.276177
2026-01,3485,Raj bhog,8.276177
2026-01,3486,Raj Bhog (1pc),8.276177
2026-01,3487,Raita (Half),8.276177
2026-01,3488,Veg Sudama Spl Thali,8.276177
2026-01,3489,Ragi Upma,8.276177
2026-01,3490,Ragi Podi Dosa,8.276177
2026-01,3491,Ragi Dosa,8.276177
2026-01,3492,Rad Sauce Pasta,8.276177
2026-01,3493,Veg Corn Cheese Grilled Sandwich,8.276177
2026-01,3494,Veg Corn Cheese Masala Maggi,8.276177
2026-01,3495,Rabri (half),8.276177
2026-01,3496,Veg Corn Cheese Sandwich,8.276177
2026-01,3497,Rabri (Full),8.276177
2026-01,3498,Rabri,8.276177
2026-01,3499,Rabdi Pastry,8.276177
2026-01,3500,Rabdi Gulab Jamun,8.276177
2026-01,3501,Veg Stuffed Paratha n Plain Curd Combo,8.276177
2026-01,3502,Rajasthani Gatta,8.276177
2026-01,3503,Punjabi Thali (Plates 5),8.276177
2026-01,3504,Rajasthani Gatta Pulao,8.276177
2026-01,3505,Rajma Chawal (Full),8.276177
2026-01,3506,Veg Stuffed Paratha,8.276177
2026-01,3507,Rajma (Half),8.276177
2026-01,3508,Veg Combo 6,8.276177
2026-01,3509,Veg Combo Meal 12,8.276177
2026-01,3510,Veg Combo Meal 2,8.276177
2026-01,3511,Rajma (Full),8.276177
2026-01,3512,Rajma & Chapati Lunchbox,8.276177
2026-01,3513,Veg Combo Meal 3,8.276177
2026-01,3514,Veg Combo Meal 8,8.276177
2026-01,3515,Rajbhog Dry Fruit Shake,8.276177
2026-01,3516,Veg Combo Meal 9,8.276177
2026-01,3517,Veg Combo Spl,8.276177
2026-01,3518,Veg Combo Spl Combo,8.276177
2026-01,3519,Veg Continental Combo,8.276177
2026-01,3520,Veg Stuffed Paratha n Curd Combo,8.276177
2026-01,3521,Rajasthani Methi Paratha,8.276177
2026-01,3522,Rabdi Cake,8.276177
2026-01,3523,Veg Corn Grill Sandwich,8.276177
2026-01,3524,Veg Suffed Paratha,8.276177
2026-01,3525,Qfc Qadris Fried Chicken Popcorn,8.276177
2026-01,3526,Veg Super Thali,8.276177
2026-01,3527,Veg Corn N Cheese Pizza,8.276177
2026-01,3528,Veg Mushroom Soup,8.276177
2026-01,3529,Pure Jain Spl Deluxe Thali,8.276177
2026-01,3530,Veg Mushroom Sandwich,8.276177
2026-01,3531,Pure Ghee Tawa Roti,8.276177
2026-01,3532,Pure Filter Coffee,8.276177
2026-01,3533,Veg Corn Pizza (Small),8.276177
2026-01,3534,Pure Desi Ghee Upma,8.276177
2026-01,3535,Puran Poli (Maharashtra Special Dish),8.276177
2026-01,3536,Punugu (3pc),8.276177
2026-01,3537,Punjabi Veg Biryani,8.276177
2026-01,3538,Veg Corn Sandwich,8.276177
2026-01,3539,Veg Corn Sandwich (Double Cheese),8.276177
2026-01,3540,Veg Corn Sandwich (double Cheese),8.276177
2026-01,3541,Punjabi Thali (plates 5),8.276177
2026-01,3542,Veg Corn Soup,8.276177
2026-01,3543,Purohit Paneer Sabji n Plain Rice/Jeera Rice Combo,8.276177
2026-01,3544,Veg Super Special Thali,8.276177
2026-01,3545,Veg Super Deluxe Thali (5 Plates),8.276177
2026-01,3546,Veg Sunflare Spl Thali (5 Plates),8.276177
2026-01,3547,QFC Qadris Fried Chicken Popcorn,8.276177
2026-01,3548,Pyaz Paratha with Curd Combo,8.276177
2026-01,3549,Veg Mushroom Spl Biryani,8.276177
2026-01,3550,Pyaz Paratha Paratha n Curd Combo,8.276177
2026-01,3551,Veg Corn Maggi,8.276177
2026-01,3552,Pyaz Paratha N Curd Combo,8.276177
2026-01,3553,Veg Corn Mania Pizza (Regular),8.276177
2026-01,3554,Veg Corn Mania Pizza (regular),8.276177
2026-01,3555,Purohit Spl Paneer,8.276177
2026-01,3556,Veg Corn Mushroom Pizza,8.276177
2026-01,3557,Pyaaz Paratha with Curd,8.276177
2026-01,3558,Pyaaz Paratha,8.276177
2026-01,3559,Puttu with Chicken Roast Combo,8.276177
2026-01,3560,Puttu with Chicken Korma Combo,8.276177
2026-01,3561,Veg Corn Mushroom Sandwich,8.276177
2026-01,3562,Puttu,8.276177
2026-01,3563,Veg Crispy Dry Gobi Manchurian,8.276177
2026-01,3564,Veg Crispy Noodles,8.276177
2026-01,3565,Veg Crispy Vada Pav,8.276177
2026-01,3566,Poori With Chole Combo,8.276177
2026-01,3567,Poori Upma,8.276177
2026-01,3568,Veg Desi Pizza (Mini),8.276177
2026-01,3569,Veg Desi Sandwich,8.276177
2026-01,3570,Poori Shaak,8.276177
2026-01,3571,Veg Tandoori Paneer Maggi,8.276177
2026-01,3572,Veg Desi Tikka Burger,8.276177
2026-01,3573,Veg Mixed Raita,8.276177
2026-01,3574,Poori Set ,8.276177
2026-01,3575,Veg Dhaba Style Maggi (200ml),8.276177
2026-01,3576,Veg Diabetic Thali,8.276177
2026-01,3577,Veg Diet Pizza (small),8.276177
2026-01,3578,Veg Tandoori Paneer Pizza (Jain),8.276177
2026-01,3579,Veg Dinner Combo 2,8.276177
2026-01,3580,Poori Sabji n Rice with Curd Combo,8.276177
2026-01,3581,Veg Tandoori Paneer Tikka Pizza (Small),8.276177
2026-01,3582,Veg Tandoori Pasta,8.276177
2026-01,3583,Veg Tandoori Pasta (450ml),8.276177
2026-01,3584,Poori With Aloo Sabji,8.276177
2026-01,3585,Veg Tandoori Paneer Cheese Pizza,8.276177
2026-01,3586,Veg Tamoto Soup,8.276177
2026-01,3587,Poori n Aloo Masala Combo,8.276177
2026-01,3588,Poori n Masala Curry Combo,8.276177
2026-01,3589,Veg Deluxe Thali With Dal,8.276177
2026-01,3590,Veg Deluxe Thali With Kesar Rabdi,8.276177
2026-01,3591,Veg Tandoori Cheese Sandwich,8.276177
2026-01,3592,Poori n Kachori Combo,8.276177
2026-01,3593,Poori n Jeera Aloo Combo,8.276177
2026-01,3594,Veg Tandoori Maggi,8.276177
2026-01,3595,Veg Deluxe Thali With Mix Veg,8.276177
2026-01,3596,Poori n Dosa with Coffee Combo,8.276177
2026-01,3597,Poori n Chana Masala Combo,8.276177
2026-01,3598,Poori n Bhaji Combo ,8.276177
2026-01,3599,Veg Momos Fried,8.276177
2026-01,3600,Veg Deluxe Thali with Butter Roti,8.276177
2026-01,3601,Veg Tandoori Paneer Burger,8.276177
2026-01,3602,Veg Deluxe Thali with Kesar Rabdi,8.276177
2026-01,3603,Veg Mni Rice Thali,8.276177
2026-01,3604,Veg Mixed Spl Combo,8.276177
2026-01,3605,Veg Mixed Noodles,8.276177
2026-01,3606,Veg Diwani Handi,8.276177
2026-01,3607,Veg Double Cheese Burger,8.276177
2026-01,3608,Veg Tandoori Pizza Sandwich,8.276177
2026-01,3609,Poori Bhaji with Aloo Chole,8.276177
2026-01,3610,Veg Tawa Biryani (Half),8.276177
2026-01,3611,Poori Bhaji n Sheer Combo,8.276177
2026-01,3612,Pista Lassi,8.276177
2026-01,3613,Poori Bhaji Thali,8.276177
2026-01,3614,Poori Bhaji N Sheer Combo,8.276177
2026-01,3615,Veg Tawa Dam Biryani (Full),8.276177
2026-01,3616,Veg Double Maggi,8.276177
2026-01,3617,Veg Tawa Masala,8.276177
2026-01,3618,Poori Aloo Sabzi,8.276177
2026-01,3619,Veg Double Patty Burger,8.276177
2026-01,3620,Veg Tawa Pulao,8.276177
2026-01,3621,Veg Double Tikki Burger,8.276177
2026-01,3622,Veg Double Topping Corn n Mushroom Pizza,8.276177
2026-01,3623,Veg Teja Food Station Spl Thali,8.276177
2026-01,3624,Pookie (mini) Bowl Meal Combo,8.276177
2026-01,3625,Pongal n Vada Combo,8.276177
2026-01,3626,Poori Bhaji with Sweet Combo,8.276177
2026-01,3627,Poori Curry,8.276177
2026-01,3628,Poori Feast Box,8.276177
2026-01,3629,Veg Tarkari Dum Biryani,8.276177
2026-01,3630,Veg Double Cheese Margherita (Regular),8.276177
2026-01,3631,Veg Tandoori Platter,8.276177
2026-01,3632,Veg Double Cheese Margherita Pizza,8.276177
2026-01,3633,Poori N Bhaji Combo ,8.276177
2026-01,3634,Poori N Bhaji Combo,8.276177
2026-01,3635,Veg Tandoori Roll,8.276177
2026-01,3636,Veg Tandoori Sandwich,8.276177
2026-01,3637,Veg Taste Buds Chef Sandwich,8.276177
2026-01,3638,Poori Kizhangu,8.276177
2026-01,3639,Poori N Aloo Curry Combo,8.276177
2026-01,3640,Poori Masala Thali,8.276177
2026-01,3641,Veg Tasty Aloo Poori Thali,8.276177
2026-01,3642,Poori Masala Set,8.276177
2026-01,3643,Veg Double Cheese Pizza (Regular),8.276177
2026-01,3644,Veg Double Chesse Burger,8.276177
2026-01,3645,Veg Tawa Biryani (Full),8.276177
2026-01,3646,Veg Deluxe Thali (20 Plates),8.276177
2026-01,3647,Veg Deluxe Thali (10 Plates),8.276177
2026-01,3648,Veg Crunchy Burger,8.276177
2026-01,3649,Veg Sweet N Sour Spl Pizza,8.276177
2026-01,3650,Prawns Pasta with Mayo,8.276177
2026-01,3651,Prawns Masala,8.276177
2026-01,3652,Veg Szechwan Maggi,8.276177
2026-01,3653,Prawns Hot n Garlic,8.276177
2026-01,3654,Prawns Fry Thali,8.276177
2026-01,3655,Veg Curry n Rice Combo,8.276177
2026-01,3656,Prawns Fry Biryani,8.276177
2026-01,3657,Prawns Fry,8.276177
2026-01,3658,Prawns Fried Rice,8.276177
2026-01,3659,Prawns Fish Thali,8.276177
2026-01,3660,Veg Curry n Roti Como,8.276177
2026-01,3661,Prawns Curry n Rice Combo,8.276177
2026-01,3662,Prawns Curry n Phulka Combo,8.276177
2026-01,3663,Veg Curry with Roti Combo,8.276177
2026-01,3664,Prawns Curry N Rice Combo,8.276177
2026-01,3665,Prawns Curry N Phulka Combo,8.276177
2026-01,3666,Prawns Curry,8.276177
2026-01,3667,Veg Curry n Phulka Cambo,8.276177
2026-01,3668,Veg Curry n Paratha Combo,8.276177
2026-01,3669,Poori n Upma Combo,8.276177
2026-01,3670,Veg Sweet Corn Treat Pizza,8.276177
2026-01,3671,Premium Veg Pack Pizza Of 4,8.276177
2026-01,3672,Veg Crunchy Potato Burger,8.276177
2026-01,3673,Veg Cucumber Raita,8.276177
2026-01,3674,Premium Thali (5 Plates),8.276177
2026-01,3675,Veg Curry N Chapati Combo,8.276177
2026-01,3676,Veg Mushroom Cream Soup,8.276177
2026-01,3677,Veg Curry N Parotta Combo,8.276177
2026-01,3678,Veg Mushroom Cheese Sandwich,8.276177
2026-01,3679,Veg Mushroom Biryani n Raita Combo,8.276177
2026-01,3680,Premium Cold Coffee,8.276177
2026-01,3681,Premium Chicken Thali,8.276177
2026-01,3682,Veg Mushroom Biryani Thali,8.276177
2026-01,3683,Veg Curry N Phulka Combo,8.276177
2026-01,3684,Pre Veg Thali,8.276177
2026-01,3685,Prawns Schezwan Fried Rice,8.276177
2026-01,3686,Prawns Rice,8.276177
2026-01,3687,Prawns Pepper Masala,8.276177
2026-01,3688,Prawns Chettinad,8.276177
2026-01,3689,Prawns Biryani n Raita Combo,8.276177
2026-01,3690,Prawns Biryani (Full),8.276177
2026-01,3691,Veg Mushoom Soup,8.276177
2026-01,3692,Veg Munchurian Gravy,8.276177
2026-01,3693,Potato Paratha,8.276177
2026-01,3694,Potato Fry Sandwich,8.276177
2026-01,3695,Veg Tadka n Butter Roti Combo,8.276177
2026-01,3696,Potato Chilli Shots with Mayo Dip,8.276177
2026-01,3697,Potato Bhajiya,8.276177
2026-01,3698,Potali Dum Biryani,8.276177
2026-01,3699,Veg Deluxe Gujarati Thali,8.276177
2026-01,3700,Poori with Aloo Sabji Combo,8.276177
2026-01,3701,Veg Multi Cheese Pizza (Small),8.276177
2026-01,3702,Veg Deluxe Punjabi Thali,8.276177
2026-01,3703,Veg Mughlai Biryani,8.276177
2026-01,3704,Veg Tadka n Roti Combo,8.276177
2026-01,3705,Poori with Aloo Sabji,8.276177
2026-01,3706,Veg Moroccan Spicy Pasta Pizza (Small),8.276177
2026-01,3707,Veg Momos n Chocolate Milk Shake Combo,8.276177
2026-01,3708,Poori n Veg Korma Combo,8.276177
2026-01,3709,Veg Deluxe Gold Thali,8.276177
2026-01,3710,Potato Wedges (Medium),8.276177
2026-01,3711,Veg Tadka N Roti Combo,8.276177
2026-01,3712,Prawn Fried Rice,8.276177
2026-01,3713,Veg Tadka Maggi,8.276177
2026-01,3714,Veg Cutlet n French Fries Combo,8.276177
2026-01,3715,Prawns Biryani (2 Person),8.276177
2026-01,3716,Prawns Biryani (1 Person),8.276177
2026-01,3717,Veg Daily Spl Pulao,8.276177
2026-01,3718,Prawn Thali,8.276177
2026-01,3719,Veg Daily Spl Raita,8.276177
2026-01,3720,Prawn Fish Maharaja Thali,8.276177
2026-01,3721,Veg Deluxe Executive Thali,8.276177
2026-01,3722,Prawn Curry,8.276177
2026-01,3723,Veg Dam Biryani (Half),8.276177
2026-01,3724,Veg Dash And Dine Spl Burger,8.276177
2026-01,3725,Prawn Butter Masala,8.276177
2026-01,3726,Veg Delight Pizza (Regular),8.276177
2026-01,3727,Veg Deluxe Combo,8.276177
2026-01,3728,Veg Tadka N Butter Roti Combo,8.276177
2026-01,3729,Pista Shake,8.276177
2026-01,3730,Pindi Chole Wholewheat Wrap,8.276177
2026-01,3731,Pista Falooda,8.276177
2026-01,3732,Veg Kurma,8.276177
2026-01,3733,Paneer Paratha N Plain Curd Combo,8.276177
2026-01,3734,Paneer Paratha N Curd Combo (2pc),8.276177
2026-01,3735,Wadi Chicken,8.276177
2026-01,3736,Paneer Paratha Grand,8.276177
2026-01,3737,Paneer Paratha Curd Combo,8.276177
2026-01,3738,Walnut Brownie,8.276177
2026-01,3739,Paneer Paratha Basic,8.276177
2026-01,3740,Paneer Paratha (Big Size),8.276177
2026-01,3741,Veg Kurma N Chapati Combo,8.276177
2026-01,3742,Veg Kurma n Parotta Combo,8.276177
2026-01,3743,Veg Kuska,8.276177
2026-01,3744,Veg Kuska Biryani (6 Plates),8.276177
2026-01,3745,Watermelon Mojito,8.276177
2026-01,3746,Paneer Papper Fry,8.276177
2026-01,3747,Paneer Palak,8.276177
2026-01,3748,Paneer Pakora,8.276177
2026-01,3749,Paneer Pakoda (8pc),8.276177
2026-01,3750,Paneer Paratha N Raita Combo,8.276177
2026-01,3751,Veg Kurkure Paneer Momos,8.276177
2026-01,3752,Paneer Onion N Capsicum Pizza,8.276177
2026-01,3753,Veg Kurkure Momos,8.276177
2026-01,3754,Veg Manhcurian Dry,8.276177
2026-01,3755,Paneer Paratha with Curd,8.276177
2026-01,3756,Paneer Paratha n Raita/Curd Combo,8.276177
2026-01,3757,Vip Veg Thali,8.276177
2026-01,3758,Veg Kothu Parotta n Veg Kurma Combo,8.276177
2026-01,3759,Veg Krishna Special Pizza,8.276177
2026-01,3760,Paneer Paratha n Pickle Combo,8.276177
2026-01,3761,Paneer Paratha n Gravy Combo,8.276177
2026-01,3762,Veg Krishna Spl Thali (5 Plates),8.276177
2026-01,3763,Vyanjan Rasoi Thali,8.276177
2026-01,3764,Paneer Paratha n Chole with Curd Combo,8.276177
2026-01,3765,Veg Kulhad Pizza,8.276177
2026-01,3766,Veg Kurkure Buger,8.276177
2026-01,3767,Veg Kurkure Burger,8.276177
2026-01,3768,Paneer Paratha With Raita Combo,8.276177
2026-01,3769,Paneer Paratha With Curd Combo,8.276177
2026-01,3770,Paneer Paratha With Curd,8.276177
2026-01,3771,Veg Large Thali (5 Plates),8.276177
2026-01,3772,Paneer Nawabi,8.276177
2026-01,3773,Veg Kothu Paratha N Veg Kurma Combo,8.276177
2026-01,3774,Paneer Methi Malai,8.276177
2026-01,3775,Paneer Matar Masala,8.276177
2026-01,3776,Paneer Matar,8.276177
2026-01,3777,Paneer Masala with Butter Roti Combo,8.276177
2026-01,3778,White Rasgulla,8.276177
2026-01,3779,Paneer Masala n Rice with Roti Combo,8.276177
2026-01,3780,White Sauce Cheese Pasta,8.276177
2026-01,3781,Veg Lollipop Pizza,8.276177
2026-01,3782,Veg London Retreat Pizza,8.276177
2026-01,3783,Veg M M Spl Thali,8.276177
2026-01,3784,Paneer Masala n Jeera Rice Combo,8.276177
2026-01,3785,Veg Mac n Cheese,8.276177
2026-01,3786,Paneer Masala n Butter Roti Combo,8.276177
2026-01,3787,Paneer Masala n Butter Naan Combo,8.276177
2026-01,3788,Paneer Masala and Rice Combo,8.276177
2026-01,3789,Paneer Masala and Plain Roti Combo,8.276177
2026-01,3790,Veg Macaroni Cheese Pasta,8.276177
2026-01,3791,Paneer Masala With Butter Roti Combo,8.276177
2026-01,3792,Paneer Matar Pulao,8.276177
2026-01,3793,Paneer Mini Samosa,8.276177
2026-01,3794,Veg Lemon Coriender Soup,8.276177
2026-01,3795,White Forest Waffle,8.276177
2026-01,3796,Veg Lemon Rice,8.276177
2026-01,3797,Paneer N Roti Combo,8.276177
2026-01,3798,Paneer N Rice Combo,8.276177
2026-01,3799,Paneer Mushroom Pizza (medium),8.276177
2026-01,3800,Paneer Mushroom Pizza (Medium),8.276177
2026-01,3801,Veg Manchurian n Veg Noodles with French Fries Combo,8.276177
2026-01,3802,Paneer Mushroom,8.276177
2026-01,3803,Paneer Momos,8.276177
2026-01,3804,Paneer Mix Veg Biryani (half),8.276177
2026-01,3805,Paneer Mix Veg Biryani (Half),8.276177
2026-01,3806,Paneer Mix Veg Biryani (Full),8.276177
2026-01,3807,White Dhokla (jain),8.276177
2026-01,3808,Paneer Mix Veg (Full),8.276177
2026-01,3809,Paneer Mix Veg,8.276177
2026-01,3810,Paneer Mirch Masala,8.276177
2026-01,3811,Veg Loaded Fries,8.276177
2026-01,3812,Veg Loaded Pizza,8.276177
2026-01,3813,Vip Spl Chaap Thali,8.276177
2026-01,3814,Paneer Paratha with Curd/Raita,8.276177
2026-01,3815,Pink Sauce Pasta,8.276177
2026-01,3816,Veg Kashmiri Mini Thali,8.276177
2026-01,3817,Paneer Punjabi Momos,8.276177
2026-01,3818,Paneer Punjabi Fix Thali,8.276177
2026-01,3819,Paneer Punjabi Combo,8.276177
2026-01,3820,Veg Kashmiri Pulao,8.276177
2026-01,3821,Veggie Paradise Pizza,8.276177
2026-01,3822,Veg Kashmiri Shahi Thali,8.276177
2026-01,3823,Paneer Pulo n Raita Combo,8.276177
2026-01,3824,Veg Kathi Roll,8.276177
2026-01,3825,Veggie Paradise Pizza (Medium 9 Inch),8.276177
2026-01,3826,Veggie Paradise Pizza (Regular),8.276177
2026-01,3827,Veg Kathiyawadi Thali (1),8.276177
2026-01,3828,Veggie Peri Peri Spicy (Small),8.276177
2026-01,3829,Paneer Pulao with Raita Combo,8.276177
2026-01,3830,Paneer Pulao n Raita Combo,8.276177
2026-01,3831,Paneer Pulao With Raita Combo,8.276177
2026-01,3832,Paneer Pulao N Raita Combo,8.276177
2026-01,3833,Veggie Pizza (Medium),8.276177
2026-01,3834,Paneer Pyaz Paratha,8.276177
2026-01,3835,Paneer Pyaz Paratha Thali,8.276177
2026-01,3836,Veggie Treat Pizza,8.276177
2026-01,3837,Veg Margherita Pizza (Mini),8.276177
2026-01,3838,Paneer Schezwan Rice,8.276177
2026-01,3839,Paneer Schezwan Pizza,8.276177
2026-01,3840,Paneer Schezwan Noodles,8.276177
2026-01,3841,Veg Marwadi (Half),8.276177
2026-01,3842,Veggie Paneer Pizza (Medium),8.276177
2026-01,3843,Veg Kamat Spl Thali,8.276177
2026-01,3844,Paneer Sabji n Jeera Rice Combo,8.276177
2026-01,3845,Veg Marghetita Pizza,8.276177
2026-01,3846,Paneer Sabji n Butter Chapati Combo,8.276177
2026-01,3847,Veg Kanchan Vip Thali,8.276177
2026-01,3848,Paneer Sabji,8.276177
2026-01,3849,Paneer Roti Combo,8.276177
2026-01,3850,Paneer Roll n Cold Drink Combo,8.276177
2026-01,3851,Veg Kanha Spl Shahi Thali,8.276177
2026-01,3852,Veggie Paneer Pizza (Small),8.276177
2026-01,3853,Paneer Rice N Paneer 65 Combo,8.276177
2026-01,3854,Paneer Rice Combo,8.276177
2026-01,3855,Veggie Pizza (Small),8.276177
2026-01,3856,Veg Kathiyawadi Thali (2),8.276177
2026-01,3857,Paneer Paratha with Curd/Raita Combo (2pc),8.276177
2026-01,3858,Paneer Pepper Fry,8.276177
2026-01,3859,Paneer Pav Bhaji,8.276177
2026-01,3860,Veg Maratha,8.276177
2026-01,3861,Veg Kolhapuri (Full),8.276177
2026-01,3862,Paneer Patiyala,8.276177
2026-01,3863,Veg Kolhapuri (Jain),8.276177
2026-01,3864,Veg Kolhapuri Dry (Full),8.276177
2026-01,3865,Veg Kolhapuri N Tawa Roti With Chach Combo,8.276177
2026-01,3866,Paneer Patiala,8.276177
2026-01,3867,Veg Kolhapuri n Roti Combo,8.276177
2026-01,3868,Veg Kolhapuri n Tawa Roti with Chach Combo,8.276177
2026-01,3869,Veg Korma N Chapati Combo,8.276177
2026-01,3870,Paneer Pasanda (Half),8.276177
2026-01,3871,Veg Korma N Parotta Combo,8.276177
2026-01,3872,Paneer Parcel,8.276177
2026-01,3873,Veg Manhurian n Veg Fried Rice Combo,8.276177
2026-01,3874,Paneer Paratha with Raita Combo,8.276177
2026-01,3875,Vip Premium Thali,8.276177
2026-01,3876,Paneer Pepper,8.276177
2026-01,3877,Veg Kofta (Half),8.276177
2026-01,3878,Vegitable Dleight Sub Sandwich,8.276177
2026-01,3879,Vip Mini Shahi Paneer Thali,8.276177
2026-01,3880,Veg Keema Masala (Half),8.276177
2026-01,3881,Veg Margarita Pizza (Large),8.276177
2026-01,3882,Veg Maratha Thali (8 Plates),8.276177
2026-01,3883,Paneer Pokoda,8.276177
2026-01,3884,Paneer Pizza (regular),8.276177
2026-01,3885,Vip Maharaja Thali,8.276177
2026-01,3886,Veg Khana Khazana Spl Thali,8.276177
2026-01,3887,Veg Khichadi Thali,8.276177
2026-01,3888,Veg Kiddy Burger n French Fries with Drink Combo,8.276177
2026-01,3889,Vip Mini Dal Makhani Thali,8.276177
2026-01,3890,Veg King Buger,8.276177
2026-01,3891,Veg King Burger,8.276177
2026-01,3892,Veg Maratha Premimum Thali,8.276177
2026-01,3893,Paneer Peri Peri Pizza,8.276177
2026-01,3894,Vip Mini Paneer Butter Masala Thali,8.276177
2026-01,3895,Paneer Peri Peri Momos,8.276177
2026-01,3896,Paneer Peratal Rice,8.276177
2026-01,3897,Paneer Masala Tawa Butter Roti Combo,8.276177
2026-01,3898,Paneer Masala Tandoori Butter Roti Combo,8.276177
2026-01,3899,White Sauce Chicken Pasta,8.276177
2026-01,3900,Paneer Korma Thali,8.276177
2026-01,3901,Zafraan Spl Non Veg Fried Rice,8.276177
2026-01,3902,Paneer Kolhapuri n Rice with Roti Combo,8.276177
2026-01,3903,Paneer Kolhapuri (Half),8.276177
2026-01,3904,Zafraan Spl Veg Fried Rice,8.276177
2026-01,3905,Zaikedaar Paneer (Paneer Dum Biryani - Serves 2).,8.276177
2026-01,3906,Zaikedaar Paneer (Paneer Dum Biryani - Serves 4).,8.276177
2026-01,3907,Paneer Khurchan,8.276177
2026-01,3908,Zaikedaar Paneer Biryani (paneer Dum Biryani - Serves 1),8.276177
2026-01,3909,Paneer Keema Masala (Half),8.276177
2026-01,3910,Veg Manchurian Rice (jain),8.276177
2026-01,3911,Paneer Keema Biryani n Raita Combo,8.276177
2026-01,3912,Veg Malai Kofta,8.276177
2026-01,3913,Paneer Keema,8.276177
2026-01,3914,Paneer Kathi Roll,8.276177
2026-01,3915,Veg Manchurian Rice (Jain),8.276177
2026-01,3916,Paneer Kaju Masala (Half),8.276177
2026-01,3917,Veg Malai Kofta (Red Gravy) n Jeera Rice Combo,8.276177
2026-01,3918,Paneer Korma (Half),8.276177
2026-01,3919,Veg Makkhanwala,8.276177
2026-01,3920,Zaikedar Mutton Bhuna Wrap,8.276177
2026-01,3921,Yummy n Cheese Crispy Chicken Burger,8.276177
2026-01,3922,Paneer Lababdar Mini Rice Bowl,8.276177
2026-01,3923,Paneer Lababdar Masala,8.276177
2026-01,3924,Paneer Lababdar Chapati Lunchbox,8.276177
2026-01,3925,Paneer Lababdar (half),8.276177
2026-01,3926,Veg Maize Milet South Morning Combo,8.276177
2026-01,3927,Paneer Lababdar (full),8.276177
2026-01,3928,Veg Makhani Cheese Pasta,8.276177
2026-01,3929,Veg Makhani Paneer Sandwich,8.276177
2026-01,3930,Yellow Dal Tadka (half),8.276177
2026-01,3931,Yellow Dal n Rice Combo (Half),8.276177
2026-01,3932,Veg Makhani Roll,8.276177
2026-01,3933,Paneer Kurkure Momos,8.276177
2026-01,3934,Paneer Kulche,8.276177
2026-01,3935,Paneer Kulcha n Chole Combo,8.276177
2026-01,3936,Yummy Tummy Combo,8.276177
2026-01,3937,Paneer Kulcha Thali,8.276177
2026-01,3938,Paneer Kulcha Combo,8.276177
2026-01,3939,Veg Malai Momos,8.276177
2026-01,3940,Paneer Kaju Curry,8.276177
2026-01,3941,Veg Machow Soup n Crispy Noodles,8.276177
2026-01,3942,Paneer Handi Biryani,8.276177
2026-01,3943,Zayanka Veg Spl Burger,8.276177
2026-01,3944,Zayanka Veg Spl Pizza,8.276177
2026-01,3945,Paneer Hakka Noodles,8.276177
2026-01,3946,Veg Manchurian Fried Rice Combo,8.276177
2026-01,3947,Paneer Grill Sandwich,8.276177
2026-01,3948,Veg Manchurian Gravy (Full),8.276177
2026-01,3949,Paneer Green Peas Masala,8.276177
2026-01,3950,Veg Manchurian Gravy n Veg Schezwan Fried Rice,8.276177
2026-01,3951,Veg Manchurian Gravy n Veg Noodles Combo,8.276177
2026-01,3952,Paneer Gravy n Roti Combo- 3,8.276177
2026-01,3953,Veg Manchurian Gravy (Jain),8.276177
2026-01,3954,Zoop Veg Thali (6 Plates),8.276177
2026-01,3955,Veg Manchurian Gravy N Veg Schezwan Fried Rice,8.276177
2026-01,3956,Paneer Gravy n Roti Combo,8.276177
2026-01,3957,Paneer Gravy n Parotta Combo- 3,8.276177
2026-01,3958,Paneer Gravy N Roti Combo,8.276177
2026-01,3959,Paneer Golden Delight Medium Pizza,8.276177
2026-01,3960,Veg Manchurian N Veg Fride Rice Combo,8.276177
2026-01,3961,Paneer Haryali Tikka,8.276177
2026-01,3962,Veg Manchurian Rice (Half),8.276177
2026-01,3963,Zayanka Jain Spl Thali,8.276177
2026-01,3964,Paneer Kadhai Combo,8.276177
2026-01,3965,Paneer Kadhai Biryani,8.276177
2026-01,3966,Zan Spl Chicken Burger,8.276177
2026-01,3967,Paneer Kadhai (8pc),8.276177
2026-01,3968,Veg Manchurian Rice (Full),8.276177
2026-01,3969,Veg Manchrian with Rice Combo,8.276177
2026-01,3970,Veg Manchurian (Dry),8.276177
2026-01,3971,Paneer Kadai,8.276177
2026-01,3972,Paneer Ka Paratha,8.276177
2026-01,3973,Veg Manchurian (Gravy),8.276177
2026-01,3974,Veg Manchurian N Veg Schezwan Rice Combo,8.276177
2026-01,3975,Veg Manchurian Dry (Jain),8.276177
2026-01,3976,Paneer Jaipuri,8.276177
2026-01,3977,Zareen Murgh Shorba (Chicken Soup) 300gm,8.276177
2026-01,3978,Veg Manchurian N Veg Fried Rice With Lachcha Paratha Combo,8.276177
2026-01,3979,Veg Manchurian Dry n Veg Hakka Noodles with Veg Fried Rice Combo,8.276177
2026-01,3980,Veg Manchurian N Veg Fried Rice,8.276177
2026-01,3981,Yellow Dal Tadka (Half),8.276177
2026-01,3982,Yellow Dal Tadka (Full),8.276177
2026-01,3983,Paneer Lababdar Rice Bowl,8.276177
2026-01,3984,Veg Maggi (Half),8.276177
2026-01,3985,Yellow Dal Double Tadka,8.276177
2026-01,3986,Veg Maggi Noodles,8.276177
2026-01,3987,Paneer Mandi (single),8.276177
2026-01,3988,Paneer Manchurian n Veg Noodles Combo,8.276177
2026-01,3989,Paneer Manchurian Rice,8.276177
2026-01,3990,Paneer Manchurian Gravy,8.276177
2026-01,3991,Veg Maggie n Vanilla Milk Shake Combo,8.276177
2026-01,3992,Paneer Manchurian (Dry),8.276177
2026-01,3993,Veg Magic Masala Maggi (200ml),8.276177
2026-01,3994,Paneer Manchurian ,8.276177
2026-01,3995,Veg Maharaja Burger,8.276177
2026-01,3996,Paneer Manchurain,8.276177
2026-01,3997,Paneer Malai Tikka Masala,8.276177
2026-01,3998,Veg Manchurian n Veg Chowmein Combo,8.276177
2026-01,3999,Paneer Malai Tikka (Half),8.276177
2026-01,4000,Veg Maharaja Double Tikki Burger,8.276177
2026-01,4001,Paneer Makhmali Kulcha Meal,8.276177
2026-01,4002,Yatri Double Egg Curry n Roti Box,8.276177
2026-01,4003,Winter Spl Combo,8.276177
2026-01,4004,Paneer Lababdar n Butter Naan Combo,8.276177
2026-01,4005,Whole wheat Triangle paratha (6 pcs),8.276177
2026-01,4006,Paneer Masala Maggi,8.276177
2026-01,4007,Veg Manchurian n Veg Hakka Noodles with Veg Fried Rice Combo,8.276177
2026-01,4008,Paneer Masala Gravy n Butter Tawa Roti Combo,8.276177
2026-01,4009,Veg Manchurian n Veg Fried Rice with Veg Spring Roll Combo,8.276177
2026-01,4010,Paneer Masala Curry n Spl Veg Fried Rice with Raita Combo,8.276177
2026-01,4011,Paneer Masala Combo,8.276177
2026-01,4012,White Sauce Pasta ,8.276177
2026-01,4013,Veg Machurian n Fried Rice Combo,8.276177
2026-01,4014,Paneer Masala Cheese Burger,8.276177
2026-01,4015,Paneer Masala Butter Paratha,8.276177
2026-01,4016,White Sauce Pasta (450ml),8.276177
2026-01,4017,Veg Madhuraj Special Pizza,8.276177
2026-01,4018,Paneer Masala And Plain Roti Combo,8.276177
2026-01,4019,Veg Madhuraj Special Thali,8.276177
2026-01,4020,White Sauce Spaghetti,8.276177
2026-01,4021,Paneer Masala (half),8.276177
2026-01,4022,Veg Maggi (Full),8.276177
2026-01,4023,Paneer Makhmali Bowl,8.276177
2026-01,4024,Veg Maharaja Food Box,8.276177
2026-01,4025,Paneer Makhanwala,8.276177
2026-01,4026,Paneer Makhani n Rice Combo,8.276177
2026-01,4027,Paneer Majestic,8.276177
2026-01,4028,Veg MaharajaThali,8.276177
2026-01,4029,Veg Maharani Thali,8.276177
2026-01,4030,Veg Manchurian Soup,8.276177
2026-01,4031,Yellow Dal Fry (Jain),8.276177
2026-01,4032,Yellow Dal Fry n Jeera Rice Combo,8.276177
2026-01,4033,Paneer Lollipop,8.276177
2026-01,4034,Paneer Loaded Pizza,8.276177
2026-01,4035,Paneer Lachhedar,8.276177
2026-01,4036,Yellow Dal Fry n Jeera Rice with Gulab Jamun Combo,8.276177
2026-01,4037,Paneer Lachedar,8.276177
2026-01,4038,Veg Manchurian Semi,8.276177
2026-01,4039,Paneer Lababdar n Tandoori Butter Roti Combo,8.276177
2026-01,4040,Yellow Dal N Rice Combo (half),8.276177
2026-01,4041,Veg Maharastra Thali,8.276177
2026-01,4042,Paneer Lababdar n Jeera Rice Combo,8.276177
2026-01,4043,Paneer Lababdar n Butter Roti Combo,8.276177
2026-01,4044,Veg Maharaja Vada Pav,8.276177
2026-01,4045,Veg Maharaja Thali (Plates 5),8.276177
2026-01,4046,Yellow Dal Fry (Half),8.276177
2026-01,4047,Veg Maharaja Roti Thali,8.276177
2026-01,4048,Paneer Makhani Sandwich,8.276177
2026-01,4049,Paneer Makhani Pizza (Spicy) (Small),8.276177
2026-01,4050,Paneer Makhani Pizza,8.276177
2026-01,4051,Paneer Makhani Masala,8.276177
2026-01,4052,Veg Maharaja Platter,8.276177
2026-01,4053,Veg Manchurian Spl Fried Rice n Veg Curry Combo,8.276177
2026-01,4054,Paneer Makhani Kathi Roll,8.276177
2026-01,4055,Yellow Dal Fry (Full),8.276177
2026-01,4056,Veg Maharaja Thali (6 Plates),8.276177
2026-01,4057,Veg Maharaja Sandwich,8.276177
2026-01,4058,Paneer Makhani Biryani (Half),8.276177
2026-01,4059,Paneer Makhani Biryani (Full),8.276177
2026-01,4060,Paneer Makhani,8.276177
2026-01,4061,Paneer Makhamali Rice Bowl.,8.276177
2026-01,4062,Veg Manchurian Spl Fried Rice N Veg Curry Combo,8.276177
2026-01,4063,Paneer Makhamali Mini Rice Bowl,8.276177
2026-01,4064,Paneer Schezwan sandwich,8.276177
2026-01,4065,Veg Kaju Paneer Biryani,8.276177
2026-01,4066,Paneer Shawarma Pizza,8.276177
2026-01,4067,Peanut Chaat Masala,8.276177
2026-01,4068,Peanut Butter Sandwich,8.276177
2026-01,4069,Vegetable Cheese Grilled Sandwich,8.276177
2026-01,4070,Pava Bataka,8.276177
2026-01,4071,Veg Gujarati Famous Thali,8.276177
2026-01,4072,Pav n Bhaji Combo,8.276177
2026-01,4073,Pav N Bhaji Combo,8.276177
2026-01,4074,Vegetable Cheese Pizza,8.276177
2026-01,4075,Vegetable Delight Pizza,8.276177
2026-01,4076,Pav Bhaji Serve (2 Plates),8.276177
2026-01,4077,Pav Bhaji N Pulao Combo,8.276177
2026-01,4078,Pav Bhaji Dosa,8.276177
2026-01,4079,Pav Bhaji Combo (Jain),8.276177
2026-01,4080,Pav Bhaji (jain),8.276177
2026-01,4081,Veg Meals (1 -3 Serves),8.276177
2026-01,4082,Vegetable Double Cheese Pizza,8.276177
2026-01,4083,Vegetable Dum Biryani (Jumbo) n Raita Combo,8.276177
2026-01,4084,Vegetable Dum Biryani (Regular) n Raita Combo,8.276177
2026-01,4085,Peanut Chaat,8.276177
2026-01,4086,Veg Grilled n Cheese Sandwich,8.276177
2026-01,4087,Pav Bahji,8.276177
2026-01,4088,Peanut Salad,8.276177
2026-01,4089,Veg Grilled N Cheese Sandwich,8.276177
2026-01,4090,Pepper Chicken Fry,8.276177
2026-01,4091,Pepper Chicken Dry,8.276177
2026-01,4092,Pepper Chicken Biryani (Serves 1),8.276177
2026-01,4093,Pepper Chicken (half),8.276177
2026-01,4094,Pepper Chicken (boneless),8.276177
2026-01,4095,Pepper Chicken (Full),8.276177
2026-01,4096,Veg Grilled Samosa Cheese Sandwich,8.276177
2026-01,4097,Pepper Chicken (Boneless),8.276177
2026-01,4098,Pepper Chicken (Bone),8.276177
2026-01,4099,Veg Grilled Samosa Sandwich,8.276177
2026-01,4100,Pepper BBQ Chicken Sandwich,8.276177
2026-01,4101,Penne Arrabiata Pasta,8.276177
2026-01,4102,Penne Alfredo Pasta,8.276177
2026-01,4103,Veg Meals (Serves 1),8.276177
2026-01,4104,Peas Pulav,8.276177
2026-01,4105,Veg Grilled Sandwich n Fries Combo,8.276177
2026-01,4106,Vegetable Dum Biryani (regular) N Raita Combo,8.276177
2026-01,4107,Vegetable Dum Biryani (sharing) N Raita Combo,8.276177
2026-01,4108,Papper Chicken,8.276177
2026-01,4109,Veg Hakka Noodles (Jain),8.276177
2026-01,4110,Veg Hakka Noodles n Chilli Paneer with Gulab Jamun Combo,8.276177
2026-01,4111,Parotta (2pc) Combo,8.276177
2026-01,4112,Vegetable Fried Rice (Half),8.276177
2026-01,4113,Paratha n Sherva Combo,8.276177
2026-01,4114,Veg Hakka Noodles n Cold Drink Combo,8.276177
2026-01,4115,Veg Maxican Aloo Burger Single Cheese,8.276177
2026-01,4116,Paratha n Bhaji Combo,8.276177
2026-01,4117,Paratha n Aloo Sabji Combo,8.276177
2026-01,4118,Veg Maxican Aloo Burger Double Cheese,8.276177
2026-01,4119,Paratha Thali Veg,8.276177
2026-01,4120,Paratha N Sabji Combo,8.276177
2026-01,4121,Paratha Mirchi Wala,8.276177
2026-01,4122,Veg Hakka Noodles n Veg Chilli Paneer Gravy Combo,8.276177
2026-01,4123,Veg Hakka Noodles n Veg Manchurian Combo,8.276177
2026-01,4124,Pappu,8.276177
2026-01,4125,Papper Paneer,8.276177
2026-01,4126,Veg Hakka Noodles n Veg Manchurian Gravy Combo,8.276177
2026-01,4127,Veg Hakka Noodles (Mild),8.276177
2026-01,4128,Parotta Curry,8.276177
2026-01,4129,Patra Vagharela,8.276177
2026-01,4130,Parotta N Chicken Gravy Combo,8.276177
2026-01,4131,Patra,8.276177
2026-01,4132,Parotta with Paneer Gravy Combo 3,8.276177
2026-01,4133,Parotta with Mushroom Gravy Combo 4,8.276177
2026-01,4134,Parotta with Gravy Combo 2,8.276177
2026-01,4135,Parotta with Gravy Combo 1,8.276177
2026-01,4136,Parotta with Egg Gravy Combo 2,8.276177
2026-01,4137,Veg Meal (served For 1),8.276177
2026-01,4138,Veg Meal (Served For 1),8.276177
2026-01,4139,Parotta with Chicken Gravy Combo 1,8.276177
2026-01,4140,Parotta with Chana Masala Gravy Combo 5,8.276177
2026-01,4141,Parotta with Chana Gravy Combo 5,8.276177
2026-01,4142,Veg Md Spl Thali,8.276177
2026-01,4143,Parotta n Seasonal Curry Combo,8.276177
2026-01,4144,Vegetable Fried Momos,8.276177
2026-01,4145,Parotta n Egg Gravy Combo 2,8.276177
2026-01,4146,Parotta With Kalan Curry Combo,8.276177
2026-01,4147,Veg Mayo Sandwich,8.276177
2026-01,4148,Pepper Chicken Fry N Kal Dosa Combo,8.276177
2026-01,4149,Veg Grilled Herb Chilli Burger,8.276177
2026-01,4150,Pepper Chicken Fry n Kal Dosa Combo,8.276177
2026-01,4151,Pindi Chole Jumbo Lunchbox,8.276177
2026-01,4152,Pindi Chole & Paratha Lunchbox,8.276177
2026-01,4153,Pindi Chana,8.276177
2026-01,4154,Veg Golden Poori Delight with Shira,8.276177
2026-01,4155,Veg Golden Poori Delight with Upma,8.276177
2026-01,4156,Phulka n Paneer Butter Masala Combo,8.276177
2026-01,4157,Veg Golden Sweet Corn Pizza (medium),8.276177
2026-01,4158,Veg Gopal Spl Sandwich,8.276177
2026-01,4159,Veg Yuvraj Thali,8.276177
2026-01,4160,Phulka (2pcs),8.276177
2026-01,4161,Veg Zaika Maharaja Thali,8.276177
2026-01,4162,Veg Zaika Thali,8.276177
2026-01,4163,Veg Mexican King Burger,8.276177
2026-01,4164,Phirni (Small),8.276177
2026-01,4165,Veg Gravy n Butter Phulka Combo,8.276177
2026-01,4166,Pesto Paneer Tikka Pizza,8.276177
2026-01,4167,Pesto Paneer Tikka Garlic Bread,8.276177
2026-01,4168,Pesto Mac & Cheese with Roast Veggies Bowl,8.276177
2026-01,4169,Pindi Chole Bowl,8.276177
2026-01,4170,Veg Golden Poori Delight with Millet Upma,8.276177
2026-01,4171,Pepper Chicken Gravy,8.276177
2026-01,4172,Veg Golden Poori Delight with Idli,8.276177
2026-01,4173,Pink Sauce Ala Rosey Pasta,8.276177
2026-01,4174,Pineapple Raita (Full),8.276177
2026-01,4175,Pineapple Raita (100ml),8.276177
2026-01,4176,Veg White Sauce Patsa (Full),8.276177
2026-01,4177,Veg Gobhi Noodles,8.276177
2026-01,4178,Pineapple Kulukki,8.276177
2026-01,4179,Veg White Sauce Patsa (Half),8.276177
2026-01,4180,Veg Gobhi Roll,8.276177
2026-01,4181,Veg Gold Premium Thali,8.276177
2026-01,4182,Veg Goldan Corn Pizza,8.276177
2026-01,4183,Veg Golden Corn Pizza (Small),8.276177
2026-01,4184,Pindi Chole with Kulcha Lunchbox,8.276177
2026-01,4185,Veg Golden Poori Delight With Upma,8.276177
2026-01,4186,Veg Stuffed Kulcha,8.276177
2026-01,4187,Pindi Chole Signature Rice Bowl (Regular),8.276177
2026-01,4188,Pindi Chole Signature Rice Bowl (Jumbo),8.276177
2026-01,4189,Pindi Chole Roll,8.276177
2026-01,4190,Veg Mexican Grilled Sandwich,8.276177
2026-01,4191,Veg Gravy n Chapati Combo,8.276177
2026-01,4192,Perugu Vada,8.276177
2026-01,4193,Veg Gravy n Methi Roti Combo,8.276177
2026-01,4194,Peri Peri Chicken Shawarma n Bluce Currant Mojito Combo,8.276177
2026-01,4195,Peri Peri Cheese Frankie,8.276177
2026-01,4196,Veg Grilled Cheese Sandwich,8.276177
2026-01,4197,Peri Peri Burger,8.276177
2026-01,4198,Pepsi 475 Ml,8.276177
2026-01,4199,Veg Zan Spl Sandwich,8.276177
2026-01,4200,Peppy Paneer Pizza (Regular),8.276177
2026-01,4201,Peppy Paneer Pizza,8.276177
2026-01,4202,Pepper Sada Dosa,8.276177
2026-01,4203,Veg Grilled Cheese Tomato Sandwich,8.276177
2026-01,4204,Veg Zumbo Combo,8.276177
2026-01,4205,Veg Grilled Club Cheese Sandwich,8.276177
2026-01,4206,Pepper Paneer Biryani (Serves 1),8.276177
2026-01,4207,Pepper Mushroom Burger,8.276177
2026-01,4208,Veg Grilled Farmhouse Pizza,8.276177
2026-01,4209,Pepper Fish,8.276177
2026-01,4210,Pepper Chicken Masala,8.276177
2026-01,4211,Veg Grilled Cheese Corn Sandwich,8.276177
2026-01,4212,Veg Grilled Cheese Burger,8.276177
2026-01,4213,Veg Zan Spl Burger,8.276177
2026-01,4214,Peri Peri Pizza,8.276177
2026-01,4215,Veg Mexican Green Wave Pizza (Small),8.276177
2026-01,4216,Veg Grilled Bombay Cheese Sandwich,8.276177
2026-01,4217,Peri Peri Veg Pizza (Regular),8.276177
2026-01,4218,Peri Peri Veg Pizza (Medium),8.276177
2026-01,4219,Veg Mexican Cheese Burger,8.276177
2026-01,4220,Peri Peri Sandwich,8.276177
2026-01,4221,Veg Zaikedaar Thali (5 Plates),8.276177
2026-01,4222,Peri Peri Paneer Pizza (large),8.276177
2026-01,4223,Peri Peri Fries (Full),8.276177
2026-01,4224,Peri Peri Mayo French Fries,8.276177
2026-01,4225,Peri Peri Masala Cheese Pizza,8.276177
2026-01,4226,Peri Peri Masala Burger,8.276177
2026-01,4227,Peri Peri Maggie n Paneer Wrap with Vanilla Milk Shake Combo,8.276177
2026-01,4228,Peri Peri Maggi,8.276177
2026-01,4229,Veg Grilled Burger,8.276177
2026-01,4230,Peri Peri Fries 2.0,8.276177
2026-01,4231,Papper Chicken Masala,8.276177
2026-01,4232,Veg Hakka Noodles n Veg Manchurian Gravy with Gubal Jamun Combo,8.276177
2026-01,4233,Paneer Signature Rice Bowl (Jumbo),8.276177
2026-01,4234,Paneer Tikka Masala n Tawa Roti with Chaach Combo,8.276177
2026-01,4235,Paneer Tikka Masala n Rice Combo,8.276177
2026-01,4236,Veg Masala Cheese Sandwich,8.276177
2026-01,4237,Paneer Tikka Masala n Lachcha Paratha with Gulab Jamun Combo,8.276177
2026-01,4238,Paneer Tikka Masala Rice Bowl,8.276177
2026-01,4239,Veg Jain Biryani n Raita Combo,8.276177
2026-01,4240,Paneer Tikka Masala Mini Rice Bowl,8.276177
2026-01,4241,Paneer Tikka Masala Gravy,8.276177
2026-01,4242,Paneer Tikka Masala Chapati Lunchbox,8.276177
2026-01,4243,Veg Jain Pizza (Regular),8.276177
2026-01,4244,Paneer Tikka Masala (Jain),8.276177
2026-01,4245,Veg Jain Pizza Cheese Bust,8.276177
2026-01,4246,Veg Jaipuri (Half),8.276177
2026-01,4247,Veggie Delight Pizza (large),8.276177
2026-01,4248,Veggie Feast Wrap,8.276177
2026-01,4249,Veg Jaipuri Biryani,8.276177
2026-01,4250,Veggie Finger,8.276177
2026-01,4251,Paneer Tikka Kathi Roll,8.276177
2026-01,4252,Paneer Tikka Masala n Tandoori Roti with Rice Combo,8.276177
2026-01,4253,Paneer Tikka Masala n Tawa Roti with Chaach Combo (Jain),8.276177
2026-01,4254,Veggie Lover Pizza (Large),8.276177
2026-01,4255,Veggie Delight Pizza (Regular),8.276177
2026-01,4256,Paneer Toofani (Half),8.276177
2026-01,4257,Veg Hyderabadi Pulao,8.276177
2026-01,4258,Veg Hydrabadi Biryani With Raita Combo,8.276177
2026-01,4259,Veg Hydrabadi Biryani with Raita Combo,8.276177
2026-01,4260,Paneer Tikka Spicy Pizza,8.276177
2026-01,4261,Paneer Tikka Shawarma.,8.276177
2026-01,4262,Paneer Tikka Shawarma (Pure Veg),8.276177
2026-01,4263,Paneer Tikka Shahi Kabab,8.276177
2026-01,4264,Veggie Delight Pizza (Jain),8.276177
2026-01,4265,Veg Masala Corn Grilled Sandwich,8.276177
2026-01,4266,Paneer Tikka Roasted,8.276177
2026-01,4267,Paneer Tikka Rice Bowl,8.276177
2026-01,4268,Paneer Tikka Pizza 9 Inches,8.276177
2026-01,4269,Veg Indori Poha,8.276177
2026-01,4270,Paneer Tikka Pizza (Regular),8.276177
2026-01,4271,Paneer Tikka Pizza (Medium),8.276177
2026-01,4272,Paneer Tikka Pizza (Large),8.276177
2026-01,4273,Veggie Grilled Sandwich,8.276177
2026-01,4274,Paneer Tikka Grilled Sandwich,8.276177
2026-01,4275,Veg Hakka Noodles with Gravy,8.276177
2026-01,4276,Veggie Panee Capsicum Red Peprica Cheese Pizza Maina,8.276177
2026-01,4277,Paneer Tandoori Sandwich (Single Cheese),8.276177
2026-01,4278,Paneer Tandoori Sandwich (Double Cheese),8.276177
2026-01,4279,Veg KKK Spl Thali,8.276177
2026-01,4280,Veg Kadai Paneer,8.276177
2026-01,4281,Paneer Tandoori Cheese Garlic Bread,8.276177
2026-01,4282,Paneer Sweet Corn Pizza,8.276177
2026-01,4283,Veg Kadhai (Jain),8.276177
2026-01,4284,Paneer Subz Biryani (Paneer Dum and Veg Biryani - Serves 2),8.276177
2026-01,4285,Veg Kadhai Paneer N Roti Combo,8.276177
2026-01,4286,Paneer Sub,8.276177
2026-01,4287,Veg Kadhai Paneer n Roti Combo,8.276177
2026-01,4288,Paneer Stick Sizzler,8.276177
2026-01,4289,Paneer Steam Momos,8.276177
2026-01,4290,Paneer Spring Roll,8.276177
2026-01,4291,Paneer Spl Rice,8.276177
2026-01,4292,Paneer Spl Pizza (Giant Slice),8.276177
2026-01,4293,Paneer Spl Fried Rice,8.276177
2026-01,4294,Veg Jumbo Cheese Sandwich,8.276177
2026-01,4295,Veg Jam Butter Sandwich,8.276177
2026-01,4296,Paneer Tikka Grill Sandwich,8.276177
2026-01,4297,Paneer Tikka (Full),8.276177
2026-01,4298,Veggie Lover Pizza (regular),8.276177
2026-01,4299,Veg Jaipuri Thali,8.276177
2026-01,4300,Paneer Tikka Garlic Bread.,8.276177
2026-01,4301,Paneer Tikka Garlic Bread,8.276177
2026-01,4302,Paneer Tikka Dry,8.276177
2026-01,4303,Paneer Tikka Cheese Sandwich,8.276177
2026-01,4304,Paneer Tikka Butter Masala Pizza (Giant Slice),8.276177
2026-01,4305,Paneer Tikka Burger Single Cheese,8.276177
2026-01,4306,Paneer Tikka Burger,8.276177
2026-01,4307,Paneer Tikka Biryani n Raita Combo,8.276177
2026-01,4308,Veg Jaipuri n Roti Combo,8.276177
2026-01,4309,Veg Jalapenos Pineapple Pizza,8.276177
2026-01,4310,Veggie Onion Capsicum Cheese Pizza Maina,8.276177
2026-01,4311,Paneer Tikka Achari,8.276177
2026-01,4312,Paneer Tikka (half),8.276177
2026-01,4313,Veg Jalfrezi,8.276177
2026-01,4314,Veg Jam Butter Cheese Sandwich,8.276177
2026-01,4315,Veg Hyderabadi Handi Biryani,8.276177
2026-01,4316,Veg Hyderabadi Dum Biryani n Raita with Cold Drink Combo (Full),8.276177
2026-01,4317,Veg Hyderabadi Dum Biryani N Raita With Cold Drink Combo (half),8.276177
2026-01,4318,Veg Home Town Burger,8.276177
2026-01,4319,Veg Matar Pulao n Raita/Curd Combo,8.276177
2026-01,4320,Panner Butter Masala,8.276177
2026-01,4321,Panne In Mushroom Sauce Pasta,8.276177
2026-01,4322,Veg Homely Thali,8.276177
2026-01,4323,Panne Alfredo Pasta,8.276177
2026-01,4324,Panjavarna Uttapam,8.276177
2026-01,4325,Paniyaram Set,8.276177
2026-01,4326,Pani Puri,8.276177
2026-01,4327,Pangas Fish Thali,8.276177
2026-01,4328,Veg Matar Pulao n Raita Combo,8.276177
2026-01,4329,Paneer with Green Pepper,8.276177
2026-01,4330,Veg Hong Kong Fried Rice,8.276177
2026-01,4331,Veg Hong Kong Noodles,8.276177
2026-01,4332,Vegetable Sandwich (Double Cheese),8.276177
2026-01,4333,Veg Hongkong Fried Rice,8.276177
2026-01,4334,Veg Hot Maxcian Pizza,8.276177
2026-01,4335,Paneer n Jeera Rice Combo,8.276177
2026-01,4336,Vegetable Pulao,8.276177
2026-01,4337,Papad Dry Masala,8.276177
2026-01,4338,Paneer Toofani n Paratha Combo,8.276177
2026-01,4339,Veg Hawaiian Pizza (Regular),8.276177
2026-01,4340,Paper Masala Dosa,8.276177
2026-01,4341,Veg Hakka Nooodles,8.276177
2026-01,4342,Paper Chicken,8.276177
2026-01,4343,Papdi Gathiya,8.276177
2026-01,4344,Papdi Chaat,8.276177
2026-01,4345,Papaya Salad,8.276177
2026-01,4346,Veg Matka Biryani n Raita Combo,8.276177
2026-01,4347,Veg Matka Biryani,8.276177
2026-01,4348,Veg Handi Dum Biryani,8.276177
2026-01,4349,Papaya Milk Shake,8.276177
2026-01,4350,Papaya Juice,8.276177
2026-01,4351,Papar Dosa,8.276177
2026-01,4352,Veg Handi Dum Biryani n Raita with Salad Combo,8.276177
2026-01,4353,Veg Hara Bhara Cheese Vada Pav,8.276177
2026-01,4354,Papad Paratha n Curd Combo,8.276177
2026-01,4355,Vegetable Pizza,8.276177
2026-01,4356,Veg Hara Bhara Kabab,8.276177
2026-01,4357,Veg Master Pizza,8.276177
2026-01,4358,Paneer n Capsicum Pizza (Regular),8.276177
2026-01,4359,Paneer n Butter Roti Combo,8.276177
2026-01,4360,Veg Hot n Spicy Dosa,8.276177
2026-01,4361,Veg Masala Rice,8.276177
2026-01,4362,Paneer Veg Noodles,8.276177
2026-01,4363,Veg Masala Makhani Burger,8.276177
2026-01,4364,Paneer Veg N Paratha Combo,8.276177
2026-01,4365,Paneer Veg N Naan Combo,8.276177
2026-01,4366,Veg Hyderabadi Biryani (full),8.276177
2026-01,4367,Veg Hyderabadi Biryani N Raita Combo,8.276177
2026-01,4368,Veg Masala Grill Burger,8.276177
2026-01,4369,Paneer Veg Biryani n Raita with Papad Combo,8.276177
2026-01,4370,Veggie Cheese Burger,8.276177
2026-01,4371,Veg Hyderabadi Biryani n Raita/Curd Combo,8.276177
2026-01,4372,Veg Hyderabadi Dum Biryani,8.276177
2026-01,4373,Veg Hyderabadi Dum Biryani (Half),8.276177
2026-01,4374,Paneer Veg And Rice Combo,8.276177
2026-01,4375,Veggie Cheese Zingy,8.276177
2026-01,4376,Paneer Tufani,8.276177
2026-01,4377,Veggie Club Sandwich,8.276177
2026-01,4378,Paneer Veg Roti Combo,8.276177
2026-01,4379,Veg Hyderabadi Biryani (Chef Spl),8.276177
2026-01,4380,Veg Hyderabadi Biryani (6 Plates),8.276177
2026-01,4381,Paneer Veg n Jeera Rice Combo,8.276177
2026-01,4382,Veg House Spl Pizza,8.276177
2026-01,4383,Paneer Zinger Burger,8.276177
2026-01,4384,Paneer Veg with Rice Combo,8.276177
2026-01,4385,Vegetable Sandwich (single Cheese),8.276177
2026-01,4386,Vegetable Schezwan Fried Rice (Half),8.276177
2026-01,4387,Veg Masala Sandwich (Regular),8.276177
2026-01,4388,Paneer Veg n Plain Roti Combo,8.276177
2026-01,4389,Veg Masala Sandwich,8.276177
2026-01,4390,Veg Masala Roast,8.276177
2026-01,4391,Paneer Veg combo,8.276177
2026-01,4392,Vegetables Cheese Pasta,8.276177
2026-01,4393,Veg Hyderabadi Biryani (20 Plates),8.276177
2026-01,4394,Veggi Paradise Pizza,8.276177
2026-01,4395,Veggie Black Olive Jalapino Cheese Pizza Maina,8.276177
2026-01,4396,Paneer Veg With Big Lachcha Paratha,8.276177
2026-01,4397,Paneer Veg Thali (6 Plates),8.276177
2026-01,4398,Rajma Chawal (Half),8.276177
2026-01,4399,Rajma Masala Bowl,8.276177
2026-01,4400,Veg Combo 5,8.276177
2026-01,4401,Spl Jain Thali (without Onion N Garlic),8.276177
2026-01,4402,Veg Samosa,8.276177
2026-01,4403,Spl Kaju Paneer,8.276177
2026-01,4404,Spl Kadhi,8.276177
2026-01,4405,Spl Kadhai Paneer,8.276177
2026-01,4406,Spl Jeera Aloo (Half),8.276177
2026-01,4407,Spl Jeera Aloo (Full),8.276177
2026-01,4408,Spl Jeera Aloo,8.276177
2026-01,4409,Veg Aloo Masala Cheese Sandwich,8.276177
2026-01,4410,Veg Sandwich (Hot),8.276177
2026-01,4411,Spl Veg Mini Thali,8.276177
2026-01,4412,Veg Aloo Masala Grill Sandwich,8.276177
2026-01,4413,Spl Idli (2pc),8.276177
2026-01,4414,Veg Pasta Badi,8.276177
2026-01,4415,Veg Pasta (half),8.276177
2026-01,4416,Spl Egg Fried Rice (Half),8.276177
2026-01,4417,Veg Aloo Sadwich,8.276177
2026-01,4418,Spl Dosa Combo,8.276177
2026-01,4419,Veg Aloo Sandwich,8.276177
2026-01,4420,Spl Kheer,8.276177
2026-01,4421,Veg Aloo Burger,8.276177
2026-01,4422,Veg Aloo Biryani,8.276177
2026-01,4423,Spl Khichdi,8.276177
2026-01,4424,Veg Aahar Spl Thali,8.276177
2026-01,4425,Spl Nasta Dish,8.276177
2026-01,4426,Spl Mutton Dum Biryani Combo,8.276177
2026-01,4427,Spl Mutton Dum Biryani,8.276177
2026-01,4428,Veg Salad,8.276177
2026-01,4429,Spl Mix Veg,8.276177
2026-01,4430,Veg Pasta with Mayo,8.276177
2026-01,4431,Spl Mini Tiffin,8.276177
2026-01,4432,Veg Afghani Chaap,8.276177
2026-01,4433,Veg Salt N Sweet Spl Thali,8.276177
2026-01,4434,Veg Afghani Momos (Half),8.276177
2026-01,4435,Spl Milk Shake,8.276177
2026-01,4436,Veg Pasta Sandwich,8.276177
2026-01,4437,Veg Ajmer Spl Thali,8.276177
2026-01,4438,Veg Akhni Pulao n Raita Combo,8.276177
2026-01,4439,Veg Alfredo Garlic Pasta,8.276177
2026-01,4440,Spl Lachcha Paratha,8.276177
2026-01,4441,Veg Sandwich (jain),8.276177
2026-01,4442,Spl Dal Tadka (Half),8.276177
2026-01,4443,Veg Pasta (Full),8.276177
2026-01,4444,Veg Aloo Tikki Sandwich,8.276177
2026-01,4445,Spl Chicken Fried Rice n Butter Chicken Combo,8.276177
2026-01,4446,Veg American Crispy Corn,8.276177
2026-01,4447,Veg Amritsari,8.276177
2026-01,4448,Spl Chicken Dum Biryani Combo,8.276177
2026-01,4449,Veg Sandwich with Cheese,8.276177
2026-01,4450,Spl Chicken Burger,8.276177
2026-01,4451,Spl Chicken Biryani n Raita Combo,8.276177
2026-01,4452,Spl Chicken Biryani n Chicken Curry (Boneless) Combo,8.276177
2026-01,4453,Spl Chicken Biryani Thali,8.276177
2026-01,4454,Spl Chicken Biryani Family Pack,8.276177
2026-01,4455,Spl Chicken Biryani (5 Plates),8.276177
2026-01,4456,Veg Sankar Burger,8.276177
2026-01,4457,Spl Cheese Corn n Capsicum Pizza,8.276177
2026-01,4458,Spl Cheese Corn N Capsicum Pizza,8.276177
2026-01,4459,Veg Andhra Mini Meals,8.276177
2026-01,4460,Veg Angara,8.276177
2026-01,4461,Veg Parcel,8.276177
2026-01,4462,Veg Parcel Thali,8.276177
2026-01,4463,Spl Chicken Masala,8.276177
2026-01,4464,Spl Dal Tadka (Full),8.276177
2026-01,4465,Spl Chicken Mughalai Biryani n Chicken Curry (Boneless) Combo,8.276177
2026-01,4466,Spl Dal Tadka,8.276177
2026-01,4467,Veg Sandwich Green,8.276177
2026-01,4468,Spl Dal Rice Khichdi,8.276177
2026-01,4469,Spl Dal Makhani (Half),8.276177
2026-01,4470,Spl Dal Makhani,8.276177
2026-01,4471,Spl Dal Fry,8.276177
2026-01,4472,Spl Dahi Vada (Full),8.276177
2026-01,4473,Spl Dahi Tikhari,8.276177
2026-01,4474,Veg Sandwich With Cheese,8.276177
2026-01,4475,Spl Cream Dal (Black Dal),8.276177
2026-01,4476,Spl Chole Bhature (Full),8.276177
2026-01,4477,Veg Sandwich n French Fries Combo,8.276177
2026-01,4478,Spl Chicken Sandwich,8.276177
2026-01,4479,Spl Chicken Pasanda Roll,8.276177
2026-01,4480,Veg Pasta,8.276177
2026-01,4481,Spl Chicken Pasanda,8.276177
2026-01,4482,Veg Aloo Tikki Burger Double Cheese,8.276177
2026-01,4483,Vearity Meals (Any One),8.276177
2026-01,4484,Spl Non Veg Chinese Thali,8.276177
2026-01,4485,Veg Sai Spl Maharajaj Thali,8.276177
2026-01,4486,Veg Roti Deluxe Thali,8.276177
2026-01,4487,Uttapam with Chutney,8.276177
2026-01,4488,Veg Peppy Paneer Pizza (medium),8.276177
2026-01,4489,Spl Surti Locho (oil) With Chutney,8.276177
2026-01,4490,Spl Surti Locho (butter) With Chutney,8.276177
2026-01,4491,Vada (2pc),8.276177
2026-01,4492,Vada (2pc) n Idli Combo,8.276177
2026-01,4493,Spl Sukhi Bhaji,8.276177
2026-01,4494,Vada N Sambhar,8.276177
2026-01,4495,Spl Spanish Masala Dosa,8.276177
2026-01,4496,Vada N Sambhar Combo,8.276177
2026-01,4497,Spl Soyabean Aloo,8.276177
2026-01,4498,Vada N Sambhar With Chutney Combo,8.276177
2026-01,4499,Veg Peppy Paneer Pizza (large),8.276177
2026-01,4500,Spl Shahi Paneer (Half),8.276177
2026-01,4501,Veg SGB Spl Thali,8.276177
2026-01,4502,Spl Shahi Paneer (Full),8.276177
2026-01,4503,Veg Sabhi n Chapati Combo,8.276177
2026-01,4504,Veg Roti Mini Thali,8.276177
2026-01,4505,Uttapam Trio Meal Box,8.276177
2026-01,4506,Spl Salad,8.276177
2026-01,4507,Veg Peppy Paneer Pizza (regular),8.276177
2026-01,4508,Veg Retro Spl Thali,8.276177
2026-01,4509,Upma With Shev,8.276177
2026-01,4510,Upma with Shev,8.276177
2026-01,4511,Spl Veg Deluxe Thali (5 Plates),8.276177
2026-01,4512,Veg Rice,8.276177
2026-01,4513,Veg Rice Combo,8.276177
2026-01,4514,Spl Veg Deluxe Jain Thali (5 Plates),8.276177
2026-01,4515,Veg Rice Manchrian,8.276177
2026-01,4516,Upvaas Thali (Senda Namak),8.276177
2026-01,4517,Spl Veg Curry,8.276177
2026-01,4518,Uttapam ,8.276177
2026-01,4519,Spl Veg Breakfast Combo,8.276177
2026-01,4520,Veg Peppy Paneer Pizza Cheese Burst (Regular),8.276177
2026-01,4521,Spl Veg Biryani n Veg Curry Combo,8.276177
2026-01,4522,Uttapam Sambhar,8.276177
2026-01,4523,Spl Veg Biryani n Raita Combo,8.276177
2026-01,4524,Veg Rice Platter,8.276177
2026-01,4525,Veg Peppy Paneer Pizza (Regular),8.276177
2026-01,4526,Veg Peppy Paneer Pizza,8.276177
2026-01,4527,Ve Chowmein n Veg Manchurian Combo,8.276177
2026-01,4528,Veg Sabudana Vada Masala (3pc),8.276177
2026-01,4529,Spl Prawns Biryani,8.276177
2026-01,4530,Spl Pav Bhaji,8.276177
2026-01,4531,Veg Sada Biryani with Raita,8.276177
2026-01,4532,Spl Parotta,8.276177
2026-01,4533,Spl Paneer n Butter Roti Combo,8.276177
2026-01,4534,Spl Paneer Paradise Pizza,8.276177
2026-01,4535,Spl Paneer Majestic,8.276177
2026-01,4536,Vanila Milk Shake,8.276177
2026-01,4537,Spl Paneer Do Pyaza,8.276177
2026-01,4538,Vanilla Ice Cream,8.276177
2026-01,4539,Vanilla Pastry,8.276177
2026-01,4540,Vanjaran Fish Fry,8.276177
2026-01,4541,Veg Patty Burger,8.276177
2026-01,4542,Vazhai Ilai Mutton Parotta,8.276177
2026-01,4543,Ve Chowmein N Veg Manchurian Combo,8.276177
2026-01,4544,Spl Omelette,8.276177
2026-01,4545,Veg Sai Food Spl Thali,8.276177
2026-01,4546,Vagharelo Rotlo,8.276177
2026-01,4547,Spl Punjabi Paneer,8.276177
2026-01,4548,Vada Sambhar Combo,8.276177
2026-01,4549,Spl Punjabi Papad,8.276177
2026-01,4550,Veg Peppery Paneer Pizza n Classic Italian Pizza with Coke Combo,8.276177
2026-01,4551,Spl Roti Combo Veg Thali (5 Plates),8.276177
2026-01,4552,Vada n Sambhar,8.276177
2026-01,4553,Veg Sabji,8.276177
2026-01,4554,Veg Sabji Biryani,8.276177
2026-01,4555,Vada n Sambhar with Chutney Combo,8.276177
2026-01,4556,Spl Roti Combo Non Veg Thali,8.276177
2026-01,4557,Vada n Samhar Combo,8.276177
2026-01,4558,Veg Peas Pulao,8.276177
2026-01,4559,Vadapav (Butter),8.276177
2026-01,4560,Spl Rajwadi Undhiyu,8.276177
2026-01,4561,Spl Rajwadi Dhokli,8.276177
2026-01,4562,Spl Rajma Masala,8.276177
2026-01,4563,Vadapav (Oil),8.276177
2026-01,4564,Vadapav (butter),8.276177
2026-01,4565,Spl Punjabi Veg Thali,8.276177
2026-01,4566,Spl Punjabi Tadka Pizza,8.276177
2026-01,4567,Veg Anuradha's Spl Thali,8.276177
2026-01,4568,Spl Butter Rumali Roti,8.276177
2026-01,4569,Veg Armnirbhar Thali,8.276177
2026-01,4570,Single Topping Onion Pizza,8.276177
2026-01,4571,Single Topping Capsicum Pizza,8.276177
2026-01,4572,Veg Paneer n Onion Pizza (Korean),8.276177
2026-01,4573,Veg Paneer n Onion Pizza,8.276177
2026-01,4574,Veg Paneer Uttapam,8.276177
2026-01,4575,Veg Schezwan Fried Noodles,8.276177
2026-01,4576,Veg Schezwan Fried RIce,8.276177
2026-01,4577,Veg Biryani (600g) (20 Plates),8.276177
2026-01,4578,Veg Biryani (8 Plates),8.276177
2026-01,4579,Single Idli N Vada Combo,8.276177
2026-01,4580,Veg Biryani (Couple Pack),8.276177
2026-01,4581,Veg Biryani (Family),8.276177
2026-01,4582,Single Egg Roll,8.276177
2026-01,4583,Single Chicken Roll,8.276177
2026-01,4584,Veg Schezwan Fried Rice (Half),8.276177
2026-01,4585,Veg Paneer Tikka Pizza (Mini),8.276177
2026-01,4586,Veg Schezwan Fried Rice (Jain),8.276177
2026-01,4587,Veg Biryani (Half) ,8.276177
2026-01,4588,Single Topping Corn Pizza,8.276177
2026-01,4589,Single Topping Paneer Pizza,8.276177
2026-01,4590,Veg Schezwan Fried Rice (jain),8.276177
2026-01,4591,Veg Biryani (2 Person),8.276177
2026-01,4592,Smoked Butter Chicken & Chapati Lunchbox,8.276177
2026-01,4593,Smoke Chilli Macaroni,8.276177
2026-01,4594,Smiley Fries,8.276177
2026-01,4595,Veg Schezwan Chowmein,8.276177
2026-01,4596,Veg Bhukkad Thali,8.276177
2026-01,4597,Small Onion Uttapam,8.276177
2026-01,4598,Small Onion Ghee Podi Uttapam,8.276177
2026-01,4599,Veg Bhukkard Thali (5 Plates),8.276177
2026-01,4600,Smabhar Idli,8.276177
2026-01,4601,Veg Bihar Bhoj Thali,8.276177
2026-01,4602,Sizzled Falafel Shawarma,8.276177
2026-01,4603,Sita Bhog,8.276177
2026-01,4604,Sirka Salad,8.276177
2026-01,4605,Single Veg Pack Pizza Of 4,8.276177
2026-01,4606,Veg Paneer n Roti Combo,8.276177
2026-01,4607,Veg Schezwan Chowmein (Full),8.276177
2026-01,4608,Veg Biryani (10 Plates),8.276177
2026-01,4609,Veg Paneer Tikka Pizza,8.276177
2026-01,4610,Veg Paneer Tikka Paprika Pizza,8.276177
2026-01,4611,Smoked Butter Chicken & Rice LunchBox,8.276177
2026-01,4612,Veg Paneer Tandoori Pizza (medium),8.276177
2026-01,4613,Shezwan Double Cheese Burger,8.276177
2026-01,4614,Veg Biryani (half) (6 Plates),8.276177
2026-01,4615,Sheek Kabab,8.276177
2026-01,4616,Shami Kabab Roll,8.276177
2026-01,4617,Veg Biryani (khuska) (8 Plates),8.276177
2026-01,4618,Shahi Tukda (pack of 2),8.276177
2026-01,4619,Veg Biryani (single),8.276177
2026-01,4620,Shahi Tukda,8.276177
2026-01,4621,Veg Paneer Tandoori Pizza (Medium),8.276177
2026-01,4622,Veg Schezwan Fry Rice,8.276177
2026-01,4623,Veg Schezwan Gobhi Fried Rice,8.276177
2026-01,4624,Shahi Subz-e Zaika Biryani (veg Hyderabadi Biryani Serves1),8.276177
2026-01,4625,Veg Paneer Sandwich,8.276177
2026-01,4626,Shahi Spl Thali (5 Plates),8.276177
2026-01,4627,Veg Biryani (small),8.276177
2026-01,4628,Veg Paneer Rice,8.276177
2026-01,4629,Veg Biryani Mini,8.276177
2026-01,4630,Shira,8.276177
2026-01,4631,Veg Paneer Tikka,8.276177
2026-01,4632,Singapore Chicken Rice,8.276177
2026-01,4633,Shreeji Veg Spl Pasta,8.276177
2026-01,4634,Simply Veg Pizza (Regular),8.276177
2026-01,4635,Simply Veg Pizza (Large),8.276177
2026-01,4636,Veg Biryani (Serves 1),8.276177
2026-01,4637,Shudh Desi Ghee Plain Paratha,8.276177
2026-01,4638,Veg Schezwan Fried Rice Combo,8.276177
2026-01,4639,Shudh Desi Ghee Paneer Paratha,8.276177
2026-01,4640,Shudh Desi Ghee Aloo Paratha,8.276177
2026-01,4641,Shrinath Thali,8.276177
2026-01,4642,Shrikhand,8.276177
2026-01,4643,Veg Biryani (Serves For 1 Person ),8.276177
2026-01,4644,Shri Nath Ji Veg Dum Biryani (Full),8.276177
2026-01,4645,Shri Nath Ji Spl Thali (without Onion Garlic),8.276177
2026-01,4646,Veg Paneer Tikka Grilled Sandwich,8.276177
2026-01,4647,Veg Biryani (Small),8.276177
2026-01,4648,Shri Nath Dosa,8.276177
2026-01,4649,Shreeji Veg Spl Pizza,8.276177
2026-01,4650,Veg Paneer Tikka Biryani,8.276177
2026-01,4651,Veg Bhopal Udipi Spl Thali,8.276177
2026-01,4652,Veg Schezwan Chilli Noodles,8.276177
2026-01,4653,Veg Paratha,8.276177
2026-01,4654,Spicy Tandoori Pizza,8.276177
2026-01,4655,Spicy Schezwan Fried Rice,8.276177
2026-01,4656,Spicy Paneer Wrap,8.276177
2026-01,4657,Spicy Paneer Salad Burger Wrap (Veg),8.276177
2026-01,4658,Spicy Paneer Salad Burger Wrap,8.276177
2026-01,4659,Veg Paradise Pizza (regular),8.276177
2026-01,4660,Spicy Paneer Masala,8.276177
2026-01,4661,Veg Paradise Pizza (Regular),8.276177
2026-01,4662,Veg Balaji Spl Thali,8.276177
2026-01,4663,Veg Banarasi Deluxe Thai,8.276177
2026-01,4664,Spicy Paneer Kolhapuri,8.276177
2026-01,4665,Spicy Paneer Burger,8.276177
2026-01,4666,Veg Banarasi Eco Thali,8.276177
2026-01,4667,Spicy Egg Fried Rice,8.276177
2026-01,4668,Veg Banarasi Mini Thali,8.276177
2026-01,4669,Spicy Chicken Sandwich,8.276177
2026-01,4670,Spicy Chicken Salad Burger Wrap.,8.276177
2026-01,4671,Spicy Butter Milk,8.276177
2026-01,4672,Veg Paradise Spl Thali,8.276177
2026-01,4673,Spicy Veg Pizza,8.276177
2026-01,4674,Spiced Chicken Strips Salad Burger Wrap,8.276177
2026-01,4675,Veg Baby Corn Manchurian (Dry),8.276177
2026-01,4676,Veg Arrabbiata Penine Pasta,8.276177
2026-01,4677,Spl Butter Pav Bhaji,8.276177
2026-01,4678,Spl Buff Kabab,8.276177
2026-01,4679,Spl Boondi Raita,8.276177
2026-01,4680,Veg Arrabita Pasta,8.276177
2026-01,4681,Veg Satvik Thali,8.276177
2026-01,4682,Spl Baingan Bharta,8.276177
2026-01,4683,Spl Baigan Bharta (Half),8.276177
2026-01,4684,Veg BBQ Mushroom Pizza n Veg Grilled Farmhouse Pizza with Coke Combo,8.276177
2026-01,4685,Spl Badam Shake,8.276177
2026-01,4686,Spl 70 Mm Dosa,8.276177
2026-01,4687,Veg Sawariya Thali,8.276177
2026-01,4688,Veg Baati Chokha Thali,8.276177
2026-01,4689,Veg Baby Corn Fried Rice n Raita Combo,8.276177
2026-01,4690,Spl 70 MM Dosa,8.276177
2026-01,4691,Spinach Juice,8.276177
2026-01,4692,Spicy Veggie 65 Pizza (Regular),8.276177
2026-01,4693,Spicy Bread Omelette,8.276177
2026-01,4694,Spianch Corn Tikki Burger,8.276177
2026-01,4695,Smoked Butter Chicken Bowl,8.276177
2026-01,4696,Soya Paneer Momos,8.276177
2026-01,4697,Soya Chaap Biryani (Serves 1),8.276177
2026-01,4698,Veg Bhakari Thali,8.276177
2026-01,4699,Soya Biryani Thali,8.276177
2026-01,4700,South Indian Veg Platter,8.276177
2026-01,4701,Veg Bhopal Udipi Premium Thali,8.276177
2026-01,4702,South Indian Special Thali,8.276177
2026-01,4703,South Indian Food Box,8.276177
2026-01,4704,Sooji Halwa,8.276177
2026-01,4705,Solkadhi ,8.276177
2026-01,4706,Veg Schezwan Cheese Vada Pav,8.276177
2026-01,4707,Soft Drink,8.276177
2026-01,4708,Smoky Diced Paneer Salad Wholewheat Wrap,8.276177
2026-01,4709,Smokey Chicken Sandwich,8.276177
2026-01,4710,Smoked Chicken Sausage Pizza,8.276177
2026-01,4711,"Smoked Butter Chicken, Rice Lunchbox with Gulab Jamun (2 pcs)",8.276177
2026-01,4712,Smoked Butter Chicken Rice Bowl (Regular),8.276177
2026-01,4713,Smoked Butter Chicken Rice Bowl (Jumbo),8.276177
2026-01,4714,Soya Chaap Masala Curry,8.276177
2026-01,4715,Sp Chicken Biryani,8.276177
2026-01,4716,Spianch Corn Cheese Tikki Burger,8.276177
2026-01,4717,Special Idli Samber,8.276177
2026-01,4718,Veg Schewzan Momos,8.276177
2026-01,4719,Veg Banarasi Mini Thali (8 Plates),8.276177
2026-01,4720,Special Thali (6 Plates),8.276177
2026-01,4721,Veg Banarasi Spl Pizza,8.276177
2026-01,4722,Veg Banarasi Thali,8.276177
2026-01,4723,Veg Schezwam Noodles,8.276177
2026-01,4724,Veg Bangali Thali,8.276177
2026-01,4725,Veg Schezwan Cheese Burger,8.276177
2026-01,4726,Special Taste Minister Thali,8.276177
2026-01,4727,Veg Pangat Special Thali,8.276177
2026-01,4728,Special Misal Pav,8.276177
2026-01,4729,Special Masala Dosa,8.276177
2026-01,4730,Special Lassi,8.276177
2026-01,4731,Special Kheer,8.276177
2026-01,4732,Special Jain Thali,8.276177
2026-01,4733,Veg Basmati Rice,8.276177
2026-01,4734,Veg Schezwan Cheese Pizza,8.276177
2026-01,4735,Veg Peri Peri Burger,8.276177
2026-01,4736,Veg Peri Peri Cheese Burger,8.276177
2026-01,4737,Rajma Curry,8.276177
2026-01,4738,Tandoori Malai Chaap (Half),8.276177
2026-01,4739,Tandoori Naan Butter,8.276177
2026-01,4740,Tandoori Naan,8.276177
2026-01,4741,Tandoori Momos,8.276177
2026-01,4742,Tandoori Mix Paratna,8.276177
2026-01,4743,Tandoori Missi Roti,8.276177
2026-01,4744,Tandoori Methi Butter Paratha,8.276177
2026-01,4745,Tandoori Malai Chaap n Rumali Roti Combo,8.276177
2026-01,4746,Tandoori Malai Chaap (full),8.276177
2026-01,4747,Teekha Chaska Sausages,8.276177
2026-01,4748,Upma Pesarratu,8.276177
2026-01,4749,Teekha Chicken Pizza (Regular),8.276177
2026-01,4750,Teekha Paneer Pizza (Large),8.276177
2026-01,4751,Veg Punjabi Maggi,8.276177
2026-01,4752,Tandoori Laccha Paratha Butter,8.276177
2026-01,4753,Veg Punjabi Mini Thali (5 Plates),8.276177
2026-01,4754,Teja Food Station Spl Thali,8.276177
2026-01,4755,Tandoori Kulcha,8.276177
2026-01,4756,Tandoori Grilled BBQ Chicken (Half),8.276177
2026-01,4757,Tandoori Naan Plain,8.276177
2026-01,4758,Tandoori Onion Butter Paratha,8.276177
2026-01,4759,Teekha Chaska French Fries,8.276177
2026-01,4760,Veg Punjabi Gabru Burger,8.276177
2026-01,4761,Tandoori Paneer Sandwich,8.276177
2026-01,4762,Tawa Roti n Egg Curry Combo,8.276177
2026-01,4763,Tandoori Paneer Pizza (Jain),8.276177
2026-01,4764,Tawa Roti n Fried Sabji Combo,8.276177
2026-01,4765,Veg Punjabi,8.276177
2026-01,4766,Tawa Roti n Matar Paneer Combo,8.276177
2026-01,4767,Tawa Roti n Palak Paneer Combo,8.276177
2026-01,4768,Veg Punjabi Burger,8.276177
2026-01,4769,Tandoori Paneer Paratha,8.276177
2026-01,4770,Veg Punjabi Deluxe Thali with Paratha,8.276177
2026-01,4771,Tandoori Paneer Grilled Sandwich,8.276177
2026-01,4772,Tawa Roti n Paneer Butter Masala Combo,8.276177
2026-01,4773,Tandoori Paneer Cheese Pizza,8.276177
2026-01,4774,Veg Pizza Maharaja (regular),8.276177
2026-01,4775,Tandoori Panee Tikka Pizza (Regular),8.276177
2026-01,4776,Tandoori Onion Paratha,8.276177
2026-01,4777,Tea N Biscuit Combo,8.276177
2026-01,4778,Tandoori Gobhi Paratha,8.276177
2026-01,4779,Tandoori Ghee Roti,8.276177
2026-01,4780,Tandoori Fries,8.276177
2026-01,4781,Tandoori Chicken Burger n Crispy Fries with Drink Combo,8.276177
2026-01,4782,Tandoori Chicken Biryani Single,8.276177
2026-01,4783,Tandoori Chicken Biryani (medium),8.276177
2026-01,4784,Tandoori Chicken Biryani (Small),8.276177
2026-01,4785,Veg Punjabi Premium Thali,8.276177
2026-01,4786,Thai Mushroom Fried Rice,8.276177
2026-01,4787,Tandoori Chicken Banjara (half),8.276177
2026-01,4788,Veg Pizza Combo,8.276177
2026-01,4789,Tandoori Chicken Banjara (Half),8.276177
2026-01,4790,Veg Punjabi Sandwich,8.276177
2026-01,4791,Veg Punjabi Tadka Maggi (200ml),8.276177
2026-01,4792,Veg Pizza (Small),8.276177
2026-01,4793,Thalipeeth,8.276177
2026-01,4794,The Spicy Veg Burger,8.276177
2026-01,4795,Veg Punjabi Thali (20 Plates),8.276177
2026-01,4796,The True Belgium Pancake Vanilla Base,8.276177
2026-01,4797,Tandoori Chicken (1/4),8.276177
2026-01,4798,Veg Pizza (Medium),8.276177
2026-01,4799,Tandoori Chicken Burger N Crispy Fries With Drink Combo,8.276177
2026-01,4800,Tandoori Chicken Combo,8.276177
2026-01,4801,Tandoori Double Cheese Burger,8.276177
2026-01,4802,Tandoori Chicken Dum Biryani,8.276177
2026-01,4803,Tandoori Cream Roti,8.276177
2026-01,4804,Tandoori Corn Maggi,8.276177
2026-01,4805,Tender with Nungu Coconut,8.276177
2026-01,4806,Tandoori Chicken n Paratha Combo,8.276177
2026-01,4807,Tandoori Chicken n Chapati Combo,8.276177
2026-01,4808,Tandoori Chicken Wings (4pc),8.276177
2026-01,4809,Tandoori Chicken Tikka n Sweet Corn Pizza Combo,8.276177
2026-01,4810,Tandoori Chicken Tikka Sandwich,8.276177
2026-01,4811,Tandoori Chicken Tikka Pizza (Regular),8.276177
2026-01,4812,Tfz Spl Thali,8.276177
2026-01,4813,Tandoori Chicken Tikka Pizza,8.276177
2026-01,4814,Tandoori Chicken Sandwich,8.276177
2026-01,4815,Tandoori Chicken Pizza (Small),8.276177
2026-01,4816,Tandoori Chicken N Paratha Combo,8.276177
2026-01,4817,Tandoori Chicken N Chapati Combo,8.276177
2026-01,4818,Tandoori Chicken Mandi (1 Person),8.276177
2026-01,4819,Tandoori Chicken Leg ,8.276177
2026-01,4820,Tandoori Paneer Tikka Masala,8.276177
2026-01,4821,Tandoori Paneer Tikka Medium Pizza (Serves-2),8.276177
2026-01,4822,Tandoori Paneer Tikka Pizza,8.276177
2026-01,4823,Tawa Paneer Paratha With Curd (2),8.276177
2026-01,4824,Veg Podi Roast,8.276177
2026-01,4825,Veg Plain Sandwich,8.276177
2026-01,4826,Veg Plain Noodles,8.276177
2026-01,4827,Veg Pride Special Thali,8.276177
2026-01,4828,Tawa Paratha Combo,8.276177
2026-01,4829,Veg Pualo (Full),8.276177
2026-01,4830,Veg Plain Margherita Pizza,8.276177
2026-01,4831,Veg Plain Maggie,8.276177
2026-01,4832,Tawa Plain Paratha N Curd Combo,8.276177
2026-01,4833,Veg Puff,8.276177
2026-01,4834,Tawa Aloo Paratha with Curd Combo,8.276177
2026-01,4835,Tawa Plain Paratha N Curd Combo (2),8.276177
2026-01,4836,Veg Plain Garlic Bread,8.276177
2026-01,4837,Tawa Aloo Paratha Combo,8.276177
2026-01,4838,Veg Pulao (Full),8.276177
2026-01,4839,Tawa Ajwain Paratha,8.276177
2026-01,4840,Tawa Pulao With Raita Combo,8.276177
2026-01,4841,Veg Poha,8.276177
2026-01,4842,Tawa Butter Chicken (Qtr),8.276177
2026-01,4843,Tangy Cheese Burst Pizza (Add Ons with Reg Pizza),8.276177
2026-01,4844,Tawa Paneer Paratha N Curd Combo (2),8.276177
2026-01,4845,Tawa Gobhi Paratha N Curd Combo (2),8.276177
2026-01,4846,Tawa Gobhi Paratha With Curd Combo,8.276177
2026-01,4847,Veg Premium Burger,8.276177
2026-01,4848,Tawa Gobhi Paratha with Curd Combo,8.276177
2026-01,4849,Veg Premium Poori Thali,8.276177
2026-01,4850,Tawa Mix Paratha,8.276177
2026-01,4851,Tawa Naan Butter,8.276177
2026-01,4852,Tawa Fish Fry,8.276177
2026-01,4853,Tawa Chicken Dry (qtr),8.276177
2026-01,4854,Tawa Chicken Dry (Qtr),8.276177
2026-01,4855,Veg Potato Crunch Burger,8.276177
2026-01,4856,Tawa Chicken (4pc),8.276177
2026-01,4857,Tawa Chicken,8.276177
2026-01,4858,Veg Poori Thali (5 Plates),8.276177
2026-01,4859,Tawa Paneer Paratha Combo,8.276177
2026-01,4860,Veg Premium Thali (5 Plates),8.276177
2026-01,4861,Tawa Butter Chicken Extra Gravy,8.276177
2026-01,4862,Tastoz Spl Thali,8.276177
2026-01,4863,Tangdi Kabab (half),8.276177
2026-01,4864,Veg Punajbi Thali,8.276177
2026-01,4865,Veg Plain Biryani Rice n Raita Combo (5 Plates),8.276177
2026-01,4866,Tandoori Spl Combo,8.276177
2026-01,4867,Tandoori Soya Chaap,8.276177
2026-01,4868,Tandoori Sandwich,8.276177
2026-01,4869,Tandoori Roti n Egg Combo,8.276177
2026-01,4870,Tandoori Roti n Curd Combo,8.276177
2026-01,4871,Veg Plain Biryani Rice (5 Plates),8.276177
2026-01,4872,Tawa Roti Combo (30pc),8.276177
2026-01,4873,Veg Plain Biryani (Half),8.276177
2026-01,4874,Tawa Roti N Chana Masala Combo,8.276177
2026-01,4875,Tawa Roti N Egg Curry Combo,8.276177
2026-01,4876,Veg Plain Biryani (Full),8.276177
2026-01,4877,Tawa Roti N Fried Sabji Combo,8.276177
2026-01,4878,Tawa Roti N Paneer Butter Masala Combo,8.276177
2026-01,4879,Tandoori Peppy Paneer Pizza,8.276177
2026-01,4880,Veg Pizza with Extra Cheese (Regular),8.276177
2026-01,4881,Tandoori Paneer Tikki Burger,8.276177
2026-01,4882,Tandoori Paneer Tikka Pizza + Cheesy Garlic Bread,8.276177
2026-01,4883,Tawa Roti (4pc),8.276177
2026-01,4884,Tandoori Stuff Paratha With Dahi Combo,8.276177
2026-01,4885,Veg Plain Cheese Pizza,8.276177
2026-01,4886,Tandoori Stuff Paratha with Dahi Combo,8.276177
2026-01,4887,Tangdi Kabab (full),8.276177
2026-01,4888,Tangdi Kabab (Half),8.276177
2026-01,4889,Tawa Pulao With Raita Combo (jain),8.276177
2026-01,4890,Veg Pulao Idli Harmony Combo,8.276177
2026-01,4891,Tawa Pulao n Raita Combo,8.276177
2026-01,4892,Tawa Pulao with Gravy Combo,8.276177
2026-01,4893,Tangdi Kabab,8.276177
2026-01,4894,Tawa Pulao with Raita Combo,8.276177
2026-01,4895,Tawa Pyaz Paratha n Curd Combo,8.276177
2026-01,4896,Tangdi Biryani,8.276177
2026-01,4897,Tandoori Tikka Kathi Roll,8.276177
2026-01,4898,Tandoori Tikka (Non Veg),8.276177
2026-01,4899,Tandoori Tawa Roti,8.276177
2026-01,4900,Veg Pulao n Curd Combo,8.276177
2026-01,4901,Tawa Roti (10pc),8.276177
2026-01,4902,Veg Pulao n Raita,8.276177
2026-01,4903,Tawa Roti (2pc),8.276177
2026-01,4904,Tandoori Chicken  (Half),8.276177
2026-01,4905,Tikha Mixture,8.276177
2026-01,4906,Tandoori Cheese Burst Pizza (Add Ons with Med Pizza),8.276177
2026-01,4907,Triple Rice with Gravy (Jain),8.276177
2026-01,4908,Veg Peri Peri Masala Maggi,8.276177
2026-01,4909,Truffle Chocolate Pastry,8.276177
2026-01,4910,Stuffed Garlic Bread Sticks (Paneer Tikka),8.276177
2026-01,4911,Truffle Pastry,8.276177
2026-01,4912,Veg Peri Peri Masala Fries,8.276177
2026-01,4913,Stuffed Garlic Bread (6pc),8.276177
2026-01,4914,Tum Tum Gathiya,8.276177
2026-01,4915,Stuffed Aloo Kulcha,8.276177
2026-01,4916,Twister Veg Wrap,8.276177
2026-01,4917,Stuff Tomato,8.276177
2026-01,4918,Stuff Poori with Chole,8.276177
2026-01,4919,Stuff Paratha n Curd Combo,8.276177
2026-01,4920,Udad Fry Papad,8.276177
2026-01,4921,Udad Roast Papad,8.276177
2026-01,4922,Stuff Kulcha,8.276177
2026-01,4923,Strawberry Smoothie (280ml),8.276177
2026-01,4924,Veg Rajwadi Deluxe Thali,8.276177
2026-01,4925,Stuffed Garlic Bread Sticks (paneer Tikka),8.276177
2026-01,4926,Triple Rice With Gravy (jain),8.276177
2026-01,4927,Uggani Mirchi,8.276177
2026-01,4928,Stuffed Paneer Kulcha,8.276177
2026-01,4929,Veg Peri Peri Paneer Pizza (Large),8.276177
2026-01,4930,Toofani Non-Veg Biryani Combo (Serves 1),8.276177
2026-01,4931,Veg Rajasthali Spl Thali,8.276177
2026-01,4932,Toofani Veg Biryani Combo (Serves 1),8.276177
2026-01,4933,Stufferd Tandoori Paratha,8.276177
2026-01,4934,Stuffed Paratha n Curd Combo,8.276177
2026-01,4935,Train Non Veg Maharaja Thali,8.276177
2026-01,4936,Stuffed Paratha N Curd Combo,8.276177
2026-01,4937,Veg Peri Peri Momos,8.276177
2026-01,4938,Stuffed Paratha (2pc),8.276177
2026-01,4939,Travel Combo 1 (5 Persons),8.276177
2026-01,4940,Triple Egg Dosa,8.276177
2026-01,4941,Stuffed Paneer Paratha with Curd Combo,8.276177
2026-01,4942,Stuffed Paneer Paratha with Chole Combo,8.276177
2026-01,4943,Triple Egg Omelette,8.276177
2026-01,4944,Stuffed Paneer Paratha,8.276177
2026-01,4945,Stuffed Paneer Naan,8.276177
2026-01,4946,Strawberry Mojito,8.276177
2026-01,4947,Ultimate Chipotle Aloo Patty Wrap at 89,8.276177
2026-01,4948,Sukha Bhel,8.276177
2026-01,4949,Standard Thali (5 Plates),8.276177
2026-01,4950,Standard Mutton Thali,8.276177
2026-01,4951,Veg Regular Classic Pizza n Fries with Spring Roll Combo,8.276177
2026-01,4952,Upma ,8.276177
2026-01,4953,Veg Regular Corporate Thali,8.276177
2026-01,4954,Veg Peri Peri Corn,8.276177
2026-01,4955,Spl Veg Thali (tawa Butter Roti),8.276177
2026-01,4956,Spl Veg Thali (Tawa Butter Roti),8.276177
2026-01,4957,Spl Veg Thali (5 Plates),8.276177
2026-01,4958,Upma Pesara Dosa,8.276177
2026-01,4959,Veg Regular Punjabi Thali,8.276177
2026-01,4960,Veg Regular Thali (6 Plates),8.276177
2026-01,4961,Veg Peri Peri Cheese Maggi,8.276177
2026-01,4962,Upma Pesarattu Dosa,8.276177
2026-01,4963,Veg Regular Vip Thali,8.276177
2026-01,4964,Spl Veg South Indian Thali,8.276177
2026-01,4965,Spl Veg Sandwich n French Fries with Vanilla Milk Shake Combo,8.276177
2026-01,4966,Spl Veg Sandwich,8.276177
2026-01,4967,Veg Regular Burger,8.276177
2026-01,4968,Steam Corn (Salted),8.276177
2026-01,4969,Strawberry Milkshake,8.276177
2026-01,4970,Unforgettable Marwadi Mix Achar,8.276177
2026-01,4971,Strawberry Milk Shake n Finger Chips Combo,8.276177
2026-01,4972,Veg Rajwadi Mahal Bahubali Thali,8.276177
2026-01,4973,Ultimate Chipotle Veg Fingers Wrap at 89,8.276177
2026-01,4974,Strawberry Crush Cake,8.276177
2026-01,4975,Straberry Pastry,8.276177
2026-01,4976,Steamed Rice with Chole Combo,8.276177
2026-01,4977,Steamed Rice With Chole Combo,8.276177
2026-01,4978,Steamed Rice (half),8.276177
2026-01,4979,Steamed Rice (full),8.276177
2026-01,4980,Steamed Rice (Half),8.276177
2026-01,4981,Steamed Rice (Full),8.276177
2026-01,4982,Veg Rajwadi Mini Thali,8.276177
2026-01,4983,Steam Rice (half),8.276177
2026-01,4984,Ulunthu Vadai,8.276177
2026-01,4985,Steam Rice (Qtr),8.276177
2026-01,4986,Veg Ratlami Teekha Mini Thali,8.276177
2026-01,4987,Veg Red Pasta,8.276177
2026-01,4988,Subz-e-Biryani (Dum Veg Biryani - Serves 2),8.276177
2026-01,4989,Sukha Bhel Poori,8.276177
2026-01,4990,Tandoori Chaap Roll,8.276177
2026-01,4991,Tomato Bath Upma,8.276177
2026-01,4992,Tandoor Aloo Paratha,8.276177
2026-01,4993,Tamatar Masala,8.276177
2026-01,4994,Veg R.G Spl Thali,8.276177
2026-01,4995,Tamatar Chutney,8.276177
2026-01,4996,Tamatar Bhaji,8.276177
2026-01,4997,Tamarind Rice,8.276177
2026-01,4998,Tam Tam Mix,8.276177
2026-01,4999,Tomato Bhaji,8.276177
2026-01,5000,Talakaya Mutton Curry n Plain Rice Combo,8.276177
2026-01,5001,Taj-e-Khumb Biryani (Mushroom Biryani - Serves 2),8.276177
2026-01,5002,Tadka Plain Rice Combo,8.276177
2026-01,5003,Tomato Cheese Pizza (small),8.276177
2026-01,5004,Tadka Maggie,8.276177
2026-01,5005,Veg Rad Sauce Cheese Pasta,8.276177
2026-01,5006,Tadipatri Fried Chicken Biryani,8.276177
2026-01,5007,Tacos Paneer Tikka Butter Masala n Red Paprika,8.276177
2026-01,5008,Veg Railway Punjabi Thali,8.276177
2026-01,5009,Veg Pindi Special Thali,8.276177
2026-01,5010,Tandoori Aloo,8.276177
2026-01,5011,Tacos Mushrooms Corn n Onion,8.276177
2026-01,5012,Veg Pineapple Pizza,8.276177
2026-01,5013,Toamato Salad,8.276177
2026-01,5014,Veg Punjabji Thali,8.276177
2026-01,5015,Toast Nutella,8.276177
2026-01,5016,Tandoori Butter Paratha n Chole Combo,8.276177
2026-01,5017,Tandoori Butter Paratha,8.276177
2026-01,5018,Tandoori Butter Naan,8.276177
2026-01,5019,Tandoori Butter Mushroom Paratha,8.276177
2026-01,5020,Tandoori Butter Missi Roti,8.276177
2026-01,5021,Tandoori Butter Makka Roti,8.276177
2026-01,5022,Tandoori Butter Chicken,8.276177
2026-01,5023,Tandoori Aloo Paratha With Dahi Combo,8.276177
2026-01,5024,Veg Puri Thali,8.276177
2026-01,5025,Veg Pink Sauce Pasta,8.276177
2026-01,5026,Toasted Cheese Sandwich,8.276177
2026-01,5027,Tokhm-e-Biryani (Dum Egg Biryani - Serves 4-5),8.276177
2026-01,5028,Tandoori Aloo Onion Paratha with Dahi Combo,8.276177
2026-01,5029,Tandoori Aloo Onion Paratha With Chole Combo,8.276177
2026-01,5030,Tacos Paneer Corns,8.276177
2026-01,5031,Tomato Chutney,8.276177
2026-01,5032,Sukha Bhel Poori (Jain),8.276177
2026-01,5033,Swastik Spl Thali (5 Plates),8.276177
2026-01,5034,Swami Roti,8.276177
2026-01,5035,Swadist Mutton Biryani,8.276177
2026-01,5036,Swadist Chicken Biryani,8.276177
2026-01,5037,Veg Raita (Jain),8.276177
2026-01,5038,Veg Peri Peri Sandwich,8.276177
2026-01,5039,Paneer Ghee Roast,8.276177
2026-01,5040,Surti Khaman With Sev (half),8.276177
2026-01,5041,Surti Khaman With Sev (full),8.276177
2026-01,5042,Tomato Upma,8.276177
2026-01,5043,Superme Bbq Burger,8.276177
2026-01,5044,Super Veggie Wrap,8.276177
2026-01,5045,Tomato Uthapam,8.276177
2026-01,5046,Veg Peri Peri Pizza,8.276177
2026-01,5047,Tomato Uttapam ,8.276177
2026-01,5048,Suman Sagar Veg Biryani,8.276177
2026-01,5049,Tomato n Curd Rice Combo Box,8.276177
2026-01,5050,Suman Sagar Special Biriyani,8.276177
2026-01,5051,Veg Raita (Half),8.276177
2026-01,5052,Sweer Cron Cheese Pizza (large),8.276177
2026-01,5053,Tomato Chutney (Half),8.276177
2026-01,5054,Sweer Cron Cheese Pizza (small),8.276177
2026-01,5055,Szechwan Noodles,8.276177
2026-01,5056,Sweet Sunrise Combo (veg),8.276177
2026-01,5057,Sweet Sunrise Combo (Veg),8.276177
2026-01,5058,Tomato Curry,8.276177
2026-01,5059,Sweet Salt Lime Juice,8.276177
2026-01,5060,Tomato Curry n Roti Combo,8.276177
2026-01,5061,Tomato Pizza (Regular),8.276177
2026-01,5062,Sweet Curd,8.276177
2026-01,5063,Sweet Corn Soup n Veggies,8.276177
2026-01,5064,Sweet Corn Sandwich,8.276177
2026-01,5065,Sweet Corn Pizza,8.276177
2026-01,5066,Sweet Corn Masala,8.276177
2026-01,5067,Sweet Corn Delight Pizza (Regular),8.276177
2026-01,5068,Sweet Corn Delight Pizza (Giant Slice),8.276177
2026-01,5069,Sweet Corn Cheese Pizza,8.276177
2026-01,5070,Veg Raita (Full),8.276177
2026-01,5071,Tomato Pyaz Chutney,8.276177
2026-01,5072,Veg Biryani N Curd Combo,8.276177
2026-01,5073,Veg Biryani N Gobhi Manchurain With Kaju Curry Combo,8.276177
2026-01,5074,Veg Biryani N Gobhi Pakoda Combo,8.276177
2026-01,5075,Veg Chilli Cheese Toast Sandwich,8.276177
2026-01,5076,Veg Chetna Spl Pizza,8.276177
2026-01,5077,Veg Spl Gujrati Thali,8.276177
2026-01,5078,Roti N Paneer Masala Combo,8.276177
2026-01,5079,Veg Chilli Burnt Garlic Noodles,8.276177
2026-01,5080,Veg Chilli Chatpata Maggi (200ml),8.276177
2026-01,5081,Veg Chilli Cheese Grill Sandwich,8.276177
2026-01,5082,Veg Spl Jodhpuri Sandwich,8.276177
2026-01,5083,Veg Chilli Cheese Grilled Sandwich,8.276177
2026-01,5084,Veg Spl Kadhi Khichdi Thali,8.276177
2026-01,5085,Veg Schezwan Hakka Noodles,8.276177
2026-01,5086,Roti N Dal Fry Combo,8.276177
2026-01,5087,Roti N Dal Combo,8.276177
2026-01,5088,Veg Noodles n Veg Fried Rice Combo,8.276177
2026-01,5089,Veg Chilli Chowmein,8.276177
2026-01,5090,Veg Chilli Corn,8.276177
2026-01,5091,Veg Chilli Garlic Chowmein,8.276177
2026-01,5092,Veg Chilli Garlic Fried Rice,8.276177
2026-01,5093,Roti Basket,8.276177
2026-01,5094,Veg Cheesse Noodles,8.276177
2026-01,5095,Veg Noodles n Veg Fried Rice with Chilli Paneer n Veg Manchurian Combo,8.276177
2026-01,5096,Veg Spl Garden Pizza,8.276177
2026-01,5097,Veg Cheese n Tomato Pizza,8.276177
2026-01,5098,Roti n Egg Masala Combo,8.276177
2026-01,5099,Veg Spl Chinese Combo,8.276177
2026-01,5100,Veg Spl Chinese Thali,8.276177
2026-01,5101,Veg Cheese Tandoori Paneer Pizza,8.276177
2026-01,5102,Veg Cheese Tomato Sandwich,8.276177
2026-01,5103,Veg Spl Club Cheese Sandwich,8.276177
2026-01,5104,Veg Cheese Zingy Parcel,8.276177
2026-01,5105,Veg Cheese n Corn Pizza,8.276177
2026-01,5106,Roti n Chicken Kassa Combo,8.276177
2026-01,5107,Veg Spl Dum Biryani,8.276177
2026-01,5108,Veg Noodles with Spl Veggies,8.276177
2026-01,5109,Roti n Butter Chicken,8.276177
2026-01,5110,Veg Noodles n Veg Manchurian with Fried Rice Combo,8.276177
2026-01,5111,Veg Spl Fried Rice,8.276177
2026-01,5112,Veg Cheese n Corn Pizza (Korean),8.276177
2026-01,5113,Veg Cheese n Corn Pizza (Small),8.276177
2026-01,5114,Roti Tandoori Combo,8.276177
2026-01,5115,Veg Noodles n Roti Combo,8.276177
2026-01,5116,Roti And Mutton Combo,8.276177
2026-01,5117,Veg Chilli Garlic Noodles with Gravy,8.276177
2026-01,5118,Veg Chinese Combo 24,8.276177
2026-01,5119,Veg Chinese Combo 30,8.276177
2026-01,5120,Veg Chinese Combo 31,8.276177
2026-01,5121,Veg Spl Paneer Tikka Masala Sandwich,8.276177
2026-01,5122,Veg Chinese Combo 35,8.276177
2026-01,5123,Romantic Rose Shake,8.276177
2026-01,5124,Veg Chinese Combo Fast Food,8.276177
2026-01,5125,Veg Chinese Fried Rice,8.276177
2026-01,5126,Veg Chinese Nandthi Spl,8.276177
2026-01,5127,Veg Spl Pizza,8.276177
2026-01,5128,Veg Chinese Noodles,8.276177
2026-01,5129,Veg Spl Pulao,8.276177
2026-01,5130,Veg Chinese Noodles Combo,8.276177
2026-01,5131,Roasted Masala Papad,8.276177
2026-01,5132,Veg Chinese Rice Combo,8.276177
2026-01,5133,Roasted Chicken Medium Pizza,8.276177
2026-01,5134,Roasted Chicken (half),8.276177
2026-01,5135,Veg Noodles n Manchurian Combo (Half),8.276177
2026-01,5136,Veg Chinese Combo 28,8.276177
2026-01,5137,Rose Milk,8.276177
2026-01,5138,Veg Chilli Noodles,8.276177
2026-01,5139,Rose Milk (Large),8.276177
2026-01,5140,Roti And Chicken Combo,8.276177
2026-01,5141,Veg Chilli Paneer Burger,8.276177
2026-01,5142,Veg Chilli Paneer Pizza,8.276177
2026-01,5143,Veg Chilli Paneer Sandwich,8.276177
2026-01,5144,Veg Chilli Paneer n Freid Rice Combo,8.276177
2026-01,5145,Veg Chilli Paneer n Veg Fried Rice Combo,8.276177
2026-01,5146,Veg Spl Mix Bhakari Thali,8.276177
2026-01,5147,Roti ,8.276177
2026-01,5148,Veg Spl Noodles,8.276177
2026-01,5149,Veg Noodles n Paneer Manchurian Combo,8.276177
2026-01,5150,Veg Spl Noodles n Veg Manchurian Combo,8.276177
2026-01,5151,Veg Noodles n Mushroom 65 Combo,8.276177
2026-01,5152,Veg Chinese Combo 1,8.276177
2026-01,5153,Veg Chinese Combo 17,8.276177
2026-01,5154,Rosted Chicken,8.276177
2026-01,5155,Veg Spl Packing Thali (5 Plates),8.276177
2026-01,5156,Rose Milk Shake,8.276177
2026-01,5157,Veg Cheese Tandoori Mushroom Pizza,8.276177
2026-01,5158,Veg Cheese Tandoori Momos,8.276177
2026-01,5159,Veg Cheese Sweet Corn Sandwich,8.276177
2026-01,5160,Veg Cheese Margherita Pizza,8.276177
2026-01,5161,Sabudana Chakli,8.276177
2026-01,5162,Veg Cheese Masala Maggie,8.276177
2026-01,5163,Veg Cheese Masala Sandwich,8.276177
2026-01,5164,Veg Cheese Mayo Sandwich,8.276177
2026-01,5165,Veg Special Thali (5 Plates),8.276177
2026-01,5166,Veg Special Thali (6 Plates),8.276177
2026-01,5167,Veg Special Thali (Plates 5),8.276177
2026-01,5168,Veg Cheese Mayonnaise Frankie (Jain),8.276177
2026-01,5169,Sabji n Poori Combo,8.276177
2026-01,5170,Veg Spicy Cheese Burger,8.276177
2026-01,5171,Veg Cheese Onion Capsicum Pizza,8.276177
2026-01,5172,Veg Cheese Paneer Burger,8.276177
2026-01,5173,Veg Cheese Paneer Grilled Sandwich,8.276177
2026-01,5174,Veg Cheese Paneer Masala,8.276177
2026-01,5175,Sabji Kofta Masala,8.276177
2026-01,5176,Veg Cheese Paneer Sandwich,8.276177
2026-01,5177,Veg Spicy Masala Maggi,8.276177
2026-01,5178,Veg Cheese Masala Maggi,8.276177
2026-01,5179,Veg Cheese Maharaja Vada Pav,8.276177
2026-01,5180,Russian Blackcurrent Shake,8.276177
2026-01,5181,Sabudana Khichdi & Dum Aloo Bowl,8.276177
2026-01,5182,Sabudana Paratha Tub - 3 pcs,8.276177
2026-01,5183,Sabudana Paratha (2 pcs) Curd Meal,8.276177
2026-01,5184,Sabudana Kichdhi,8.276177
2026-01,5185,Sabudana Khichdi with Dum Aloo Vrat Thali,8.276177
2026-01,5186,Sabudana Khichdi with Dahi,8.276177
2026-01,5187,Sabudana Khichdi n Curd Combo,8.276177
2026-01,5188,Veg Cheese Hakka Noodles (Half),8.276177
2026-01,5189,Sabudana Khichdi With Dahi,8.276177
2026-01,5190,Sabudana Khichdi N Curd Combo,8.276177
2026-01,5191,Sabudana Khichdi Dahi,8.276177
2026-01,5192,Veg Soya Pizza,8.276177
2026-01,5193,Veg Spaghetti Aglio Olio Pasta,8.276177
2026-01,5194,Sabudana Khichdi Curd Meal with Aloo Pattice,8.276177
2026-01,5195,Veg Cheese Lava Paneer Tikka Pizza,8.276177
2026-01,5196,Sabudana Khichdi & Paneer Makhmali Bowl,8.276177
2026-01,5197,Sabudana Khichdi & Makhmali Paneer Vrat Thali,8.276177
2026-01,5198,Sabudana Khichdi & Dum Aloo Meal with Rajgira Halwa,8.276177
2026-01,5199,Saag n Makki Roti Combo,8.276177
2026-01,5200,Rumali Roti n Tawa Chaap Gravy Combo,8.276177
2026-01,5201,Veg Cheese Schezwan Frankie,8.276177
2026-01,5202,Royal Cheese Paneer Burger,8.276177
2026-01,5203,Rotla Nu Churmu,8.276177
2026-01,5204,Roti with Noodles Combo,8.276177
2026-01,5205,Veg Cheese Pizza Fingers,8.276177
2026-01,5206,Veg Cheese Plain Dosa,8.276177
2026-01,5207,Veg Spl Biryani n Raita Combo,8.276177
2026-01,5208,Roti with Fried Rice Combo,8.276177
2026-01,5209,Veg Cheese Potato Pops,8.276177
2026-01,5210,Veg Spl Burger n French Fries with Orange Mojito Combo,8.276177
2026-01,5211,Veg Cheese Roll,8.276177
2026-01,5212,Roti with Egg Noodles Combo,8.276177
2026-01,5213,Roti with Egg Fried Rice Combo,8.276177
2026-01,5214,Veg Spl Chaap Thali,8.276177
2026-01,5215,Roti n Paneer Masala Combo,8.276177
2026-01,5216,Veg Cheese Salad Sandwich,8.276177
2026-01,5217,Veg Noodles with Veg Manchurian,8.276177
2026-01,5218,Veg Cheese Sandwich (Jain),8.276177
2026-01,5219,Roti n Paneer Butter Masala Combo 1,8.276177
2026-01,5220,Royal Bajirao Mastani,8.276177
2026-01,5221,Royal Egg Lover Thali,8.276177
2026-01,5222,Veg Cheese Paratha,8.276177
2026-01,5223,Royal Egg Thali,8.276177
2026-01,5224,Veg Spicy Zinger Burger,8.276177
2026-01,5225,Veg Spl Bengali Thali,8.276177
2026-01,5226,Rr Seeraga Samba Chicken Biryani,8.276177
2026-01,5227,Royal Paneer Supreme Pizza,8.276177
2026-01,5228,Royal Paneer Daawat Combo (Serves 2),8.276177
2026-01,5229,Royal Non Veg Thali,8.276177
2026-01,5230,Veg Cheese Peri Peri Momos,8.276177
2026-01,5231,Veg Noodles with Veg Manchurian Gravy Combo,8.276177
2026-01,5232,Veg Cheese Pizza (Large),8.276177
2026-01,5233,Royal Iftar Combos (Lazeez Bhuna Biryani-Hyderabadi Recipe),8.276177
2026-01,5234,Veg Cheese Pizza (large),8.276177
2026-01,5235,Royal Iftar Combos (Lazeez Bhuna Biryani-Classic Recipe),8.276177
2026-01,5236,Royal Iftar Combos (Dum Gosht Biryani-Hyderabadi Recipe),8.276177
2026-01,5237,Royal Falooda,8.276177
2026-01,5238,Veg Cheese Pizza (medium),8.276177
2026-01,5239,Veg Cheese Pizza (regular),8.276177
2026-01,5240,Veg Cheese Pizza (small),8.276177
2026-01,5241,Roasted Chicken (Half),8.276177
2026-01,5242,Roasted Chicken (Full),8.276177
2026-01,5243,Roasted Chicken,8.276177
2026-01,5244,Veg Classic Paneer Sandwich,8.276177
2026-01,5245,Veg Classic Pizza,8.276177
2026-01,5246,Rasam Idli,8.276177
2026-01,5247,Veg Classic Pizza (Regular),8.276177
2026-01,5248,Rasam,8.276177
2026-01,5249,Veg Standard Thali (7 Plates),8.276177
2026-01,5250,Rara Chicken n Roti Combo,8.276177
2026-01,5251,Rara Chicken (Qtr),8.276177
2026-01,5252,Rara Chicken (Half),8.276177
2026-01,5253,Rara Chaap,8.276177
2026-01,5254,Rajwadi Undhiyu,8.276177
2026-01,5255,Veg Classic Pizza (regular),8.276177
2026-01,5256,Veg Noodles ,8.276177
2026-01,5257,Veg Nizami Biryani n Raita Combo,8.276177
2026-01,5258,Rajwadi Mix,8.276177
2026-01,5259,Veg Classic Tomato Pizza (Small),8.276177
2026-01,5260,"Rajma, Chapati Lunchbox with Gulab Jamun (2 pcs)",8.276177
2026-01,5261,Rajma with Rice Combo,8.276177
2026-01,5262,Rasam Rice n Poriyal Combo,8.276177
2026-01,5263,Veg Classic Noodles,8.276177
2026-01,5264,Rajma with Jeera Rice Combo,8.276177
2026-01,5265,Veg Classic Momos,8.276177
2026-01,5266,Veg Standard Spl Thali,8.276177
2026-01,5267,Rasmalai Shake,8.276177
2026-01,5268,Rasmalai Cake,8.276177
2026-01,5269,Veg Classic Combo,8.276177
2026-01,5270,Rasmalai (250g),8.276177
2026-01,5271,Veg Classic Garlic Bread,8.276177
2026-01,5272,Veg Classic Italin Pizza,8.276177
2026-01,5273,Veg Noodles Combo,8.276177
2026-01,5274,Rasgulla (5pc),8.276177
2026-01,5275,Veg Noodles Chowmein,8.276177
2026-01,5276,Rasgulla (2pc),8.276177
2026-01,5277,Veg Classic Margherita Pizza (Medium),8.276177
2026-01,5278,Rasgulla (2 pcs ),8.276177
2026-01,5279,Veg Noodles Burger,8.276177
2026-01,5280,Veg Standard Thali (6 Plates),8.276177
2026-01,5281,Veg Classic Margherita Pizza (medium),8.276177
2026-01,5282,Veg Classic Margherita with Basil Pizza n Veg Grilled Farmhouse Pizza Combo,8.276177
2026-01,5283,Veg Classic Wrap & Fries Meal at 209,8.276177
2026-01,5284,Rajma n Roti Combo,8.276177
2026-01,5285,Veg Noodles Maggi,8.276177
2026-01,5286,Veg Steamed Momos,8.276177
2026-01,5287,Rajma N Chawal Combo,8.276177
2026-01,5288,Rajma Masala n Rice Combo,8.276177
2026-01,5289,Rajma Masala n Chawal Combo,8.276177
2026-01,5290,Rajma Masala Rice Bowl (regular),8.276177
2026-01,5291,Veg Club Sandwich Combo,8.276177
2026-01,5292,Rajma Masala Rice Bowl (Regular),8.276177
2026-01,5293,Rajma Masala Rice Bowl (Jumbo),8.276177
2026-01,5294,Tawa Gobhi Paratha N Curd Combo,8.276177
2026-01,5295,Rajma Masala (half),8.276177
2026-01,5296,Rajma Masala (full),8.276177
2026-01,5297,Veg Club Spl Cheese Pizza,8.276177
2026-01,5298,Veg Cold Sandwich,8.276177
2026-01,5299,Veg Combination Noodles Mix Rice,8.276177
2026-01,5300,Veg Combo (Serves For 4),8.276177
2026-01,5301,Veg Stuff Garlic Bread,8.276177
2026-01,5302,Veg Combo 4,8.276177
2026-01,5303,Rajma Jeera Rice Box,8.276177
2026-01,5304,Rajma N Jeera Rice Combo,8.276177
2026-01,5305,Veg Steam Momos (Half),8.276177
2026-01,5306,Rajma n Rice with Roti Combo,8.276177
2026-01,5307,Veg Steam Momos (Full),8.276177
2026-01,5308,Veg Classic Wrap & Wedges Meal at 175,8.276177
2026-01,5309,Rajma n Rice Combo (Full),8.276177
2026-01,5310,Veg Standard Thali with Premium Rasmalai,8.276177
2026-01,5311,Veg Classic Wrap and Beverage Meal at 125,8.276177
2026-01,5312,Rajma n Plain Paratha Combo,8.276177
2026-01,5313,Rajma n Jeera Rice Combo,8.276177
2026-01,5314,Veg Classic Wrap with Side Mini Meal,8.276177
2026-01,5315,Veg Classic Wrap with Side and Beverage Meal,8.276177
2026-01,5316,Rajma n Butter Tawa Roti Combo,8.276177
2026-01,5317,Veg Steam Classic Momos,8.276177
2026-01,5318,Rajma and Paratha Lunchbox,8.276177
2026-01,5319,Rajma With Rice Combo,8.276177
2026-01,5320,Rajma With Jeera Rice Combo,8.276177
2026-01,5321,Rajma Thali,8.276177
2026-01,5322,Rajma Rice Fry,8.276177
2026-01,5323,Veg Clear Soup,8.276177
2026-01,5324,Veg Natraj Spl Thali,8.276177
2026-01,5325,Veg Classic Burger n French Fries with Drink Combo,8.276177
2026-01,5326,Veg Chowmien n Veg Manchurian Dry/Gravy Combo,8.276177
2026-01,5327,Veg Chinese Thali with Soft Dring,8.276177
2026-01,5328,Rice Combo,8.276177
2026-01,5329,Veg Chopsuey,8.276177
2026-01,5330,Retro Spl Thali,8.276177
2026-01,5331,Retro Spl Pizza,8.276177
2026-01,5332,Regular Veg Shawarma,8.276177
2026-01,5333,Regular Paratha,8.276177
2026-01,5334,Veg Chopsuey Noodles,8.276177
2026-01,5335,Regular Fries,8.276177
2026-01,5336,Regular Egg Sandwich,8.276177
2026-01,5337,Regal Veg Thali,8.276177
2026-01,5338,Red Velvet Jar Cake,8.276177
2026-01,5339,Red Thai Mushrrom Curry N Rice Combo,8.276177
2026-01,5340,Red Sauce Veg Pasta,8.276177
2026-01,5341,Veg Noodles n Chilli Mushroom Combo,8.276177
2026-01,5342,Veg Noodles n Chilli Chicken Combo,8.276177
2026-01,5343,Veg Chowmein ,8.276177
2026-01,5344,Veg Noodles With Veg Manchurian Gravy Combo,8.276177
2026-01,5345,Red Sauce Spaghetti,8.276177
2026-01,5346,Rice & Dal Combo,8.276177
2026-01,5347,Rice Curd Combo,8.276177
2026-01,5348,Veg Noodles Soup,8.276177
2026-01,5349,Veg Spl Shawarma,8.276177
2026-01,5350,Roast Vegetables Rice Bowl,8.276177
2026-01,5351,Roast Vegetables Mini Rice Bowl,8.276177
2026-01,5352,Roast Papad,8.276177
2026-01,5353,Rich Mango Shake,8.276177
2026-01,5354,Veg Spl Roll,8.276177
2026-01,5355,Rice with Mushroom Gravy Combo 4,8.276177
2026-01,5356,Rice with Gravy Combo 2,8.276177
2026-01,5357,Rice n Poriyal with Sambhar Combo,8.276177
2026-01,5358,Rice n Fish Masala with Salad Combo,8.276177
2026-01,5359,Veg Spl Schezwan Gobhi Noodles,8.276177
2026-01,5360,Veg Chmbal Yatri Thali,8.276177
2026-01,5361,Rice Shahi Paneer Combo,8.276177
2026-01,5362,Rice Roti,8.276177
2026-01,5363,Rice Pongal,8.276177
2026-01,5364,Veg Noodles n Chilli Paneer with Fried Rice Combo,8.276177
2026-01,5365,Rice Lapeta (Dal Khichdi),8.276177
2026-01,5366,Rice Dal Fry Chatpata,8.276177
2026-01,5367,Red Sauce Pasta (450ml),8.276177
2026-01,5368,Red Sauce Chicken Pasta,8.276177
2026-01,5369,Ratlami Sev Paneer Sandwich,8.276177
2026-01,5370,Veg Chowmein With Coke,8.276177
2026-01,5371,Veg Noodles N Mushroom 65 Combo,8.276177
2026-01,5372,Veg Chowmein n Chilli Chicken Combo,8.276177
2026-01,5373,Veg Spring Dosa,8.276177
2026-01,5374,Veg Chowmein n Fried Rice Combo,8.276177
2026-01,5375,Rava Masala Roast,8.276177
2026-01,5376,Rava Masala Mosa,8.276177
2026-01,5377,Veg Chowmein n Paneer Chilli Combo,8.276177
2026-01,5378,Rava Idli n Sambhar Combo,8.276177
2026-01,5379,Veg Noodles N Chilli Paneer With Fried Rice Combo,8.276177
2026-01,5380,Veg Spring Fling Pizza (medium),8.276177
2026-01,5381,Veg Chowmein with Coke,8.276177
2026-01,5382,Veg Spring Roll Combo,8.276177
2026-01,5383,Veg Spring Rolls,8.276177
2026-01,5384,Ratlami Sev Tamatar Choti,8.276177
2026-01,5385,Veg Chowmien,8.276177
2026-01,5386,Veg Noodles N Chilli Mushroom With Paneer Manchurian Combo,8.276177
2026-01,5387,Veg Chowmien N Veg Manchurian Dry/gravy Combo,8.276177
2026-01,5388,Rava Onion Roast Dosa,8.276177
2026-01,5389,Rava Upma,8.276177
2026-01,5390,Veg Spl Thali ,8.276177
2026-01,5391,Rava Upma Dosa,8.276177
2026-01,5392,Veg Noodles Rice,8.276177
2026-01,5393,Red Hot Veg Schezwan Fried Rice,8.276177
2026-01,5394,Veg Spl Thali (20 Plates),8.276177
2026-01,5395,Red Chilli Dal Tadka,8.276177
2026-01,5396,Red Bucket Spl Chicken Biryani (Serves For 1 Person ),8.276177
2026-01,5397,Red Bucket Spl Chicken Biryani (1 Person),8.276177
2026-01,5398,Veg Chowmein N Paneer Chilli Combo,8.276177
2026-01,5399,Real Kesar Handi Rabdi,8.276177
2026-01,5400,Rayalaseema Chicken Curry,8.276177
2026-01,5401,Rawa Sada Dosa,8.276177
2026-01,5402,Veg Chowmein N Veg Manchurian Combo,8.276177
2026-01,5403,Veg Spl Thali (3 Plates),8.276177
2026-01,5404,Veg Chowmein Roll,8.276177
2026-01,5405,Veg Noodles N Roti Combo,8.276177
2026-01,5406,Veg Spl Thali (6 Plates),8.276177
2026-01,5407,Rawa Idli Sambhar,8.276177
2026-01,5408,Veg Spl Vada Thali,8.276177
2026-01,5409,Veg Soya Chaap Biryani n Raita Combo,8.276177
2026-01,5410,Veg Soya Chaap Biryani,8.276177
2026-01,5411,Veg Cheese Grilled Sandwich (Jain),8.276177
2026-01,5412,Sev Tamatar (Jain),8.276177
2026-01,5413,Veg Paneer Cheese Sandwich,8.276177
2026-01,5414,Veg Schezwan Shawarma,8.276177
2026-01,5415,Veg Schezwan Triple Fried Rice,8.276177
2026-01,5416,Veg Biryani with Gravy Combo,8.276177
2026-01,5417,Sev Pyaz Cheese Paratha,8.276177
2026-01,5418,Sev Paratha n Curd Combo,8.276177
2026-01,5419,Veg Paneer Cheese Corn Pizza,8.276177
2026-01,5420,Sev Paratha,8.276177
2026-01,5421,Sev Paneer Cheese Paratha,8.276177
2026-01,5422,Sev Masala n Rice with Paratha Combo,8.276177
2026-01,5423,Veg Biryani with Raita (10 Plates),8.276177
2026-01,5424,Sev Masala Sabji n Butter Chapati Combo,8.276177
2026-01,5425,Sev Masala N Rice With Paratha Combo,8.276177
2026-01,5426,Sev Masala Meal,8.276177
2026-01,5427,Veg Paneer Cheese Burger,8.276177
2026-01,5428,Veg Biryani with Raita (6 Plates),8.276177
2026-01,5429,Veg Biryani with Raita (750g ),8.276177
2026-01,5430,Veg Schezwan Rice n Veg Manchurain Gravy Combo,8.276177
2026-01,5431,Sev Tamatar (Serves For 2 Person),8.276177
2026-01,5432,Veg Paneer Chatpata Pizza,8.276177
2026-01,5433,Sev Tamatar (half),8.276177
2026-01,5434,Veg Schezwan Rice (Full),8.276177
2026-01,5435,Sev Tomato n Butter Roti Combo,8.276177
2026-01,5436,Veg Schezwan Rice (Half),8.276177
2026-01,5437,Sev Tamater (full),8.276177
2026-01,5438,Sev Tamater (Full),8.276177
2026-01,5439,Sev Tamater,8.276177
2026-01,5440,Veg Paneer Dum Biryani (Full),8.276177
2026-01,5441,Sev Tamatar n Tandoori Roti Combo,8.276177
2026-01,5442,Sev Tamatar n Roti Combo,8.276177
2026-01,5443,Veg Biryani n Raita with Papad Combo,8.276177
2026-01,5444,Veg Biryani with Curd (6 Plates),8.276177
2026-01,5445,Veg Biryani with Curd Combo (5 Plates),8.276177
2026-01,5446,Veg Biryani with Gravy,8.276177
2026-01,5447,Sev Tamatar N Butter Tawa Roti Combo,8.276177
2026-01,5448,Sev Tamatar Masala,8.276177
2026-01,5449,Sev Tamatar (serves For 2 Person),8.276177
2026-01,5450,Sev Tamatar (jain),8.276177
2026-01,5451,Veg Biryani with Raita (Chef's Special),8.276177
2026-01,5452,Veg Paneer Capsicum Pizza,8.276177
2026-01,5453,Shabnami Murgh Lababdar,8.276177
2026-01,5454,Veg Bombay Masala Sandwich,8.276177
2026-01,5455,Set Dosa n Sambhar Combo,8.276177
2026-01,5456,Veg Panchratan Thali,8.276177
2026-01,5457,Set Dosa Vada Curry,8.276177
2026-01,5458,Veg Brc Loaded Burger,8.276177
2026-01,5459,Veg Brc Spl Pizza,8.276177
2026-01,5460,Seosanal Veg n Roti Combo,8.276177
2026-01,5461,Seekh Paratha,8.276177
2026-01,5462,Seekh Kabab Roll,8.276177
2026-01,5463,Veg Bread Sandwich,8.276177
2026-01,5464,Veg Pan Fried Noodles,8.276177
2026-01,5465,Seasonal Veg n Tawa Roti Combo,8.276177
2026-01,5466,Veg Shahi Thali (Food Box),8.276177
2026-01,5467,Seasonal Veg n Roti / Paratha Combo,8.276177
2026-01,5468,Seasonal Veg n Jeera Rice Combo,8.276177
2026-01,5469,Veg Break Fast Combo 2,8.276177
2026-01,5470,Seasonal Veg n Chapati Combo,8.276177
2026-01,5471,Veg Shanghai Noodles (Half),8.276177
2026-01,5472,Veg Bombay Pizza (Mini),8.276177
2026-01,5473,Set Poori ,8.276177
2026-01,5474,Veg Schzwan Fried Momos,8.276177
2026-01,5475,Sethi Non Veg Thali,8.276177
2026-01,5476,Veg Biryani with Raita (Family Pack ),8.276177
2026-01,5477,Sev Dudh,8.276177
2026-01,5478,Sev Doodh,8.276177
2026-01,5479,Veg Paneer Burger,8.276177
2026-01,5480,Veg Paneer Biryani (half),8.276177
2026-01,5481,Veg Biryani with Raita Combo (Jain),8.276177
2026-01,5482,Veg Paneer Biryani (Half),8.276177
2026-01,5483,Sev Bhaji n Butter Tawa Roti Combo,8.276177
2026-01,5484,Veg Seekh Kabab,8.276177
2026-01,5485,Sev Bhaji n Butter Chapati Combo,8.276177
2026-01,5486,Veg Bombay Grilled Sadwich,8.276177
2026-01,5487,Veg Bombay Kaccha Sandwich,8.276177
2026-01,5488,Sev Bhaji (Full),8.276177
2026-01,5489,Veg Sev Tamatar Thali,8.276177
2026-01,5490,Veg Shahi Dawat Thali,8.276177
2026-01,5491,Veg Paneer Bhurji,8.276177
2026-01,5492,Veg Shahi Kofta (Yellow Gravy) n Butter Naan Combo,8.276177
2026-01,5493,Sev bhaji,8.276177
2026-01,5494,Shahi Biryani with Haleem Combo (Serves 1-2),8.276177
2026-01,5495,Veg Pakode,8.276177
2026-01,5496,Veg Schezwan Manchurian Rice,8.276177
2026-01,5497,Shahi Paneer n Plain Rice Combo,8.276177
2026-01,5498,Veg Biryani Rice (Full),8.276177
2026-01,5499,Veg Biryani Rice (Half),8.276177
2026-01,5500,Veg Biryani Rice Single (20 Plates),8.276177
2026-01,5501,Veg Schezwan Mix Fried Rice,8.276177
2026-01,5502,Veg Biryani Rice Single (5 Plates),8.276177
2026-01,5503,Shahi Paneer n Chapati Combo,8.276177
2026-01,5504,Veg Paneer Masala Maggi,8.276177
2026-01,5505,Shahi Paneer n Butter Roti/Plain Paratha Combo,8.276177
2026-01,5506,Veg Paneer Makhani Sandwich,8.276177
2026-01,5507,Veg Biryani With Raita (5 Plates),8.276177
2026-01,5508,Veg Paneer Maggie,8.276177
2026-01,5509,Veg Biryani With Raita Combo (5 Plates),8.276177
2026-01,5510,Shahi Paneer n Butter Naan Combo,8.276177
2026-01,5511,Veg Schezwan Mushroom Gravy,8.276177
2026-01,5512,Veg Biryani With Raita N Papad Combo,8.276177
2026-01,5513,Veg Schezwan Mushroom Noodles,8.276177
2026-01,5514,Veg Schezwan Manchurian n Veg Schezwan Noodles with Veg Schezwan Rice Combo,8.276177
2026-01,5515,Veg Biryani Raita Combo (6 Plates),8.276177
2026-01,5516,Veg Paneer Lahsuni Thali,8.276177
2026-01,5517,Veg Paneer Momos,8.276177
2026-01,5518,Veg Biryani N Mix Veg Curry With Roti Combo,8.276177
2026-01,5519,Veg Biryani N Onion Raita Combo,8.276177
2026-01,5520,Veg Biryani N Pulao Combo,8.276177
2026-01,5521,Veg Paneer Pizza (Regular),8.276177
2026-01,5522,Veg Paneer Onion Cheese Pizza (Regular),8.276177
2026-01,5523,Shahi Paneer n Tawa Butter Roti Combo,8.276177
2026-01,5524,Shahi Paneer n Tandoori Butter Roti Combo,8.276177
2026-01,5525,Shahi Paneer n Steam Rice with Roti Combo,8.276177
2026-01,5526,Veg Biryani N Raita Combo (8 Plates),8.276177
2026-01,5527,Veg Schezwan Idli,8.276177
2026-01,5528,Veg Schezwan Maggi,8.276177
2026-01,5529,Veg Paneer Onion Cheese Pizza (Medium),8.276177
2026-01,5530,Veg Paneer Onion Cheese Pizza (Large),8.276177
2026-01,5531,Shahi Paneer n Rice with Roti Combo,8.276177
2026-01,5532,Veg Paneer N Roti Combo,8.276177
2026-01,5533,Veg Biryani Pan Fry,8.276177
2026-01,5534,Veg Schezwan Maggi Masala,8.276177
2026-01,5535,Veg Biryani n Butter Milk Combo,8.276177
2026-01,5536,Veg Schezwan Mushroom Rice,8.276177
2026-01,5537,Shahi Masala Dum Aloo,8.276177
2026-01,5538,Veg Schezwan Noodles (Jain),8.276177
2026-01,5539,Shahi Paneer Biryani n Raita Combo,8.276177
2026-01,5540,Veg Schezwan Noodles n Veg Schezwan Rice Combo,8.276177
2026-01,5541,Veg Biryani n Paneer Curry Combo,8.276177
2026-01,5542,Veg Biryani n Pickle with Raita Combo,8.276177
2026-01,5543,Shahi Paneer (serves For 2 Person),8.276177
2026-01,5544,Veg Schezwan Noodlesn n Gobhi Manchurian Combo,8.276177
2026-01,5545,Veg Schezwan Paneer Rice,8.276177
2026-01,5546,Veg Paneer Fiesta Pizza (Small),8.276177
2026-01,5547,Shahi Paneer (full),8.276177
2026-01,5548,Shahi Paneer (Serves For 2 Person),8.276177
2026-01,5549,Veg Schezwan Paneer Sandwich (Single Cheese),8.276177
2026-01,5550,Veg Biryani n Raita Combo (5 Plates),8.276177
2026-01,5551,Veg Biryani n Raita Combo (6 Plates),8.276177
2026-01,5552,Veg Biryani n Raita Combo (8 Plates),8.276177
2026-01,5553,Shahi Non Veg Thali (5 Plates),8.276177
2026-01,5554,Veg Paneer Fiesta Pizza (Korean),8.276177
2026-01,5555,Shahi Mushroom (half),8.276177
2026-01,5556,Veg Schezwan Noodles n Veg Puff Combo,8.276177
2026-01,5557,Shahi Paneer Combo,8.276177
2026-01,5558,Shahi Paneer N Rice Combo (half),8.276177
2026-01,5559,Shahi Paneer Combo Thali,8.276177
2026-01,5560,Shahi Paneer N Rice Combo (full),8.276177
2026-01,5561,Veg Paneer Grilled Sandwich,8.276177
2026-01,5562,Veg Biryani n Curd Rice Combo,8.276177
2026-01,5563,Shahi Paneer N Rice Bowl,8.276177
2026-01,5564,Shahi Paneer N Lachcha Paratha Combo,8.276177
2026-01,5565,Veg Biryani n Curry with Raita Combo,8.276177
2026-01,5566,Veg Schezwan Noodles (Full),8.276177
2026-01,5567,Shahi Paneer N Butter Roti Combo,8.276177
2026-01,5568,Shahi Paneer Meals,8.276177
2026-01,5569,Veg Schezwan Noodles (Half),8.276177
2026-01,5570,Shahi Paneer Meal Plate,8.276177
2026-01,5571,Shahi Paneer Meal,8.276177
2026-01,5572,Shahi Paneer Masala n Rice with Roti Combo,8.276177
2026-01,5573,Shahi Paneer Masala,8.276177
2026-01,5574,Shahi Paneer Combo Thali (6 Plates),8.276177
2026-01,5575,Veg Biryani n Mix Veg Curry with Roti Combo,8.276177
2026-01,5576,Veg Paneer Fried Rice,8.276177
2026-01,5577,Veg Palak Khichdi,8.276177
2026-01,5578,Veg Shawarma,8.276177
2026-01,5579,Veg Soya Biryani,8.276177
2026-01,5580,Veg Single Topping Pizza n Fries Combo,8.276177
2026-01,5581,Veg Cheese Chutney Garlic Sandwich,8.276177
2026-01,5582,Veg Cheese Chutney Sandwich (Single Cheese),8.276177
2026-01,5583,Veg Single Topping Pizza n Veg Grilled Sandwich Combo,8.276177
2026-01,5584,Veg Cheese Chutney Sandwich (double Cheese),8.276177
2026-01,5585,Veg Ob Spicy Cottage Pasta,8.276177
2026-01,5586,Veg Ob Pepper Burger,8.276177
2026-01,5587,Veg Cheese Club Sandwich,8.276177
2026-01,5588,Sambhar Rice n Ghee Avakaya Combo,8.276177
2026-01,5589,Veg Cheese Com Sandwich,8.276177
2026-01,5590,Sambhar Rice N French Fries With Curd Rice Combo,8.276177
2026-01,5591,Veg Ob Classic Pizza (Small),8.276177
2026-01,5592,Veg Single Topping Tomato Pizza,8.276177
2026-01,5593,Veg Ob Cheese Pasta,8.276177
2026-01,5594,Veg Single Veggie Sandwich,8.276177
2026-01,5595,Sambhar N Rice With Papad,8.276177
2026-01,5596,Veg Cheese Corn Balls,8.276177
2026-01,5597,Veg Cheese Corn Grilled Sandwich,8.276177
2026-01,5598,Veg Cheese Chilli Uttapam,8.276177
2026-01,5599,Veg Cheese Chilli Toast Sandwich n Fries Combo,8.276177
2026-01,5600,Veg Cheese Corn Pizza (Regular 6 Inch),8.276177
2026-01,5601,Veg Ob Street Burger,8.276177
2026-01,5602,Veg Singapuri Noodles,8.276177
2026-01,5603,Veg Cheese Burst Grilled Sandwich,8.276177
2026-01,5604,Veg Cheese Burst Pizza,8.276177
2026-01,5605,Samhar Idli,8.276177
2026-01,5606,Veg Cheese Butter Masala,8.276177
2026-01,5607,Veg Single Topping Capsicum Pizza,8.276177
2026-01,5608,Veg Single Topping Corn Pizza,8.276177
2026-01,5609,Sambhar vada,8.276177
2026-01,5610,Veg Single Topping Medium Pizza,8.276177
2026-01,5611,Veg Onion Capsicum Cheese Pizza,8.276177
2026-01,5612,Veg Cheese Capsicum Sandwich,8.276177
2026-01,5613,Sambhar n Rice with Papad,8.276177
2026-01,5614,Veg Cheese Chatori Maggi,8.276177
2026-01,5615,Veg Cheese Chilli Sandwich,8.276177
2026-01,5616,Veg Cheese Chilli Sandwich (Regular),8.276177
2026-01,5617,Sambhar Vada 2pc,8.276177
2026-01,5618,Veg Single Topping Pizza n Burger Combo,8.276177
2026-01,5619,Veg Cheese Corn Herb Grilled Sandwich,8.276177
2026-01,5620,Sambhar N Idli Combo,8.276177
2026-01,5621,Veg Cheese Bombay Masala Sandwich,8.276177
2026-01,5622,Veg Cheese Frankie (jain),8.276177
2026-01,5623,Veg Cheese Garlic Naan,8.276177
2026-01,5624,Sada Tadka Fry,8.276177
2026-01,5625,Sada Rava Dosa,8.276177
2026-01,5626,Veg Cheese Griiled Sandwich,8.276177
2026-01,5627,Sada Khichdi,8.276177
2026-01,5628,Veg South Indian Thali (5 Plates),8.276177
2026-01,5629,Sada Biryani,8.276177
2026-01,5630,Veg South Indian Thali (6 Plates),8.276177
2026-01,5631,Sabudana Vada with Green Chutney & Curd,8.276177
2026-01,5632,Sabudana Vada with Dahi,8.276177
2026-01,5633,Sabudana Vada & Imli Chutney,8.276177
2026-01,5634,Sabudana Vada & Green Chutney,8.276177
2026-01,5635,Veg South Indian Thali with Sambhar,8.276177
2026-01,5636,Veg Cheese Grilled Burger,8.276177
2026-01,5637,Veg O.T.C Pizza (Small),8.276177
2026-01,5638,Veg South Meals,8.276177
2026-01,5639,Veg Nuggets,8.276177
2026-01,5640,Veg Cheese Garlic Bread Stick with Cheese Dip,8.276177
2026-01,5641,Sadi Rumali Roti,8.276177
2026-01,5642,Veg Cheese Corn Pizza (Small),8.276177
2026-01,5643,Veg OTC Pizza,8.276177
2026-01,5644,Veg Snacks Platter,8.276177
2026-01,5645,Sambhar,8.276177
2026-01,5646,Salty Lassi,8.276177
2026-01,5647,Veg Soft Noodles,8.276177
2026-01,5648,Veg Cheese Corn Pizza (medium 9),8.276177
2026-01,5649,Salted Fries,8.276177
2026-01,5650,Salted French Fries (Large),8.276177
2026-01,5651,Veg Soup,8.276177
2026-01,5652,Veg South Combo 2,8.276177
2026-01,5653,Veg Cheese Corn Pizza (small),8.276177
2026-01,5654,Veg OTC Pizza (Regular),8.276177
2026-01,5655,Veg South Indian Dosa Combo,8.276177
2026-01,5656,Veg South Indian Light Meal Box,8.276177
2026-01,5657,Veg South Indian Platter,8.276177
2026-01,5658,Veg Cheese Frankie,8.276177
2026-01,5659,Saffron Tea,8.276177
2026-01,5660,Sadi Tandoori Roti,8.276177
2026-01,5661,Veg Onion Capsicum Pizza (medium 9),8.276177
2026-01,5662,Samosa Chaat,8.276177
2026-01,5663,Seasonal Veg n Butter Chapati Combo,8.276177
2026-01,5664,Veg Burnt Garlic Fried Rice,8.276177
2026-01,5665,Veg Otc Pizza (regular),8.276177
2026-01,5666,Veg Otc Pizza,8.276177
2026-01,5667,Seasonal Curry N Phulka Combo,8.276177
2026-01,5668,Schezwan Paneer Noodles,8.276177
2026-01,5669,Veg Butter Cheese Grill Sandwich,8.276177
2026-01,5670,Schezwan Noodles,8.276177
2026-01,5671,Schezwan Mushroom Noodles,8.276177
2026-01,5672,Schezwan Mix Uttapam,8.276177
2026-01,5673,Veg Silver Premium Thali,8.276177
2026-01,5674,Schezwan Egg Fried Rice,8.276177
2026-01,5675,Veg Butter Cheese Maggi,8.276177
2026-01,5676,Veg Butter Maggi,8.276177
2026-01,5677,Veg Capsicum,8.276177
2026-01,5678,Schezwan Aloo Sandwich,8.276177
2026-01,5679,Sawadesi Thali (8 Plates),8.276177
2026-01,5680,Veg Capsicum Delight Pizza (Medium),8.276177
2026-01,5681,Sausage Cheesy Omelette with Masala Bread,8.276177
2026-01,5682,Seasonal Dry Veg (Half),8.276177
2026-01,5683,Veg Burger n French Fries Combo,8.276177
2026-01,5684,Satvik Thali (5 Plates),8.276177
2026-01,5685,Veg Burger Wrap with Side and Beverage Meal,8.276177
2026-01,5686,Veg Shawarma Combo Spl,8.276177
2026-01,5687,Veg Over Loaded Pizza,8.276177
2026-01,5688,Veg Shawarma and Side Meal .,8.276177
2026-01,5689,Seasonal Veg Rice Combo,8.276177
2026-01,5690,Veg Shezwan Noodles,8.276177
2026-01,5691,Veg Our Spl Thali,8.276177
2026-01,5692,Seasonal Veg Gravy,8.276177
2026-01,5693,Veg Shezwan Rice,8.276177
2026-01,5694,Veg Shivraj Premium Thali,8.276177
2026-01,5695,Seasonal Veg Dry,8.276177
2026-01,5696,Veg Burger Combo,8.276177
2026-01,5697,Veg Shree Thali (5 Plates),8.276177
2026-01,5698,Seasonal Veg Curry n Chapati Combo,8.276177
2026-01,5699,Seasonal Veg Curry,8.276177
2026-01,5700,Seasonal Veg Combo,8.276177
2026-01,5701,Veg Burger N French Fries Combo,8.276177
2026-01,5702,Seasonal Veg And Plain Roti Combo,8.276177
2026-01,5703,Veg Capsicum Delight Pizza (Small),8.276177
2026-01,5704,Veg Capsicum Onion n Cheese Pizza,8.276177
2026-01,5705,Veg Cheese Biryani,8.276177
2026-01,5706,Veg Cheee Sandwich,8.276177
2026-01,5707,Sarso Ka Saag,8.276177
2026-01,5708,Sarso Da Saag n Makka Ki Roti Combo,8.276177
2026-01,5709,Veg Onion Corn Cheese Pizza (Small),8.276177
2026-01,5710,Sarso Da Saag N Makka Ki Roti Combo,8.276177
2026-01,5711,Sarso Da Saag (Half),8.276177
2026-01,5712,Saroso Saag n Makka Ki Roti Combo,8.276177
2026-01,5713,Sardarji Spl Veg Biryani,8.276177
2026-01,5714,Veg Chees Burger,8.276177
2026-01,5715,Sapota Juice,8.276177
2026-01,5716,Veg Chees Fries,8.276177
2026-01,5717,Santkrupa Special Paneer Tadka,8.276177
2026-01,5718,Veg Cheese Baked Pasta,8.276177
2026-01,5719,Veg Singapuri Fried Rice (Half),8.276177
2026-01,5720,Sandwich,8.276177
2026-01,5721,Sandesh,8.276177
2026-01,5722,Veg Cheese Balls,8.276177
2026-01,5723,Samosa Party Pack,8.276177
2026-01,5724,Veg Singapuri Fried Rice (Full),8.276177
2026-01,5725,Sattu Ka Paratha,8.276177
2026-01,5726,Veg Capsicum Pizza ,8.276177
2026-01,5727,Sattu Masala Paratha,8.276177
2026-01,5728,Veg Onion n Cheese Pizza (Small),8.276177
2026-01,5729,Veg Capsium Pizza,8.276177
2026-01,5730,Veg Onion Roast,8.276177
2026-01,5731,Veg Chaap Biryani Thali,8.276177
2026-01,5732,Veg Chaap Thali,8.276177
2026-01,5733,Veg Chambal Spl Thali,8.276177
2026-01,5734,Sattu Paratha n Chokha Combo,8.276177
2026-01,5735,Veg Chana Masala n Jeera Rice Combo,8.276177
2026-01,5736,Veg Onion Podi Roast,8.276177
2026-01,5737,Veg Simple Maggi,8.276177
2026-01,5738,Sattu Paratha N Curd Combo,8.276177
2026-01,5739,Veg Onion Fry Pizza (Regular),8.276177
2026-01,5740,Veg Singapore Chowmein,8.276177
2026-01,5741,Veg Onion Dosa,8.276177
2026-01,5742,Veg Chatpata,8.276177
2026-01,5743,Sattu Paratha Combo,8.276177
2026-01,5744,Veg Singapore Rice,8.276177
2026-01,5745,Paneer Gobhi Paratha n Curd Combo,8.276177
2026-01,5746, Aloo Paratha n Curd Combo,8.276177
2026-01,5747,Paneer Fried Rice n Raita Combo,8.276177
2026-01,5748,Chicken Spring Roll,8.276177
2026-01,5749,Chicken Tandoori Biryani (2pc),8.276177
2026-01,5750,Chicken Tandoori 4pc,8.276177
2026-01,5751,Chicken Tandoori (half),8.276177
2026-01,5752,Chicken Tandoori (Half),8.276177
2026-01,5753,Chicken Tadka with Roti Combo,8.276177
2026-01,5754,Chicken Tadka With Roti Combo,8.276177
2026-01,5755,Chicken Supreme Thali,8.276177
2026-01,5756,Chicken Superme Spicy Pizza (Small),8.276177
2026-01,5757,Chicken Sukka,8.276177
2026-01,5758,Chicken Stuffed Dosa,8.276177
2026-01,5759,Chicken Strips (6pc),8.276177
2026-01,5760,Chicken Steam Schezwan Momos,8.276177
2026-01,5761,Chicken Steam Masala Momos,8.276177
2026-01,5762,Chicken Spl Thali (2 Person),8.276177
2026-01,5763,Chicken Tikka Masala Rice LunchBox,8.276177
2026-01,5764,Chicken Spl Fried Rice N Raita Combo,8.276177
2026-01,5765,Chicken Spl Fried Rice,8.276177
2026-01,5766,Chicken Spl Biryani n Raita Combo,8.276177
2026-01,5767,Chicken Spl Biryani (5 Plates),8.276177
2026-01,5768,Chicken Spicy Soup,8.276177
2026-01,5769,Chicken Special Thali,8.276177
2026-01,5770,Chicken SpL Biryani,8.276177
2026-01,5771,Chicken Soup (Half),8.276177
2026-01,5772,Chicken Soup,8.276177
2026-01,5773,Chicken Sizzler with Momos,8.276177
2026-01,5774,Chicken Single Kabab Roll,8.276177
2026-01,5775,Chicken Singapore Rice,8.276177
2026-01,5776,Chicken Singapore Fried Rice,8.276177
2026-01,5777,Chicken Tandoori Burger,8.276177
2026-01,5778,Chicken Tandoori Cheese Burger,8.276177
2026-01,5779,Chicken Tandoori Leg,8.276177
2026-01,5780,Chicken Tandoori Sandwich,8.276177
2026-01,5781,Chicken Tikka Masala Mini Rice Bowl,8.276177
2026-01,5782,Chicken Tikka Masala Kathi Roll,8.276177
2026-01,5783,Chicken Tikka Masala Jumbo Lunchbox,8.276177
2026-01,5784,Chicken Tikka Masala Chapati Lunchbox,8.276177
2026-01,5785,Chicken Tikka Masala (Half),8.276177
2026-01,5786,Chicken Tikka Masala (Full),8.276177
2026-01,5787,Chicken Tikka Masala (Boneless),8.276177
2026-01,5788,Chicken Tikka Mac & Cheese Pasta Bowl,8.276177
2026-01,5789,Chicken Tikka Kepsa Biryani,8.276177
2026-01,5790,Chicken Tikka Kabab,8.276177
2026-01,5791,Chicken Tikka Garlic Bread,8.276177
2026-01,5792,Chicken Tikka Butter Masala,8.276177
2026-01,5793,Chicken Tikka Biryani (Boneless),8.276177
2026-01,5794,Chicken Tikka (qtr),8.276177
2026-01,5795,Chicken Tikka (full),8.276177
2026-01,5796,Chicken Tikka (Qtr),8.276177
2026-01,5797,Chicken Tikka ,8.276177
2026-01,5798,Chicken Thoran,8.276177
2026-01,5799,Chicken Thali (Tawa Butter Roti),8.276177
2026-01,5800,Chicken Thali (Tandoori Butter Roti),8.276177
2026-01,5801,Chicken Thali (5 Plates),8.276177
2026-01,5802,Chicken Tenders (2 Pcs),8.276177
2026-01,5803,Chicken Tawa Changezi (Half),8.276177
2026-01,5804,Chicken Tangdi Roast,8.276177
2026-01,5805,Chicken Tangdi Biryani,8.276177
2026-01,5806,Chicken Tangdi,8.276177
2026-01,5807,Chicken Tandoori Wrap,8.276177
2026-01,5808,Chicken Signature Rice Bowl (Regular),8.276177
2026-01,5809,Chicken Signature Rice Bowl (Jumbo),8.276177
2026-01,5810,Chicken Shorba,8.276177
2026-01,5811,Chicken Roll with Mayo,8.276177
2026-01,5812,Chicken Rogan Josh (Half),8.276177
2026-01,5813,Chicken Rogan Josh,8.276177
2026-01,5814,Chicken Roasted Mandi (1 Person),8.276177
2026-01,5815,Chicken Roasted Biryani,8.276177
2026-01,5816,Chicken Roast Boneless (Full),8.276177
2026-01,5817,Chicken Roast Boneless,8.276177
2026-01,5818,Chicken Roast Bone,8.276177
2026-01,5819,Chicken Roast Biryani,8.276177
2026-01,5820,Chicken Rice n Chicken 65 Combo,8.276177
2026-01,5821,Chicken Rice Platter,8.276177
2026-01,5822,Chicken Rice Combo,8.276177
2026-01,5823,Chicken Rice (Boneless Chicken),8.276177
2026-01,5824,Chicken Reshmi Kabab,8.276177
2026-01,5825,Chicken Raylaseema Dry,8.276177
2026-01,5826,Chicken Rara (Half),8.276177
2026-01,5827,Chicken Ranjeet Spl Lapeta (Half),8.276177
2026-01,5828,Chicken Ranjeet Spl Lapeta (Full),8.276177
2026-01,5829,Chicken Punjabi (Half),8.276177
2026-01,5830,Chicken Pulao (Half),8.276177
2026-01,5831,Chicken Pudina Tikka,8.276177
2026-01,5832,Chicken Primum Thali,8.276177
2026-01,5833,Chicken Primium Thali,8.276177
2026-01,5834,Chicken Potlam Biryani,8.276177
2026-01,5835,Chicken Pops n Spicy Wings Combo,8.276177
2026-01,5836,Chicken Pops n Fried Hot Wings Combo,8.276177
2026-01,5837,Chicken Poppers,8.276177
2026-01,5838,Chicken Popcorn Regular,8.276177
2026-01,5839,Chicken Roll n Noodles Combo,8.276177
2026-01,5840,Chicken Rost Biryani,8.276177
2026-01,5841,Chicken Shanghai Rice (Half),8.276177
2026-01,5842,Chicken Roti Combo,8.276177
2026-01,5843,Chicken Shami Kabab Roll,8.276177
2026-01,5844,Chicken Shahi Pualo (Boneless),8.276177
2026-01,5845,Chicken Seekh Kebab (full),8.276177
2026-01,5846,Chicken Seekh Kebab (Half),8.276177
2026-01,5847,Chicken Seekh Kebab (Full),8.276177
2026-01,5848,Chicken Seekh Fry Kabab,8.276177
2026-01,5849,Chicken Schezwan Triple Rice (Half),8.276177
2026-01,5850,Chicken Schezwan Roll,8.276177
2026-01,5851,Chicken Schezwan Rice n Egg Manchurian,8.276177
2026-01,5852,Chicken Schezwan Rice (Full),8.276177
2026-01,5853,Chicken Schezwan Noodles (Half),8.276177
2026-01,5854,Chicken Schezwan Fried Rice (full),8.276177
2026-01,5855,Chicken Schezwan Fried Rice (Full),8.276177
2026-01,5856,Chicken Schewzan Noodles,8.276177
2026-01,5857,Chicken Schewzan Momos,8.276177
2026-01,5858,Chicken Sausage Pizza Meal,8.276177
2026-01,5859,Chicken Saoji,8.276177
2026-01,5860,Chicken Sandwich Combo,8.276177
2026-01,5861,Chicken Samosa,8.276177
2026-01,5862,Chicken Sambhar Rice n Chicken Fry Combo,8.276177
2026-01,5863,Chicken Salami Sandwich,8.276177
2026-01,5864,Chicken Royal Roasted Tikka Biryani n Raita Combo,8.276177
2026-01,5865,Chicken Royal Dry,8.276177
2026-01,5866,Chicken Roti Thali,8.276177
2026-01,5867,Chicken Roti Mini Thali,8.276177
2026-01,5868,Chicken Roti Executive Thali,8.276177
2026-01,5869,Chicken Roti Deluxe Thali,8.276177
2026-01,5870,Chicken Tikka Masala Rice Bowl,8.276177
2026-01,5871,Chicken Tikka Pizza,8.276177
2026-01,5872,Paneer Fried Rice n Paneer Manchurian Combo,8.276177
2026-01,5873,Chilli Chicken n Hakka Noodles Combo,8.276177
2026-01,5874,Chilli Egg (Half),8.276177
2026-01,5875,Chilli Crispy Chicken Wrap,8.276177
2026-01,5876,Chilli Corn,8.276177
2026-01,5877,Chilli Chicken with Roti Combo,8.276177
2026-01,5878,Chilli Chicken with Paratha combo,8.276177
2026-01,5879,Chilli Chicken with Noodles Combo,8.276177
2026-01,5880,Chilli Chicken with Chicken Fried Rice Combo,8.276177
2026-01,5881,Chilli Chicken n Veg Noodles Combo,8.276177
2026-01,5882,Chilli Chicken n Veg Chowmein with Chilli Paneer Combo,8.276177
2026-01,5883,Chilli Chicken n Veg Chowmein Combo,8.276177
2026-01,5884,Chilli Chicken n Roti/Naan Combo,8.276177
2026-01,5885,Chilli Chicken n Roti Combo,8.276177
2026-01,5886,Chilli Chicken n Paratha Combo,8.276177
2026-01,5887,Chilli Chicken n Hakka Noodels Combo,8.276177
2026-01,5888,Chicken Tikka Pizza (Large),8.276177
2026-01,5889,Chilli Chicken n Garlic Noodles Combo,8.276177
2026-01,5890,Chilli Chicken n Egg Fried Rice with Lachcha Paratha Combo,8.276177
2026-01,5891,Chilli Chicken n Egg Fried Rice Combo,8.276177
2026-01,5892,Chilli Chicken n Egg Fried Rice Cobmo,8.276177
2026-01,5893,Chilli Chicken n Chicken Rice Combo,8.276177
2026-01,5894,Chilli Chicken n Chicken Noodles Combo,8.276177
2026-01,5895,Chilli Chicken n Butter Roti Combo,8.276177
2026-01,5896,Chilli Chicken n Butter Naan Como,8.276177
2026-01,5897,Chilli Chicken With Roti Combo,8.276177
2026-01,5898,Chilli Chicken With Chicken Fried Rice Combo,8.276177
2026-01,5899,Chilli Chicken Tawa Roti Combo,8.276177
2026-01,5900,Chilli Chicken Semi,8.276177
2026-01,5901,Chilli Chicken Pizza,8.276177
2026-01,5902,Chilli Garlic Baby Corn,8.276177
2026-01,5903,Chilli Garlic French Fries,8.276177
2026-01,5904,Chilli Garlic Fried Rice,8.276177
2026-01,5905,Chilli Garlic Fried Rice (Half),8.276177
2026-01,5906,Chilli Paneer (600g),8.276177
2026-01,5907,Chilli Paneer (500g),8.276177
2026-01,5908,Chilli Paneer ( Serves For 2 Person),8.276177
2026-01,5909,Chilli Mushroom with Veg Fried Rice Combo,8.276177
2026-01,5910,Chilli Mushroom n Veg Fried Rice Combo,8.276177
2026-01,5911,Chilli Mushroom n Paratha Combo,8.276177
2026-01,5912,Chilli Mushroom n Laccha Paratha Combo,8.276177
2026-01,5913,Chilli Mushroom n Fried Rice Combo,8.276177
2026-01,5914,Chilli Mushroom With Veg Fried Rice Combo,8.276177
2026-01,5915,Chilli Mushroom Paneer,8.276177
2026-01,5916,Chilli Mushroom N Laccha Paratha Combo,8.276177
2026-01,5917,Chilli Mushroom N Fried Rice Combo,8.276177
2026-01,5918,Chilli Mushroom Gravy With Veg Noodles Combo,8.276177
2026-01,5919,Chilli Mushroom Dry (Full),8.276177
2026-01,5920,Chilli Mushroom (Half),8.276177
2026-01,5921,Chilli Mushroom (Gravy),8.276177
2026-01,5922,Chilli Mushroom (Dry),8.276177
2026-01,5923,Chilli Mayo Fries,8.276177
2026-01,5924,Chilli Mashroom,8.276177
2026-01,5925,Chilli Maggi,8.276177
2026-01,5926,Chilli Idli,8.276177
2026-01,5927,Chilli Honey Potato,8.276177
2026-01,5928,Chilli Gobhi Dry,8.276177
2026-01,5929,Chilli Garlic Rice,8.276177
2026-01,5930,Chilli Garlic Paneer Wrap,8.276177
2026-01,5931,Chilli Garlic Noodles (Half),8.276177
2026-01,5932,Chilli Garlic Noodles (Full),8.276177
2026-01,5933,Chilli Chicken Noodles,8.276177
2026-01,5934,Chilli Chicken N Veg Noddles Combo,8.276177
2026-01,5935,Chilli Chicken N Veg Chowmein With Manchurian Combo,8.276177
2026-01,5936,Chikcen Fry Dry (Half),8.276177
2026-01,5937,Chickoo Milk Shake,8.276177
2026-01,5938,Chicknen Sweet Corn Soup,8.276177
2026-01,5939,Chicken with Roti Combo,8.276177
2026-01,5940,Chicken with Rice Combo,8.276177
2026-01,5941,Chicken n Plain Roti Combo,8.276177
2026-01,5942,Chicken n Butter Roti Combo,8.276177
2026-01,5943,Chicken Zingy Parcel,8.276177
2026-01,5944,Chicken Zinger Burger,8.276177
2026-01,5945,Chicken Wrap,8.276177
2026-01,5946,Chicken Wings (Serves 2),8.276177
2026-01,5947,Chicken Wings (Half),8.276177
2026-01,5948,Chicken Wings (Full),8.276177
2026-01,5949,Chicken Ukkad,8.276177
2026-01,5950,Chicken Tripple Rice,8.276177
2026-01,5951,Chicken Tripple Fried Rice,8.276177
2026-01,5952,Chicken Triple Schezwan Rice,8.276177
2026-01,5953,Chicken Triple Rice n Soup Combo,8.276177
2026-01,5954,Chicken Triple Rice,8.276177
2026-01,5955,Chicken Tower Burger,8.276177
2026-01,5956,Chicken Tikki (5 pcs),8.276177
2026-01,5957,Chicken Tikka Sub Sandwich,8.276177
2026-01,5958,Chicken Tikka Spicy Pizza (Small),8.276177
2026-01,5959,Chicken Tikka Sandwich,8.276177
2026-01,5960,Chicken Tikka Pizza Meal,8.276177
2026-01,5961,Chicken Tikka Pizza 7 Inches,8.276177
2026-01,5962,Chicken Tikka Pizza (small),8.276177
2026-01,5963,Chicken Tikka Pizza (Regular),8.276177
2026-01,5964,Chiili Potato,8.276177
2026-01,5965,Chilli Aloo,8.276177
2026-01,5966,Chilli Chicken N Rice Combo,8.276177
2026-01,5967,Chilli Baby Cone,8.276177
2026-01,5968,Chilli Chicken N Paratha Combo,8.276177
2026-01,5969,Chilli Chicken N Noodles Combo,8.276177
2026-01,5970,Chilli Chicken N Chicken Noodles Combo,8.276177
2026-01,5971,Chilli Chicken Gravy n Veg Fried Rice Combo,8.276177
2026-01,5972,Chilli Chicken Gravy (Qtr),8.276177
2026-01,5973,Chilli Chicken Gravy (Half),8.276177
2026-01,5974,Chilli Chicken Gravy (Full),8.276177
2026-01,5975,Chilli Chicken Ginger,8.276177
2026-01,5976,Chilli Chicken Garlic,8.276177
2026-01,5977,Chilli Chicken Dry (Half),8.276177
2026-01,5978,Chilli Chicken Dry (Boneless),8.276177
2026-01,5979,Chilli Chicken Boneless Dry (Half),8.276177
2026-01,5980,Chilli Chicken Boneless Dry (Full),8.276177
2026-01,5981,Chilli Chicken Bone Gravy (Full),8.276177
2026-01,5982,Chilli Chicken Bone (Half),8.276177
2026-01,5983,Chilli Chicken Bone (Full),8.276177
2026-01,5984,Chilli Chicken Biryani (4pc),8.276177
2026-01,5985,Chilli Chicken (boneless) N Laccha Paratha Combo,8.276177
2026-01,5986,Chilli Chicken (Qtr),8.276177
2026-01,5987,Chilli Chicken (Gravy),8.276177
2026-01,5988,Chilli Chicken (Dry),8.276177
2026-01,5989,Chilli Chicken (Boneless) n Fried Rice Combo,8.276177
2026-01,5990,Chilli Chicken (6pc),8.276177
2026-01,5991,Chilli Cheese Toast,8.276177
2026-01,5992,Chilli Cheese Grilled Sandwich,8.276177
2026-01,5993,Chilli Cheese Garlic Bread,8.276177
2026-01,5994,Chilli Chana,8.276177
2026-01,5995,Chicken Popcorn Large,8.276177
2026-01,5996,Chicken Popcorn Biryani,8.276177
2026-01,5997,Chicken Pop,8.276177
2026-01,5998,Chicken Kaleji (Qtr),8.276177
2026-01,5999,Chicken Kassa n Rice Combo,8.276177
2026-01,6000,Chicken Kassa n Plain Rice Combo,8.276177
2026-01,6001,Chicken Kassa (half),8.276177
2026-01,6002,Chicken Kassa (Half),8.276177
2026-01,6003,Chicken Kassa (Full),8.276177
2026-01,6004,Chicken Kashmiri (Half),8.276177
2026-01,6005,Chicken Kashmiri,8.276177
2026-01,6006,Chicken Kasha n Fried Rice Comob,8.276177
2026-01,6007,Chicken Kali Mirchi (Half),8.276177
2026-01,6008,Chicken Kali Mirch (qtr),8.276177
2026-01,6009,Chicken Kali Mirch (Qtr),8.276177
2026-01,6010,Chicken Kali Mirch (Half),8.276177
2026-01,6011,Chicken Kali Mirch,8.276177
2026-01,6012,Chicken Kadi Kabab,8.276177
2026-01,6013,Chicken Peri Peri Spicy Pizza (Small),8.276177
2026-01,6014,Chicken Kadhai Schezwan Roll,8.276177
2026-01,6015,Chicken Kabab Roll,8.276177
2026-01,6016,Chicken Kabab Biryani,8.276177
2026-01,6017,Chicken Kabab (qtr),8.276177
2026-01,6018,Chicken Juicy Mandi (single),8.276177
2026-01,6019,Chicken Juicy Mandi (Single),8.276177
2026-01,6020,Chicken Juicy Mandi (1 Person),8.276177
2026-01,6021,Chicken Ishtu n Rumali Roti Combo,8.276177
2026-01,6022,Chicken Ishtu,8.276177
2026-01,6023,Chicken Idiyappam Biryani,8.276177
2026-01,6024,Chicken Hyderabadi Dum Biryani n Raita Combo,8.276177
2026-01,6025,Chicken Hyderabadi Dum Biryani (half),8.276177
2026-01,6026,Chicken Hyderabadi Curry,8.276177
2026-01,6027,Chicken Kassa n Roti Combo,8.276177
2026-01,6028,Chicken Kassa n Tawa Roti Combo,8.276177
2026-01,6029,Chicken Keema Pizza (Medium),8.276177
2026-01,6030,Chicken Keema Pizza (Small),8.276177
2026-01,6031,Chicken Korma n Butter Roti Combo,8.276177
2026-01,6032,Chicken Korma With Tandoori Roti Combo,8.276177
2026-01,6033,Chicken Korma (qtr),8.276177
2026-01,6034,Chicken Korma (half),8.276177
2026-01,6035,Chicken Korma (Half),8.276177
2026-01,6036,Chicken Kondattam,8.276177
2026-01,6037,Chicken Kolhapuri (qtr),8.276177
2026-01,6038,Chicken Kolhapuri (Qtr),8.276177
2026-01,6039,Chicken Kolhapuri (Half),8.276177
2026-01,6040,Chicken Kohinoor Kabab,8.276177
2026-01,6041,"Chicken Kheema, Chapati Lunchbox with Gulab Jamun (2 pcs)",8.276177
2026-01,6042,Chicken Kheema n Cheese Stuffed Garlic Bread,8.276177
2026-01,6043,Chicken Kheema and Paratha Lunchbox,8.276177
2026-01,6044,Chicken Kheema Rice Bowl,8.276177
2026-01,6045,Chicken Kheema Mini Rice Bowl,8.276177
2026-01,6046,Chicken Kheema Lasagne,8.276177
2026-01,6047,Chicken Kheema Jumbo Lunchbox,8.276177
2026-01,6048,Chicken Kheema Bowl,8.276177
2026-01,6049,Chicken Kheema & Sausage Pizza,8.276177
2026-01,6050,Chicken Kheema & Rice LunchBox,8.276177
2026-01,6051,Chicken Kheema & Chapati Lunchbox,8.276177
2026-01,6052,Chicken Kheema & Bread Kulcha Lunchbox,8.276177
2026-01,6053,Chicken Khaliya,8.276177
2026-01,6054,Chicken Keema n Kulcha Combo,8.276177
2026-01,6055,Chicken Keema Tadka,8.276177
2026-01,6056,Chicken Keema Sandwich,8.276177
2026-01,6057,Chicken Keema Rice Feast (Regular).,8.276177
2026-01,6058,Chicken Hyderabadi Biryani (Small),8.276177
2026-01,6059,Chicken Hyderabadi Biryani (Medium),8.276177
2026-01,6060,Chicken Hyderabadi Biryani (Large),8.276177
2026-01,6061,Chicken Fry Piece Biryani (family),8.276177
2026-01,6062,Chicken Fry Piece Biryani (2 Person),8.276177
2026-01,6063,Chicken Fry Mandi (single),8.276177
2026-01,6064,Chicken Fry Mandi (Single),8.276177
2026-01,6065,Chicken Fry Biryani n Chicken Wings Combo,8.276177
2026-01,6066,Chicken Fry Biryani Mini,8.276177
2026-01,6067,Chicken Fry Biryani Famliy Pack,8.276177
2026-01,6068,Chicken Fry Biryani (serve For 1),8.276177
2026-01,6069,Chicken Fry Biryani (half),8.276177
2026-01,6070,Chicken Fry Biryani (full),8.276177
2026-01,6071,Chicken Fry Biryani (Serves For 2 Person ),8.276177
2026-01,6072,Chicken Fry Biryani (Serves For 1 Person ),8.276177
2026-01,6073,Chicken Fry Biryani (Half) (5 Plates),8.276177
2026-01,6074,Chicken Fry Biryani (2pc),8.276177
2026-01,6075,Chicken Fry Biryani (2 Person),8.276177
2026-01,6076,Chicken Fry Biryani (1pc),8.276177
2026-01,6077,Chicken Fry (boneless),8.276177
2026-01,6078,Chicken Fry (Half),8.276177
2026-01,6079,Chicken Fry (Full),8.276177
2026-01,6080,Chicken Fry (Dry),8.276177
2026-01,6081,Chicken Fries (regular),8.276177
2026-01,6082,Chicken Fries (Regular),8.276177
2026-01,6083,Chicken Fries,8.276177
2026-01,6084,Chicken Fried Wings,8.276177
2026-01,6085,Chicken Fried Rice n Veg Manchurian Combo,8.276177
2026-01,6086,Chicken Fried Rice n Manchurian Combo,8.276177
2026-01,6087,Chicken Fried Rice n Gravy Manchurian Combo,8.276177
2026-01,6088,Chicken Fried Rice n Chilli Chicken with Cold Beverage Combo,8.276177
2026-01,6089,Chicken Fry Piece Biryani (Single),8.276177
2026-01,6090,Chicken Fry Piece Biryani (single),8.276177
2026-01,6091,Chicken Hyderabadi Biryani (5 Plates),8.276177
2026-01,6092,Chicken Fry Piece N Sambar Rice Combo,8.276177
2026-01,6093,Chicken Hot N Sour Soup,8.276177
2026-01,6094,Chicken Hongkong Rice,8.276177
2026-01,6095,Chicken Handi (half),8.276177
2026-01,6096,Chicken Handi (Serves For 2),8.276177
2026-01,6097,Chicken Handi (Qtr),8.276177
2026-01,6098,Chicken Handi (Half),8.276177
2026-01,6099,Chicken Ham Burger,8.276177
2026-01,6100,Chicken Haleem,8.276177
2026-01,6101,Chicken Hakka Rice,8.276177
2026-01,6102,Chicken Hakka Noodles n Chilli Chicken Gravy Combo,8.276177
2026-01,6103,Chicken Hakka Noodles (Full),8.276177
2026-01,6104,Chicken Grilled Wings 8pc,8.276177
2026-01,6105,Chicken Gravy N Paratha Combo,8.276177
2026-01,6106,Chicken Gravy,8.276177
2026-01,6107,Chicken Grand Thali,8.276177
2026-01,6108,Chicken Golden Delight Pizza (Small),8.276177
2026-01,6109,Chicken Ghee Roast (bone),8.276177
2026-01,6110,Chicken Ghee Roast,8.276177
2026-01,6111,Chicken Garlic Schezwan Noodles,8.276177
2026-01,6112,Chicken Garlic Rice (Half),8.276177
2026-01,6113,Chicken Garlic Fried (Half),8.276177
2026-01,6114,Chicken Garlic Finger,8.276177
2026-01,6115,Chicken Garlic Bread,8.276177
2026-01,6116,Chicken Garlic,8.276177
2026-01,6117,Chicken Garilled Sandwich,8.276177
2026-01,6118,Chicken Fry Rice,8.276177
2026-01,6119,Chicken Fry Piece n Sambar Rice Combo,8.276177
2026-01,6120,Chicken Korma n Rice Combo,8.276177
2026-01,6121,Chicken Korma n Rumali Roti Combo,8.276177
2026-01,6122,Chicken Korma with Tandoori Roti Combo,8.276177
2026-01,6123,Chicken Mughlai Gravy Jumbo Lunchbox,8.276177
2026-01,6124,Chicken Mughlai Curry,8.276177
2026-01,6125,Chicken Mughlai (Half),8.276177
2026-01,6126,Chicken Mini Meal Tray,8.276177
2026-01,6127,Chicken Mexican Tacos,8.276177
2026-01,6128,Chicken Mexican Roll,8.276177
2026-01,6129,Chicken Mayo Sandwich,8.276177
2026-01,6130,Chicken Masala with Chapati Combo,8.276177
2026-01,6131,Chicken Masala n Rice with Roti Combo,8.276177
2026-01,6132,Chicken Masala n Jeera Rice Combo,8.276177
2026-01,6133,Chicken Masala n Boiled Egg Combo,8.276177
2026-01,6134,Chicken Masala n Biryani with Roti Combo,8.276177
2026-01,6135,Chicken Masala Tikka (Half),8.276177
2026-01,6136,Chicken Masala Thali,8.276177
2026-01,6137,Chicken Masala Spl Maharaja Thali,8.276177
2026-01,6138,Chicken Masala N Chapati Combo,8.276177
2026-01,6139,Chicken Masala Mini Thali,8.276177
2026-01,6140,Chicken Masala Kulcha,8.276177
2026-01,6141,Chicken Masala Half,8.276177
2026-01,6142,Chicken Masala Biryani,8.276177
2026-01,6143,Chicken Masala (full),8.276177
2026-01,6144,Chicken Masala (Gravy),8.276177
2026-01,6145,Chicken Masala (Dry),8.276177
2026-01,6146,Chicken Masala (4pc),8.276177
2026-01,6147,Chicken Margherita (Small),8.276177
2026-01,6148,Chicken Maratha Thali,8.276177
2026-01,6149,Chicken Mandi Full,8.276177
2026-01,6150,Chicken Mandi (2 Person),8.276177
2026-01,6151,Chicken Mughlai Gravy & Paratha Lunchbox,8.276177
2026-01,6152,Chicken Mughlai Gravy with Chapati,8.276177
2026-01,6153,Chicken Manchurian N Fried Rice Combo,8.276177
2026-01,6154,Chicken Naan Thali,8.276177
2026-01,6155,Chicken Peri Peri Mayo Sandwich,8.276177
2026-01,6156,Chicken Pepper Soup,8.276177
2026-01,6157,Chicken Pepper Mix Spicy Pizza (Small),8.276177
2026-01,6158,Chicken Pepper Mix Spicy Pizza (Medium),8.276177
2026-01,6159,Chicken Pepper Fry,8.276177
2026-01,6160,Chicken Pepper,8.276177
2026-01,6161,Chicken Patiala,8.276177
2026-01,6162,Chicken Pasta with Mayo,8.276177
2026-01,6163,Chicken Pasanda,8.276177
2026-01,6164,Chicken Paratha,8.276177
2026-01,6165,Chicken Paprika Pizza (Small),8.276177
2026-01,6166,Chicken Pakoda (full),8.276177
2026-01,6167,Chicken Pahadi Kabab,8.276177
2026-01,6168,Chicken Overloaded Pizza (large),8.276177
2026-01,6169,Chicken Nuggets (full),8.276177
2026-01,6170,Chicken Nuggets (Half),8.276177
2026-01,6171,Chicken Nuggest,8.276177
2026-01,6172,Chicken Noodles n Veg Manchurian Combo,8.276177
2026-01,6173,Chicken Noodles n Grilled Chicken Combo,8.276177
2026-01,6174,Chicken Noodles n Egg Poriyal Combo,8.276177
2026-01,6175,Chicken Noodles n Chicken Manchurian with Honey Cake Combo,8.276177
2026-01,6176,Chicken Noodles Platter,8.276177
2026-01,6177,Chicken Noodles N Chilli Chicken Combo,8.276177
2026-01,6178,Chicken Noodles Combo,8.276177
2026-01,6179,Chicken Nizami Tikka,8.276177
2026-01,6180,Chicken Nawabi Masala,8.276177
2026-01,6181,Chicken Naan n Gravy Combo,8.276177
2026-01,6182,Chicken Manchurian n Veg Fried Rice Combo,8.276177
2026-01,6183,Chicken Manchurian Gravy (Half),8.276177
2026-01,6184,Chicken Kosha,8.276177
2026-01,6185,Chicken Lemon Coriander Soup,8.276177
2026-01,6186,Chicken Leg Piece Biryani,8.276177
2026-01,6187,Chicken Leg Oil Fry,8.276177
2026-01,6188,Chicken Leg Biryani n Raita Combo,8.276177
2026-01,6189,Chicken Leg Biryani n Curry Combo,8.276177
2026-01,6190,Chicken Leg Biryani (5 Plates),8.276177
2026-01,6191,Chicken Leaf Parotta,8.276177
2026-01,6192,Chicken Layer Pizza,8.276177
2026-01,6193,Chicken Latpata,8.276177
2026-01,6194,Chicken Latpat,8.276177
2026-01,6195,Chicken Lasooni Tikka,8.276177
2026-01,6196,Chicken Lapeta,8.276177
2026-01,6197,Chicken Lahori Kabab,8.276177
2026-01,6198,Chicken Lababdar n Rice Combo,8.276177
2026-01,6199,Chicken Lababdar Rice LunchBox,8.276177
2026-01,6200,Chicken Lababdar Mini Rice Bowl,8.276177
2026-01,6201,Chicken Lababdar Kulcha Lunchbox,8.276177
2026-01,6202,Chicken Lababdar Jumbo Lunchbox,8.276177
2026-01,6203,Chicken Lababdar (Qtr),8.276177
2026-01,6204,Chicken Lababdar (Half),8.276177
2026-01,6205,Chicken Lababdar,8.276177
2026-01,6206,Chicken Kuska Combo,8.276177
2026-01,6207,Chicken Kothu Paratha N Chicken Kurma Combo,8.276177
2026-01,6208,Chicken Kosha n Steam Rice Combo,8.276177
2026-01,6209,Chicken Kosha n Roti Combo,8.276177
2026-01,6210,Chicken Kosha n Lachcha Paratha Combo,8.276177
2026-01,6211,Chicken Kosha n Butter Naan Combo,8.276177
2026-01,6212,Chicken Kosha and Paratha Combo,8.276177
2026-01,6213,Chicken Lehsuni,8.276177
2026-01,6214,Chicken Litti Chokha,8.276177
2026-01,6215,Chicken Manchurian Dry,8.276177
2026-01,6216,Chicken Liver Fry (Half),8.276177
2026-01,6217,Chicken Manchurian (Serves 2),8.276177
2026-01,6218,Chicken Manchurian (Half),8.276177
2026-01,6219,Chicken Manchurian (Full),8.276177
2026-01,6220,Chicken Manchurian (8pc),8.276177
2026-01,6221,Chicken Malai Tikka (Half),8.276177
2026-01,6222,Chicken Malai Kabab,8.276177
2026-01,6223,Chicken Makhani n Tawa Roti Combo,8.276177
2026-01,6224,Chicken Machurian Dry,8.276177
2026-01,6225,Chicken Machurian Biryani (4pc),8.276177
2026-01,6226,Chicken Lollipop n Fries Combo,8.276177
2026-01,6227,Chicken Lollipop n Chicken Schezwan Rice Combo,8.276177
2026-01,6228,Chicken Lollipop Masala (Half),8.276177
2026-01,6229,Chicken Lollipop Mandi (Single),8.276177
2026-01,6230,Chicken Lollipop Gravy with Latpata,8.276177
2026-01,6231,Chicken Lollipop Gravy With Latpata,8.276177
2026-01,6232,Chicken Lollipop Gravy,8.276177
2026-01,6233,Chicken Lollipop Biryani n Raita Combo,8.276177
2026-01,6234,Chicken Lollipop (full),8.276177
2026-01,6235,Chicken Lollipop (Serves 2),8.276177
2026-01,6236,Chicken Lollipop (Half),8.276177
2026-01,6237,Chicken Lollipop (Full),8.276177
2026-01,6238,Chicken Lollipop (Bone),8.276177
2026-01,6239,Chicken Lollipop (9pc),8.276177
2026-01,6240,Chicken Lollipop (6pc),8.276177
2026-01,6241,Chicken Lollipop (5pc),8.276177
2026-01,6242,Chicken Lolipop (Half),8.276177
2026-01,6243,Chicken Lolipop (Full),8.276177
2026-01,6244,Chilli Paneer Combo,8.276177
2026-01,6245,Chilli Paneer Dry (Full),8.276177
2026-01,6246,Chilli Paneer Garvy with Veg Fried Rice Combo,8.276177
2026-01,6247,Dal Makhani N Jeera Rice With Roti Combo,8.276177
2026-01,6248,Dal Makhani n Butter Tawa Roti Combo,8.276177
2026-01,6249,Dal Makhani n Butter Lachcha Paratha Combo,8.276177
2026-01,6250,Dal Makhani Rice Thali,8.276177
2026-01,6251,Dal Makhani Rice Bowl (Jumbo),8.276177
2026-01,6252,Dal Makhani N Tawa Lachcha Paratha Combo,8.276177
2026-01,6253,Dal Makhani N Tandoori Roti Combo,8.276177
2026-01,6254,Dal Makhani N Roti Combo,8.276177
2026-01,6255,Dal Makhani N Rice With Chaach Combo (jain),8.276177
2026-01,6256,Dal Makhani N Rice Combo (hafl),8.276177
2026-01,6257,Dal Makhani N Rice Combo (full),8.276177
2026-01,6258,Dal Makhani N Rice Combo,8.276177
2026-01,6259,Dal Makhani N Naan Combo,8.276177
2026-01,6260,Dal Makhani N Lachcha Paratha Combo,8.276177
2026-01,6261,Dal Makhani N Chapati Combo,8.276177
2026-01,6262,Dahi Samosa,8.276177
2026-01,6263,Dal Makhani N Butter Naan Combo,8.276177
2026-01,6264,Dal Makhani Bowl,8.276177
2026-01,6265,Dal Makhani (full),8.276177
2026-01,6266,Dal Makhani (Jain),8.276177
2026-01,6267,Dal Makhani (Chef's Special),8.276177
2026-01,6268,Dal Makhani (Black Dal),8.276177
2026-01,6269,Dal Makhani & Paratha Lunchbox,8.276177
2026-01,6270,Dal Makhani & Bread Kulcha Lunchbox,8.276177
2026-01,6271,Dal Makhan Fry,8.276177
2026-01,6272,Dal Maharani,8.276177
2026-01,6273,Dal Lasooni Tadka,8.276177
2026-01,6274,Dal Lapeta Khichdi (Half),8.276177
2026-01,6275,Dal Lapeta Khichdi (Full),8.276177
2026-01,6276,Dal Makhani n Rice Combo (Full),8.276177
2026-01,6277,Dal Makhani n Rice Combo (Hafl),8.276177
2026-01,6278,Dal Makhani n Rice Como,8.276177
2026-01,6279,Dal Makhani n Rice with Chaach Combo,8.276177
2026-01,6280,Dal Tadka 2.0 (Half),8.276177
2026-01,6281,Dal Tadka (serves For 2 Person),8.276177
2026-01,6282,Dal Tadka (Serves For 2 Person),8.276177
2026-01,6283,Dal Tadka (Jain),8.276177
2026-01,6284,Dal Tadka (Egg) n Roti Combo,8.276177
2026-01,6285,Dal Tadka (Arhar) (Full),8.276177
2026-01,6286,Dal Tadka (600g),8.276177
2026-01,6287,Dal Spl,8.276177
2026-01,6288,Dal Rice with Chicken 65 Combo,8.276177
2026-01,6289,Dal Rice Khichdi (half),8.276177
2026-01,6290,Dal Rice Combo with Wow Box,8.276177
2026-01,6291,Dal Punjabi Tadka,8.276177
2026-01,6292,Dal Punjabi,8.276177
2026-01,6293,Dal Paneer Meal,8.276177
2026-01,6294,Dal Palak Khichdi,8.276177
2026-01,6295,Dal N Roti Box,8.276177
2026-01,6296,Dal N Rice With Chips Combo,8.276177
2026-01,6297,Dal N Rice Bowl Combo,8.276177
2026-01,6298,Dal Mughlai,8.276177
2026-01,6299,Dal Malai Methi,8.276177
2026-01,6300,Dal Makhnai n Rice Combo,8.276177
2026-01,6301,Dal Makhnai Thali,8.276177
2026-01,6302,Dal Makhani with Rice Combo,8.276177
2026-01,6303,Dal Makhani with Jeera Rice Combo,8.276177
2026-01,6304,Dal Makhani n Tawa Roti Combo,8.276177
2026-01,6305,Dal Makhani n Tawa Butter Roti Combo,8.276177
2026-01,6306,Dal Makhani n Tandoori Butter Roti Combo,8.276177
2026-01,6307,Dal Lapeta (half),8.276177
2026-01,6308,Dal Lapeta (full),8.276177
2026-01,6309,Dal Lapeta (Half),8.276177
2026-01,6310,Dal Fry N Butter Roti Combo,8.276177
2026-01,6311,Dal Fry Jain (Without Onion Garlic Full),8.276177
2026-01,6312,Dal Fry Butter,8.276177
2026-01,6313,Dal Fry (serves For 2 Person),8.276177
2026-01,6314,Dal Fry (arhar) (half),8.276177
2026-01,6315,Dal Fry (Urad Dal),8.276177
2026-01,6316,Dal Fry (Serves For 2 Person),8.276177
2026-01,6317,Dal Fry (Jain),8.276177
2026-01,6318,Dal Fry (Black Dal),8.276177
2026-01,6319,Dal Fry (600g),8.276177
2026-01,6320,Dal Fry (500g),8.276177
2026-01,6321,Dal Fried Rice,8.276177
2026-01,6322,Dal Dhabha Style (full),8.276177
2026-01,6323,Dal Dhabha Style (Full),8.276177
2026-01,6324,Dal Dhaba Masala,8.276177
2026-01,6325,Dal Desi Ghee Fry (Yellow Dal),8.276177
2026-01,6326,Dal Curry,8.276177
2026-01,6327,Dal Chawal ( Mix ),8.276177
2026-01,6328,Dal Chana Rice Fry,8.276177
2026-01,6329,Dal Chana Makhani (Yellow Dal),8.276177
2026-01,6330,Dal Chana Fry (Yellow Dal),8.276177
2026-01,6331,Dal Butter Fry (Full),8.276177
2026-01,6332,Dal Butter,8.276177
2026-01,6333,Dal Bati Combo,8.276177
2026-01,6334,Dal Bafla Thali (Special),8.276177
2026-01,6335,Dal Bafla,8.276177
2026-01,6336,Dahi n Rice Combo,8.276177
2026-01,6337,Dahi Tikhari,8.276177
2026-01,6338,Dal Fry Meal,8.276177
2026-01,6339,Dal Fry N Butter Tawa Roti Combo,8.276177
2026-01,6340,Dal Kichidi,8.276177
2026-01,6341,Dal Fry N Jeera Rice Meal,8.276177
2026-01,6342,Dal Khichdi with Tadka,8.276177
2026-01,6343,Dal Khichdi n Roasted Papad Combo,8.276177
2026-01,6344,Dal Khichdi n Curd bowl,8.276177
2026-01,6345,Dal Khichdi N Roasted Papad Combo,8.276177
2026-01,6346,Dal Khichdi N Papad Combo,8.276177
2026-01,6347,Dal Khichdi Masala n Curd Combo,8.276177
2026-01,6348,Dal Khichdi Masala N Curd Combo,8.276177
2026-01,6349,Dal Khichdi (Spl),8.276177
2026-01,6350,Dal Khichdi (Half),8.276177
2026-01,6351,Dal Khichd (Full),8.276177
2026-01,6352,Dal Khichadi n Curd Combo,8.276177
2026-01,6353,Dal Khichadi N Curd Combo,8.276177
2026-01,6354,Dal Fry with Roti Combo,8.276177
2026-01,6355,Dal Fry with Jeera Rice Combo,8.276177
2026-01,6356,Dal Fry n Steam Rice Combo,8.276177
2026-01,6357,Dal Fry n Rice Bowl,8.276177
2026-01,6358,Dal Fry n Plain Tawa Roti Combo,8.276177
2026-01,6359,Dal Fry n Jeera Rice with Roti Combo,8.276177
2026-01,6360,Dal Fry n Chapati Combo,8.276177
2026-01,6361,Dal Fry n Butter Tawa Roti,8.276177
2026-01,6362,Dal Fry n Butter Roti with Jeera Rice Combo,8.276177
2026-01,6363,Dal Fry Tandoori Butter Roti Combo,8.276177
2026-01,6364,Dal Fry N Tawa Roti Combo,8.276177
2026-01,6365,Dal Fry N Steam Rice Combo,8.276177
2026-01,6366,Dal Fry N Plain Rice Combo,8.276177
2026-01,6367,Dal Fry N Jeera Rice With Roti Combo,8.276177
2026-01,6368,Dal Fry N Jeera Rice With Chach Combo,8.276177
2026-01,6369,Dal Tadka Amul Makhan,8.276177
2026-01,6370,Dal Tadka And Rice Combo,8.276177
2026-01,6371,Dal Tadka Butter,8.276177
2026-01,6372,Double Egg Chatpata Wholewheat Roll,8.276177
2026-01,6373,Double Egg Chatpata Roll + Wedges + Lemon Soda,8.276177
2026-01,6374,Double Egg Biryani n Aloo Combo,8.276177
2026-01,6375,Double Egg Biryani N Aloo Combo,8.276177
2026-01,6376,Double Dosa Delight Box,8.276177
2026-01,6377,Double Decher Burger,8.276177
2026-01,6378,Double Chocolate Brownie,8.276177
2026-01,6379,Double Chicken Roll,8.276177
2026-01,6380,Double Chicken Feast Pizza (Serves 2).,8.276177
2026-01,6381,Double Chicken Feast Pizza,8.276177
2026-01,6382,Double Chicken Egg Roll with Mayo,8.276177
2026-01,6383,Double Chicken Double Egg Roll,8.276177
2026-01,6384,Double Cheese Sandwich,8.276177
2026-01,6385,Double Cheese Pizza (Medium),8.276177
2026-01,6386,Double Cheese Margherita Pizza (Regular),8.276177
2026-01,6387,Double Cheese Margherita Medium Pizza (Serves-2),8.276177
2026-01,6388,Double Cheese Garden Fresh Veggie Medium Pizza,8.276177
2026-01,6389,Double Cheese Corn Veggie Delight Medium Pizza,8.276177
2026-01,6390,Double Cheese Clucker Pepperoni Medium Pizza,8.276177
2026-01,6391,Dosa with Paneer Gravy Combo 3,8.276177
2026-01,6392,Dosa n Vada Combo,8.276177
2026-01,6393,Dosa n Poori Combo,8.276177
2026-01,6394,Dosa Khakhra,8.276177
2026-01,6395,Do Gosht ki Dum Biryani (Mutton & Chicken Dum Biryani - Serves 1),8.276177
2026-01,6396,Dinner Mini Tiffin,8.276177
2026-01,6397,Dilkhush Narm Kulcha (Pack of 2),8.276177
2026-01,6398,Digestive Lime Mint Soda,8.276177
2026-01,6399,Dhokli,8.276177
2026-01,6400,Double Egg Chatpata Roll at 99,8.276177
2026-01,6401,Double Egg Chatpata Wrap,8.276177
2026-01,6402,Dhaba Dal,8.276177
2026-01,6403,Double Egg Chicken Fried Rice,8.276177
2026-01,6404,Dry Fruit Mastani (Full),8.276177
2026-01,6405,Dry Fruit Mastani,8.276177
2026-01,6406,Dry Fruit Lassi,8.276177
2026-01,6407,Dry Fruit Falooda,8.276177
2026-01,6408,Dry Fruit Chocolate Lassi,8.276177
2026-01,6409,Drums Of Heaven,8.276177
2026-01,6410,Dragonfire Paneer Tikka Garlic Bread,8.276177
2026-01,6411,Dragonfire Paneer Pizza,8.276177
2026-01,6412,Dragonfire Chicken Pizza,8.276177
2026-01,6413,Dragon Potato,8.276177
2026-01,6414,Dragon Fire Dip,8.276177
2026-01,6415,Dragon Chicken (Boneless),8.276177
2026-01,6416,Double Tadka Dal Khichdi,8.276177
2026-01,6417,Double Omeltte n Plain Raita,8.276177
2026-01,6418,Double Omeltte N Plain Raita,8.276177
2026-01,6419,Double Omelette with Masala Bread,8.276177
2026-01,6420,Double Omelette & Sausages with Masala Bread,8.276177
2026-01,6421,Double Meal Parcel With Curd Combo,8.276177
2026-01,6422,Double Masaka Pav Bhaji,8.276177
2026-01,6423,Double Laung Sev,8.276177
2026-01,6424,Double Kalaki,8.276177
2026-01,6425,Double Egg Soft Noodles,8.276177
2026-01,6426,Double Egg Omelette,8.276177
2026-01,6427,Double Egg Fried Rice,8.276177
2026-01,6428,Double Egg Dosa,8.276177
2026-01,6429,Double Egg Curry n Roti Box,8.276177
2026-01,6430,Double Egg Chicken Roll,8.276177
2026-01,6431,Dhokla Khaman,8.276177
2026-01,6432,Desi Veg Combo,8.276177
2026-01,6433,Dal Tadka Fry,8.276177
2026-01,6434,Dal n Rice Combo (Half),8.276177
2026-01,6435,Dal n Rice Bowl Combo,8.276177
2026-01,6436,Dal n Chawal Mix,8.276177
2026-01,6437,Dal n Butter Roti Combo,8.276177
2026-01,6438,Dal n Bati Combo,8.276177
2026-01,6439,Dal Takda n Jeera Rice Combo,8.276177
2026-01,6440,Dal Takda N Jeera Rice Combo,8.276177
2026-01,6441,Dal Tadka with Roti Combo,8.276177
2026-01,6442,Dal Tadka n Tawa Roti Combo,8.276177
2026-01,6443,Dal Tadka n Tandoori Butter Roti Combo,8.276177
2026-01,6444,Dal Tadka n Steam Rice with Roti Combo,8.276177
2026-01,6445,Dal Tadka n Roti/Naan Combo,8.276177
2026-01,6446,Dal Tadka n Pulka Combo,8.276177
2026-01,6447,Dal Tadka n Phulka Combo,8.276177
2026-01,6448,Dal Tadka n Butter Roti Combo,8.276177
2026-01,6449,Dal Tadka n Bread Combo,8.276177
2026-01,6450,Dal Tadka and Rice Combo,8.276177
2026-01,6451,Dal Tadka N Tandoori Butter Roti Combo,8.276177
2026-01,6452,Dal Tadka N Pulka Combo,8.276177
2026-01,6453,Dal Tadka N Phulka Combo,8.276177
2026-01,6454,Dal Tadka N Jeera Rice Combo,8.276177
2026-01,6455,Dal Tadka N Chapati Combo,8.276177
2026-01,6456,Dal Tadka N Butter Tawa Roti Combo,8.276177
2026-01,6457,Dal Tadka N Butter Roti Combo,8.276177
2026-01,6458,Dal Tadka Mix,8.276177
2026-01,6459,Dal Tadka Meal,8.276177
2026-01,6460,Dal Tadka Khichdi n Papad Combo,8.276177
2026-01,6461,Dal Tadka Jain (Without Onion Garlic Full),8.276177
2026-01,6462,Dal n Rice Combo (Full),8.276177
2026-01,6463,Dal n Rice with Chicken 65 Combo,8.276177
2026-01,6464,Desi Jaljira Lime Soda,8.276177
2026-01,6465,Dal n Rice with Chips Combo,8.276177
2026-01,6466,Desi Ghee Ka Besan Ladoo,8.276177
2026-01,6467,Desi Ghee Dal Khichdi Combo,8.276177
2026-01,6468,Desi Chicken,8.276177
2026-01,6469,Deluxe Veggie Pizza (regular),8.276177
2026-01,6470,Deluxe Veggie Pizza (medium),8.276177
2026-01,6471,Deluxe Veggie Pizza (Small),8.276177
2026-01,6472,Deluxe Veggie Pizza (Regular),8.276177
2026-01,6473,Deluxe Veggie Pizza (Medium),8.276177
2026-01,6474,Deluxe Veggie Pizza (Large),8.276177
2026-01,6475,Deluxe Cheese Chicken Burger,8.276177
2026-01,6476,Delhi Chaat,8.276177
2026-01,6477,Deepawali Spl Sambhar Rice,8.276177
2026-01,6478,Deepavali Non Veg Combo,8.276177
2026-01,6479,Dc Nonveg Combo,8.276177
2026-01,6480,Dc,8.276177
2026-01,6481,Dark Nutella Chocolate Waffle,8.276177
2026-01,6482,Dark Chocolate Waffle,8.276177
2026-01,6483,Dark Chocolate Belgian Waffle,8.276177
2026-01,6484,Dark Choco Chip Waffle,8.276177
2026-01,6485,Darjeeling Chicken Momos,8.276177
2026-01,6486,Dargon Chicken,8.276177
2026-01,6487,Dam Aloo n Chapati Combo,8.276177
2026-01,6488,Dal n Tawa Roti Cobmo,8.276177
2026-01,6489,Dal n Steam Rice Combo,8.276177
2026-01,6490,Dal n Roti Bhaji with Rice Combo,8.276177
2026-01,6491,Dal n Rice with Pickle Combo,8.276177
2026-01,6492,Dal n Rice with Paneer 65 Combo,8.276177
2026-01,6493,Dahi Tadka,8.276177
2026-01,6494,Dahi Poori,8.276177
2026-01,6495,Chilli Paneer Gravy (Full),8.276177
2026-01,6496,Chocolate Truffle Cake (500 Grams),8.276177
2026-01,6497,Chole Masala (Serves For 2 Person),8.276177
2026-01,6498,Chole Kulche Thali,8.276177
2026-01,6499,Chole Chawal (Half),8.276177
2026-01,6500,Chole Chawal (Full),8.276177
2026-01,6501,Chole Chawal,8.276177
2026-01,6502,Chole Chapati Tiffin,8.276177
2026-01,6503,Chole Chana n Jeera Rice,8.276177
2026-01,6504,Chole Bhature Thali,8.276177
2026-01,6505,Chole Bhature Serve (2 Plates),8.276177
2026-01,6506,Chole Aloo,8.276177
2026-01,6507,Chocolava Cake,8.276177
2026-01,6508,Chocolava,8.276177
2026-01,6509,Chocolate Truffle Pastry,8.276177
2026-01,6510,Chocolate Truffle Cake,8.276177
2026-01,6511,Dahi Plain,8.276177
2026-01,6512,Chocolate Shake With Ice,8.276177
2026-01,6513,Chocolate Shake (regular),8.276177
2026-01,6514,Chocolate Shake (Regular),8.276177
2026-01,6515,Chocolate Sandwich,8.276177
2026-01,6516,Chocolate Pastry,8.276177
2026-01,6517,Chocolate Oreo Shake,8.276177
2026-01,6518,Chocolate Kunafa,8.276177
2026-01,6519,Chocolate Jar cake,8.276177
2026-01,6520,Chocolate Fudge Milk Shake,8.276177
2026-01,6521,Chocolate French Toast,8.276177
2026-01,6522,Chocolate Frappe,8.276177
2026-01,6523,Chocolate Donut,8.276177
2026-01,6524,Chocolate Cold Coffee,8.276177
2026-01,6525,Chole Masala (half),8.276177
2026-01,6526,Chole Masala (serves For 2 Person),8.276177
2026-01,6527,Chole Masala N Poori Combo,8.276177
2026-01,6528,Chole Masala N Rice Combo,8.276177
2026-01,6529,Chole n Rice Combo (Full),8.276177
2026-01,6530,Chole n Poori with Chana Masala Combo,8.276177
2026-01,6531,Chole n Paneer n Butter Tawa Roti Combo,8.276177
2026-01,6532,Chole n Lachcha Paratha Combo,8.276177
2026-01,6533,Chole n Jeera Rice Combo,8.276177
2026-01,6534,Chole n Jeera Rice Box,8.276177
2026-01,6535,Chole n Chapati Tiffin Box,8.276177
2026-01,6536,Chole With Veg Pulao Combo,8.276177
2026-01,6537,Chole Sabji (Half),8.276177
2026-01,6538,Chole Rice Mix,8.276177
2026-01,6539,Chole Punjabi,8.276177
2026-01,6540,Chole Paratha n Curd Combo,8.276177
2026-01,6541,Chole Paratha,8.276177
2026-01,6542,Chole Paneer (Serves For 2 person),8.276177
2026-01,6543,Chole N Rice Combo (half),8.276177
2026-01,6544,Chole N Poori With Chana Masala Combo,8.276177
2026-01,6545,Chole N Lachcha Paratha Combo,8.276177
2026-01,6546,Chole N Kulche Combo,8.276177
2026-01,6547,Chole N Kulcha Combo,8.276177
2026-01,6548,Chole Masaledar,8.276177
2026-01,6549,Chole Masala n Roti Combo,8.276177
2026-01,6550,Chole Masala n Rice with Paratha Combo,8.276177
2026-01,6551,Chole Masala n Poori Combo,8.276177
2026-01,6552,Chole Masala n Chur Chur Naan Combo,8.276177
2026-01,6553,Chole Masala n Chapati with Pickle Combo,8.276177
2026-01,6554,Chole Masala Tandoori Butter Roti Combo,8.276177
2026-01,6555,Chole Masala N Roti Combo,8.276177
2026-01,6556,Chocolate Coffee,8.276177
2026-01,6557,Chocolate Cake (Egg Less),8.276177
2026-01,6558,Chocolate Brownie,8.276177
2026-01,6559,Chilli Paneer with Butter Roti Combo,8.276177
2026-01,6560,Chilli Paneer n Veg Noodles combo,8.276177
2026-01,6561,Chilli Paneer n Veg Hakka Noodles,8.276177
2026-01,6562,Chilli Paneer n Veg Chowmein Combo,8.276177
2026-01,6563,Chilli Paneer n Tawa Roti with Cold Drink Combo,8.276177
2026-01,6564,Chilli Paneer n Tawa Roti Combo,8.276177
2026-01,6565,Chilli Paneer n Tandoori Roti Combo,8.276177
2026-01,6566,Chilli Paneer n Rice Combo,8.276177
2026-01,6567,Chilli Paneer n Noodles Bowl,8.276177
2026-01,6568,Chilli Paneer n Lachcha Paratha Combo,8.276177
2026-01,6569,Chilli Paneer n Laccha Paratha Combo,8.276177
2026-01,6570,Chilli Paneer n Butter Naan Combo,8.276177
2026-01,6571,Chilli Paneer With Veg Fried Rice Combo,8.276177
2026-01,6572,Chilli Paneer With Noodles Combo,8.276177
2026-01,6573,Chilli Paneer With Fried Rice Combo,8.276177
2026-01,6574,Chilli Paneer Sizzler,8.276177
2026-01,6575,Chilli Paneer Roti Combo,8.276177
2026-01,6576,Chilli Paneer Rice Combo,8.276177
2026-01,6577,Chilli Paneer Rice,8.276177
2026-01,6578,Chilli Paneer Pizza (Small),8.276177
2026-01,6579,Chilli Paneer N Veg Schezwan Fried Rice Combo,8.276177
2026-01,6580,Chilli Paneer N Veg Hakka Noodles Combo,8.276177
2026-01,6581,Chilli Paneer N Paratha Combo,8.276177
2026-01,6582,Chilli Paneer N Lachcha Paratha Combo,8.276177
2026-01,6583,Chilli Paneer N Laccha Paratha Combo,8.276177
2026-01,6584,Chilli Paneer Gravy n Roti Combo,8.276177
2026-01,6585,Chilli Paneer Gravy n Laccha Paratha Combo,8.276177
2026-01,6586,Chilli Paneer Gravy (Half),8.276177
2026-01,6587,Chilli Paneer n Veg Noodles with Veg Fried Rice Combo,8.276177
2026-01,6588,Chilli Paneer with Paratha Combo,8.276177
2026-01,6589,Choco Oreo Shake,8.276177
2026-01,6590,Chilli Paratha N Veg Fried Rice Combo,8.276177
2026-01,6591,Choco Lava Cake + Lemon Soda (Save 10%),8.276177
2026-01,6592,Choco Lava Cake + Lemon Soda,8.276177
2026-01,6593,Choco Hazel Roll,8.276177
2026-01,6594,Choco Cold Coffee,8.276177
2026-01,6595,Choco Chips Shake,8.276177
2026-01,6596,Choco Blast (280ml),8.276177
2026-01,6597,Choclate Milk Shakes,8.276177
2026-01,6598,Chipotle Veg Fingers Wrap + Pizza Puff (Pack of 2),8.276177
2026-01,6599,Chipotle Veg Fingers Burger Wrap,8.276177
2026-01,6600,Chipotle Potato Shots Wrap,8.276177
2026-01,6601,Chipotle Cheese Wedges,8.276177
2026-01,6602,Chipotle Aloo Patty Wrap + Pizza Puff (Pack of 2),8.276177
2026-01,6603,Chipotle Aloo Patty Burger Wrap.,8.276177
2026-01,6604,Chintoos Non Veg Thali,8.276177
2026-01,6605,Chinese Thali with Fried Rice,8.276177
2026-01,6606,Chinese Samosa,8.276177
2026-01,6607,Chinese Platter,8.276177
2026-01,6608,Chinese Bhel (Jain),8.276177
2026-01,6609,Chimichurri Chicken Strips Salad Burger Wrap .,8.276177
2026-01,6610,Chimichurri Chicken Salad Burger Wrap .,8.276177
2026-01,6611,Chimichurri Chicken Salad Burger Wrap,8.276177
2026-01,6612,Chilli Veg Garlic Noodles,8.276177
2026-01,6613,Chilli Soya Chaap (Half),8.276177
2026-01,6614,Chilli Potato (Half),8.276177
2026-01,6615,Chilli Potato (Full),8.276177
2026-01,6616,Chilli Pnaeer n Veg Fried Rice Combo,8.276177
2026-01,6617,Chilli Paratha n Veg Fried Rice Combo,8.276177
2026-01,6618,Chole n Rice Comob,8.276177
2026-01,6619,Chole n Roti Combo,8.276177
2026-01,6620,Chole n Tawa Roti Combo,8.276177
2026-01,6621,Crispy Chilli Paneer,8.276177
2026-01,6622,Crispy Chilli Baby Corn,8.276177
2026-01,6623,Crispy Chicken Wrap,8.276177
2026-01,6624,Crispy Chicken Roll,8.276177
2026-01,6625,Crispy Chicken Pizza,8.276177
2026-01,6626,Crispy Chicken Momos,8.276177
2026-01,6627,Crispy Chicken Leg,8.276177
2026-01,6628,Crispy Baby Corn (Half),8.276177
2026-01,6629,Crispy Baby Corn (Full),8.276177
2026-01,6630,Crispy Baby Corn,8.276177
2026-01,6631,Creamy White Sauce Paneer Pasta,8.276177
2026-01,6632,Creamy White Sauce Chicken Pasta,8.276177
2026-01,6633,Creamy Paneer Delight Pizza,8.276177
2026-01,6634,Creamy Chicken Tandoori,8.276177
2026-01,6635,Creamy Chicken Pizza (Medium),8.276177
2026-01,6636,Creamy Chicken Pizza (Large),8.276177
2026-01,6637,Creame White Pasta,8.276177
2026-01,6638,Cream Paneer,8.276177
2026-01,6639,Cream Of Tomato Soup,8.276177
2026-01,6640,Cream Of Chicken Soup,8.276177
2026-01,6641,Cream Of Chicken Cheese Pizza,8.276177
2026-01,6642,Cottage Cheese Satay,8.276177
2026-01,6643,Corn n Veg Cheese Sandwich,8.276177
2026-01,6644,Corn Veggie Delight Pizza,8.276177
2026-01,6645,Corn Paneer Dosa,8.276177
2026-01,6646,Corn Paneer Biryani,8.276177
2026-01,6647,Corn Palak,8.276177
2026-01,6648,Corn Methi Dhokla,8.276177
2026-01,6649,Crispy Chilli Baby Corn n Hakka Noodles with Gulab Jamun Combo,8.276177
2026-01,6650,Crispy Corns,8.276177
2026-01,6651,Corn Garlic Bread,8.276177
2026-01,6652,Crispy French Fries,8.276177
2026-01,6653,Dahi Lassi Kulhad,8.276177
2026-01,6654,Dahi Labneh Kebab,8.276177
2026-01,6655,Dahi Ke Sholay,8.276177
2026-01,6656,Dahi Kachori,8.276177
2026-01,6657,Dahi,8.276177
2026-01,6658,Cut Piece Masala Dosa,8.276177
2026-01,6659,Curd Tadka,8.276177
2026-01,6660,Curd Rice with Pickle Combo,8.276177
2026-01,6661,Curd Rice n Tomato Rice Combo,8.276177
2026-01,6662,Curd Rice n Sambhar Rice Combo,8.276177
2026-01,6663,Curd Rice n Lemon Rice Combo,8.276177
2026-01,6664,Curd Rice n Chapati Combo,8.276177
2026-01,6665,Curd Rice Spl Combo,8.276177
2026-01,6666,Curd Rice N Tomato Rice Combo,8.276177
2026-01,6667,Curd Rice N Sambhar Rice Combo,8.276177
2026-01,6668,Curd Rice N Poriyal Combo,8.276177
2026-01,6669,Curd Rice (Jain),8.276177
2026-01,6670,Curd Rice (Half),8.276177
2026-01,6671,Cucumber Raita (Half),8.276177
2026-01,6672,Cucumber Juice,8.276177
2026-01,6673,Crunchy Chicken Wrap,8.276177
2026-01,6674,Crunchy Chicken Fingers,8.276177
2026-01,6675,Crunchy Chicken,8.276177
2026-01,6676,Crunchy Bread Omelette,8.276177
2026-01,6677,Crispy Paneer Tikki Burger,8.276177
2026-01,6678,Crispy Mexican Sandwich,8.276177
2026-01,6679,Crispy Fried Vegetable,8.276177
2026-01,6680,Corn Masala Rice Bowl,8.276177
2026-01,6681,Corn Delight Pizza,8.276177
2026-01,6682,Chole with Aloo Kulcha Combo,8.276177
2026-01,6683,Classic Salted Fries,8.276177
2026-01,6684,Classic Peppy Chicken Shawarma.,8.276177
2026-01,6685,Classic Paneer Onion Pizza,8.276177
2026-01,6686,Classic Margherita Pizza (regular),8.276177
2026-01,6687,Classic Margherita Pizza (Regular),8.276177
2026-01,6688,Classic Lassi,8.276177
2026-01,6689,Classic Garlic Bread (8pc),8.276177
2026-01,6690,Classic French Toast,8.276177
2026-01,6691,Classic French Fries,8.276177
2026-01,6692,Classic Corn Tomato Pizza,8.276177
2026-01,6693,Classic Cold Coffee (280ml),8.276177
2026-01,6694,Classic Chicken Thali,8.276177
2026-01,6695,Classic Chicken Tandoori Burger,8.276177
2026-01,6696,Classic Chicken Shawarma,8.276177
2026-01,6697,Classic Chicken Momos,8.276177
2026-01,6698,Classic Chicken Fiesta Pizza,8.276177
2026-01,6699,Classic Cheesy Onion Pizza,8.276177
2026-01,6700,Classic Cheese Garlic Bread,8.276177
2026-01,6701,Classic Aloo Tikki Burger,8.276177
2026-01,6702,Churma Laddoo (1pc),8.276177
2026-01,6703,Churam,8.276177
2026-01,6704,Chur Chur Naan n Dal Combo,8.276177
2026-01,6705,Chum Chum,8.276177
2026-01,6706,Chowpatty Special Grilled Sandwich,8.276177
2026-01,6707,Chowmein Garlic Chicken Combo,8.276177
2026-01,6708,Chole with Rice Combo,8.276177
2026-01,6709,Chole with Poori Combo,8.276177
2026-01,6710,Chole with Kulche Combo,8.276177
2026-01,6711,Classic Red Paper Capsicum Pizza,8.276177
2026-01,6712,Classic Smoky Chicken Shawarma.,8.276177
2026-01,6713,Corn Cheese Pizza,8.276177
2026-01,6714,Classic Veg Burger,8.276177
2026-01,6715,Corn Cheese Pasta,8.276177
2026-01,6716,Corn Cheese Fried Momos,8.276177
2026-01,6717,Corn & Pepper Lasagne,8.276177
2026-01,6718,Corn & Cheese Pizza,8.276177
2026-01,6719,Corn & Capsicum Pizza Meal,8.276177
2026-01,6720,Cookies n Oreo Lava Belgian Waffle,8.276177
2026-01,6721,Combination Fried Rice,8.276177
2026-01,6722,Colslow Sandwich (non Grilled),8.276177
2026-01,6723,Cold Kesar Milk,8.276177
2026-01,6724,Cold Drink (300ml),8.276177
2026-01,6725,Cold Coffee with Ice Cream,8.276177
2026-01,6726,Cold Coffee with Ice,8.276177
2026-01,6727,Cold Coffee With Ice,8.276177
2026-01,6728,Cold Coffee Milk Shake,8.276177
2026-01,6729,Cold Coffee (thick),8.276177
2026-01,6730,Cold Coffee (regular),8.276177
2026-01,6731,Cold Coffee (Thick),8.276177
2026-01,6732,Cold Coffee (Regular),8.276177
2026-01,6733,Cold Coffee (200 mL),8.276177
2026-01,6734,Coffee Thermos,8.276177
2026-01,6735,Coffee N Biscuit Combo,8.276177
2026-01,6736,Coconut Uttapam,8.276177
2026-01,6737,Clucker Pepperoni 2.0 Pizza (Serves 2).,8.276177
2026-01,6738,Classic Veggie Wrap,8.276177
2026-01,6739,Classic Veg Maggi,8.276177
2026-01,6740,Classic Veg Loaded Pizza,8.276177
2026-01,6741,Classic Veg Burger n French Fries Combo,8.276177
2026-01,6742,Chicken Fried Rice n Chilli Chicken Gravy Combo,8.276177
2026-01,6743,Chicken Fried Rice n Chilli Chicken,8.276177
2026-01,6744,Chicken Fried Rice N Raita Combo,8.276177
2026-01,6745,Bhakri Bajra,8.276177
2026-01,6746,Bhindi Masala (Full),8.276177
2026-01,6747,Bhindi Fry n Butter Roti Combo,8.276177
2026-01,6748,Bhindi Fry (serves For 2 Person),8.276177
2026-01,6749,Bhindi Fry (Serves For 2 Person),8.276177
2026-01,6750,Bhindi Fry (Half),8.276177
2026-01,6751,Bhindi Fry (Full),8.276177
2026-01,6752,Bhindi Bhaji,8.276177
2026-01,6753,Bhel Puri,8.276177
2026-01,6754,Bhel Poori (Jain),8.276177
2026-01,6755,Bhel Chaat,8.276177
2026-01,6756,Bheega Kulcha,8.276177
2026-01,6757,Bharela Ringna,8.276177
2026-01,6758,Bharat Spl Chicken Biryani,8.276177
2026-01,6759,Bhakharwadi,8.276177
2026-01,6760,Angoori Petha,8.276177
2026-01,6761,Bhaji n Roti Combo,8.276177
2026-01,6762,Bhaji,8.276177
2026-01,6763,Besan Gatta,8.276177
2026-01,6764,Bengali Chicken (Half),8.276177
2026-01,6765,Beetroot Juice,8.276177
2026-01,6766,Bbq Pizza Chicken,8.276177
2026-01,6767,Bbq Hot Fried Chicken Popcorn,8.276177
2026-01,6768,Bbq Chicken Pizza,8.276177
2026-01,6769,Bati Chokha Thali,8.276177
2026-01,6770,Batata Vada Sambhar,8.276177
2026-01,6771,Batata Sukhi Bhaji,8.276177
2026-01,6772,Batata Poha,8.276177
2026-01,6773,Basundi,8.276177
2026-01,6774,Bhindi Masala (Half),8.276177
2026-01,6775,Bhindi Masala (half),8.276177
2026-01,6776,Bhindi Masala Fry,8.276177
2026-01,6777,Bhindi Masala Jain (Without Onion Garlic Full),8.276177
2026-01,6778,Boiled Egg (2pc),8.276177
2026-01,6779,Blueberry Milk Shake,8.276177
2026-01,6780,Blueberry Lych Mojo,8.276177
2026-01,6781,Blend Filter Coffee,8.276177
2026-01,6782,Black Grape Juice,8.276177
2026-01,6783,Black Dal Fry,8.276177
2026-01,6784,Black Current Shake,8.276177
2026-01,6785,Black Currant Shake,8.276177
2026-01,6786,Biscuit Milk Juice,8.276177
2026-01,6787,Biryani with Egg Curry Combo,8.276177
2026-01,6788,Biryani with Chicken Kassa Combo,8.276177
2026-01,6789,Biryani With Egg Curry Combo,8.276177
2026-01,6790,Biryani With Chicken Kassa Combo,8.276177
2026-01,6791,Biryani Rice n Chicken with Parotta Combo,8.276177
2026-01,6792,Birthday Cake,8.276177
2026-01,6793,Bindi Masala,8.276177
2026-01,6794,Big Spl Veg Thali (6 Plates),8.276177
2026-01,6795,Big Spl Non Veg Thali,8.276177
2026-01,6796,Big Parotta n Chicken Gravy Combo,8.276177
2026-01,6797,Big Idli Breakfast Box,8.276177
2026-01,6798,Bhuna Chicken Rice Bowl,8.276177
2026-01,6799,Bhuna Chicken Bone,8.276177
2026-01,6800,Bhopal Chur Chur Naan n Dal Makhani Combo,8.276177
2026-01,6801,Bhole Chature Spl Thali,8.276177
2026-01,6802,Bhojanam (1 Person),8.276177
2026-01,6803,Bhindi Masala n Butter Tawa Roti Combo,8.276177
2026-01,6804,Bhindi Masala N Butter Tawa Roti Combo,8.276177
2026-01,6805,Basmati Jeera Rice,8.276177
2026-01,6806,Basil Pesto Pasta,8.276177
2026-01,6807,Basa Fish Thali,8.276177
2026-01,6808,Baby Corn Bread Omelette,8.276177
2026-01,6809,BBQ Paneer Wrap,8.276177
2026-01,6810,BBQ Hot Fried Chicken Popcorn,8.276177
2026-01,6811,BBQ Hot Drumstick,8.276177
2026-01,6812,BBQ Hot Chicken Wings,8.276177
2026-01,6813,BBQ Hot Chicken Strips,8.276177
2026-01,6814,BBQ Chicken Pizza 7 Inch,8.276177
2026-01,6815,BBQ Chicken (Qtr),8.276177
2026-01,6816,BBQ Chicken,8.276177
2026-01,6817,Ayran (Buttermilk),8.276177
2026-01,6818,Authentic Veg Pizza (Regular),8.276177
2026-01,6819,Audi Offer Biryani (non Veg),8.276177
2026-01,6820,Assorted Rasmalai,8.276177
2026-01,6821,Ashoka Special Mutton Biryani,8.276177
2026-01,6822,Arrabiata Red Sauce Pasta,8.276177
2026-01,6823,Arhar Dal n Rice Combo,8.276177
2026-01,6824,Arhar Dal Tadka,8.276177
2026-01,6825,Arhar Dal Fry (Half),8.276177
2026-01,6826,Arhar Dal Fry (Full),8.276177
2026-01,6827,Arhar Dal Fry,8.276177
2026-01,6828,Apple Shake,8.276177
2026-01,6829,Apple Juice,8.276177
2026-01,6830,Apple Chicken,8.276177
2026-01,6831,Appam with Coconut Milk Combo,8.276177
2026-01,6832,Appam n Chana Masala Combo,8.276177
2026-01,6833,Appam N Chana Masala Combo,8.276177
2026-01,6834,Apollo Prawns,8.276177
2026-01,6835,Anna Plain Dosa,8.276177
2026-01,6836,Baby 65,8.276177
2026-01,6837,Baby Corn Crispy,8.276177
2026-01,6838,Barbeque Chicken Rice Bowl,8.276177
2026-01,6839,Baby Corn Mandi (Single),8.276177
2026-01,6840,Barbeque Chicken Mini Rice Bowl,8.276177
2026-01,6841,Banjara Chicken (half),8.276177
2026-01,6842,Banjara Chicken (Half),8.276177
2026-01,6843,Bangda Fish Fry,8.276177
2026-01,6844,Bangali Rasgulla,8.276177
2026-01,6845,Bangada Masala Fry n Bhakari Thali,8.276177
2026-01,6846,Banana Shake,8.276177
2026-01,6847,Banana Muffin,8.276177
2026-01,6848,Banana Juice,8.276177
2026-01,6849,Banana Fry,8.276177
2026-01,6850,Banana Chocolate Pan Cake,8.276177
2026-01,6851,Banagda Fish Thali,8.276177
2026-01,6852,Balaji Veg Spl Thali,8.276177
2026-01,6853,Baked Pizza Wrap (Pure Veg),8.276177
2026-01,6854,Bajra Rotla,8.276177
2026-01,6855,Bajra Butter Roti,8.276177
2026-01,6856,Bajirao Mastani Shake (Full),8.276177
2026-01,6857,Baingan Masala,8.276177
2026-01,6858,Baigan Bharat n Chapati Combo,8.276177
2026-01,6859,Bagara Rice n Kaju Paneer Masala Curry Combo,8.276177
2026-01,6860,Bagara Rice N Kaju Paneer Masala Curry Combo,8.276177
2026-01,6861,Bafla,8.276177
2026-01,6862,Badam Kheer,8.276177
2026-01,6863,Badam Kesar Thandai Shake,8.276177
2026-01,6864,Baby Corn Paneer (Full),8.276177
2026-01,6865,Baby Corn Noodles,8.276177
2026-01,6866,Baby Corn Masala,8.276177
2026-01,6867,Boiled Egg (5pc),8.276177
2026-01,6868,Boiled Egg (Full),8.276177
2026-01,6869,Boiled Egg Fried,8.276177
2026-01,6870,Butter Chicken n Rumali Roti Combo,8.276177
2026-01,6871,Butter Chicken n Paratha Combo,8.276177
2026-01,6872,Butter Chicken n Lachcha Paratha Combo,8.276177
2026-01,6873,Butter Chicken n Butter Naan Combo,8.276177
2026-01,6874,Butter Chicken Wrap,8.276177
2026-01,6875,Butter Chicken With Chapati Combo,8.276177
2026-01,6876,Butter Chicken Rice Bowl,8.276177
2026-01,6877,Butter Chicken N Tawa Roti Combo,8.276177
2026-01,6878,Butter Chicken Masala n Roti Combo,8.276177
2026-01,6879,Butter Chicken Masala n Butter Spl Naan Combo,8.276177
2026-01,6880,Butter Chicken Masala n Butter Naan Combo,8.276177
2026-01,6881,Butter Chicken Masala (Half),8.276177
2026-01,6882,Butter Chicken Masala (Full),8.276177
2026-01,6883,Butter Chicken Kathi Roll,8.276177
2026-01,6884,Butter Chicken Jeera Rice Combo,8.276177
2026-01,6885,Butter Chicken Curry n Roti Combo,8.276177
2026-01,6886,Butter Chicken Curry n Chapati Combo,8.276177
2026-01,6887,Butter Chicken Combo Box,8.276177
2026-01,6888,Butter Chicken Boneless (Qtr),8.276177
2026-01,6889,Butter Chicken Boneless (Half),8.276177
2026-01,6890,Butter Chicken (qtr),8.276177
2026-01,6891,Butter Chicken (boneless),8.276177
2026-01,6892,Butter Chicken (Quater),8.276177
2026-01,6893,Butter Chicken (Quarter),8.276177
2026-01,6894,Butter Chicken (Boneless),8.276177
2026-01,6895,Butter Chicken (4pc),8.276177
2026-01,6896,Butter Chicken  (Half),8.276177
2026-01,6897,Butter Chicken ,8.276177
2026-01,6898,Butter Chicken n Rice with Roti Combo,8.276177
2026-01,6899,Butter Chicken n Tawa Roti Combo,8.276177
2026-01,6900,Butter Cheese Dosa,8.276177
2026-01,6901,Butter Chicken with Butter Roti Combo,8.276177
2026-01,6902,Butter Khichdi (Half),8.276177
2026-01,6903,Butter Khichdi (Full),8.276177
2026-01,6904,Butter Karam Dosa,8.276177
2026-01,6905,Butter Jam Toast,8.276177
2026-01,6906,Butter Garlic Kulcha,8.276177
2026-01,6907,Butter Garlic Chicken,8.276177
2026-01,6908,Butter Fry Papad,8.276177
2026-01,6909,Butter Fry Khichdi,8.276177
2026-01,6910,Butter Dal n Rice combo,8.276177
2026-01,6911,Butter Dal Yellow Fry,8.276177
2026-01,6912,Butter Dal Tadka With Roti Combo,8.276177
2026-01,6913,Butter Dal Tadka (full),8.276177
2026-01,6914,Butter Dal Tadka (Half),8.276177
2026-01,6915,Butter Dal Tadka (Full),8.276177
2026-01,6916,Butter Dal Paneer,8.276177
2026-01,6917,Butter Dal Makhani with Roti Combo,8.276177
2026-01,6918,Butter Dal Makhani With Roti Combo,8.276177
2026-01,6919,Butter Dal Makhani (full),8.276177
2026-01,6920,Butter Dal Makhani (Full),8.276177
2026-01,6921,Butter Dal Lapeta Khichdi (Half),8.276177
2026-01,6922,Butter Dal Fry With Roti Combo,8.276177
2026-01,6923,Butter Dal Fry (full),8.276177
2026-01,6924,Butter Dal Fry (Full),8.276177
2026-01,6925,Butter Dal,8.276177
2026-01,6926,Butter Chicken with Rice Combo,8.276177
2026-01,6927,Butter Chicken with Plain Roti Combo,8.276177
2026-01,6928,Butter Chicken with Paratha Combo,8.276177
2026-01,6929,Butter Cheese Pav Bhaji,8.276177
2026-01,6930,Butter Chapati n Veg Kurma Combo,8.276177
2026-01,6931,Boiled Eggs (2pc),8.276177
2026-01,6932,Bread Toast with Omelette,8.276177
2026-01,6933,Bread Toast,8.276177
2026-01,6934,Bread Slice with Jam,8.276177
2026-01,6935,Bread Omelette Combo,8.276177
2026-01,6936,Bread Omelette (4pc),8.276177
2026-01,6937,Bread Jam,8.276177
2026-01,6938,Bread Dahi Vada,8.276177
2026-01,6939,Bread Butter with Jam,8.276177
2026-01,6940,Bread Butter With Jam,8.276177
2026-01,6941,Bread Butter Toast Sandwich,8.276177
2026-01,6942,Bread Butter (jain),8.276177
2026-01,6943,Brajwasi Spl Khichdi,8.276177
2026-01,6944,Bournvita Flavoured Milk,8.276177
2026-01,6945,Boost Kulukki,8.276177
2026-01,6946,Boondi Raita(500ml),8.276177
2026-01,6947,Boondi Raita (250gm),8.276177
2026-01,6948,Boondi Raita (100ml),8.276177
2026-01,6949,Boondi Pudina Raita,8.276177
2026-01,6950,Boondi Ladoo,8.276177
2026-01,6951,Boneless Chicken Strips,8.276177
2026-01,6952,Boneless Chicken Gravy with Roti (2pc) Combo,8.276177
2026-01,6953,Boneless Chicken Biryani Single,8.276177
2026-01,6954,Boneless Chicken Biryani Full,8.276177
2026-01,6955,Bonda,8.276177
2026-01,6956,Bombay Masala Sandwich,8.276177
2026-01,6957,Bombay Cilantro Sandwich,8.276177
2026-01,6958,Bombay Bhel,8.276177
2026-01,6959,Boiled egg,8.276177
2026-01,6960,Bread Toast With Omelette,8.276177
2026-01,6961,Bread With Omelette,8.276177
2026-01,6962,Butter Chaach,8.276177
2026-01,6963,Bread with Butter with Jam,8.276177
2026-01,6964,Butter Bread,8.276177
2026-01,6965,Butter Bhakharwadi,8.276177
2026-01,6966,Butter Bajra Rotla,8.276177
2026-01,6967,Butter Arhar Fried Dal,8.276177
2026-01,6968,Butter Aloo Pyaz Paratha,8.276177
2026-01,6969,Burn To Hell Spicy Combo,8.276177
2026-01,6970,Burn To Hell Pizza (Giant Slice),8.276177
2026-01,6971,Bun Parotta Combo,8.276177
2026-01,6972,Bun Maska With Chai Combo,8.276177
2026-01,6973,Bulk Combo Seasonal Veg n Roti,8.276177
2026-01,6974,Buff Seekh Kabab,8.276177
2026-01,6975,Buff Pasanda,8.276177
2026-01,6976,Buff Galauti Kabab,8.276177
2026-01,6977,Budget Thali (6 Plates),8.276177
2026-01,6978,Bucket Biryani 65,8.276177
2026-01,6979,Brownie with Ice Cream,8.276177
2026-01,6980,Brownie With Nuts Filled,8.276177
2026-01,6981,Brownie With Ice Cream,8.276177
2026-01,6982,Brownie Waffle,8.276177
2026-01,6983,Brownie Shake (thick),8.276177
2026-01,6984,Brownie Shake (Thick),8.276177
2026-01,6985,Brownie,8.276177
2026-01,6986,Browine Blast (280ml),8.276177
2026-01,6987,Browine,8.276177
2026-01,6988,British Butterscotch Shake,8.276177
2026-01,6989,Breakfast Combo (jain),8.276177
2026-01,6990,Bread with Omelette,8.276177
2026-01,6991,Anjeer Mastani (Full),8.276177
2026-01,6992,Andhra Veg Pulao,8.276177
2026-01,6993,Butter Khichdi N Ratia Combo,8.276177
2026-01,6994,Aloo Chaap Tikki,8.276177
2026-01,6995,Aloo Dum Kashmiri (Full),8.276177
2026-01,6996,Aloo Dum Combo,8.276177
2026-01,6997,Aloo Dum Banarasi,8.276177
2026-01,6998,Aloo Dry,8.276177
2026-01,6999,Aloo Do Pyaza (Half),8.276177
2026-01,7000,Aloo Do Pyaza,8.276177
2026-01,7001,Aloo Curry n Phulka Combo,8.276177
2026-01,7002,Aloo Curry N Paratha Combo,8.276177
2026-01,7003,Aloo Chole n Tandoori Roti Combo,8.276177
2026-01,7004,Aloo Chole (Half),8.276177
2026-01,7005,Aloo Chokha,8.276177
2026-01,7006,Aloo Chhole N Laccha Paratha Combo,8.276177
2026-01,7007,Aloo Chana Chat,8.276177
2026-01,7008,Aloo Butter Paratha Thali,8.276177
2026-01,7009,Andhra Spl Meals,8.276177
2026-01,7010,Aloo Bonda,8.276177
2026-01,7011,Aloo Bhurji (Half),8.276177
2026-01,7012,Aloo Bhurji,8.276177
2026-01,7013,Aloo Bharta,8.276177
2026-01,7014,Aloo Bhaji with Poori Combo,8.276177
2026-01,7015,Aloo Bhaji N Poori Combo,8.276177
2026-01,7016,Aloo Bhaji,8.276177
2026-01,7017,Aloo Banda,8.276177
2026-01,7018,Aloo Baingan ( Maharashtra Special),8.276177
2026-01,7019,Aloo 65,8.276177
2026-01,7020,Aloe Vera Detox,8.276177
2026-01,7021,All in One Mix Paratha n Curd Combo,8.276177
2026-01,7022,All In One Mix Paratha N Curd Combo,8.276177
2026-01,7023,Aloo Dum n Paratha Combo,8.276177
2026-01,7024,Aloo Fry Paratha,8.276177
2026-01,7025,Aloo Garlic Butter Paratha,8.276177
2026-01,7026,Aloo Garlic Paratha,8.276177
2026-01,7027,Aloo Masala N Chapati Combo,8.276177
2026-01,7028,Aloo Masala Gravy,8.276177
2026-01,7029,Aloo Masala Dosa n Sambhar Combo,8.276177
2026-01,7030,Aloo Masala Curry N Parotta Combo,8.276177
2026-01,7031,Aloo Masala Curry,8.276177
2026-01,7032,Aloo Masala (Full),8.276177
2026-01,7033,Aloo Kulche,8.276177
2026-01,7034,Aloo Kulcha n Chole Combo,8.276177
2026-01,7035,Aloo Kulcha With Chole Combo,8.276177
2026-01,7036,Aloo Karela Bhujia (Half),8.276177
2026-01,7037,Aloo Jeera n Roti Combo,8.276177
2026-01,7038,Aloo Jeera In Ghee,8.276177
2026-01,7039,Aloo Jeera (Full),8.276177
2026-01,7040,Aloo Gobhi Tamatar Fry,8.276177
2026-01,7041,Aloo Gobhi Paratha n Curd Combo,8.276177
2026-01,7042,Aloo Gobhi Paratha N Curd Combo,8.276177
2026-01,7043,Aloo Gobhi Matar (full),8.276177
2026-01,7044,Aloo Gobhi Matar (Half),8.276177
2026-01,7045,Aloo Gobhi Matar (Full),8.276177
2026-01,7046,Aloo Gobhi Masala (Half),8.276177
2026-01,7047,Aloo Gobhi Masala (Full),8.276177
2026-01,7048,Aloo Gobhi Dry (full),8.276177
2026-01,7049,Aloo Gobhi (serves For 2 Person),8.276177
2026-01,7050,Aloo Gobhi (half),8.276177
2026-01,7051,Aloo Gobhi (full),8.276177
2026-01,7052,Aloo Gobhi (Serves For 2 Person),8.276177
2026-01,7053,Aloo Gobhi (Full),8.276177
2026-01,7054,All In One Festive Non Veg Box,8.276177
2026-01,7055,Alfredo White Sauce,8.276177
2026-01,7056,Alfredo Pasta,8.276177
2026-01,7057,Abhinandan Jain Thali,8.276177
2026-01,7058,Aatmanirbhar Thali (10 Plates),8.276177
2026-01,7059,Aasife Spl Mojito,8.276177
2026-01,7060,Aashiyana Spl Pulao,8.276177
2026-01,7061,Aamras n Poori Combo,8.276177
2026-01,7062,Aam Panna,8.276177
2026-01,7063,Aadi Spl Snacks Bhaji,8.276177
2026-01,7064,Aadi Spl Snacks (Spicy Bhaji),8.276177
2026-01,7065,A.P Chicken Curry n Roti Combo,8.276177
2026-01,7066,A M Spl Biryani (Veg),8.276177
2026-01,7067,70mm Dosa,8.276177
2026-01,7068,65 Biryani Non Veg Combo,8.276177
2026-01,7069,4 Regular Veg or non veg Pizza at 649,8.276177
2026-01,7070,4 Masala Paneer Tikka Wrap + 2 Large Wedges,8.276177
2026-01,7071,4 Chipotle Chicken Burger Wrap + 2 Large Wedges,8.276177
2026-01,7072,3 Veg or Non-Veg Pizza,8.276177
2026-01,7073,3 Non Veg Pizza,8.276177
2026-01,7074,3 Medium Veg Pizza,8.276177
2026-01,7075,2 Signature Non-Veg Wraps at 215 each,8.276177
2026-01,7076,2 Medium Veg Pizza,8.276177
2026-01,7077,2 Classic Non-Veg Rolls at 155 each,8.276177
2026-01,7078,2 Chicken Bhuna Wrap with Fries & Coke Meal,8.276177
2026-01,7079,2 Burger Wrap at 105 each,8.276177
2026-01,7080,1 Veg & 1 Non-Veg Meal Starting at Rs 349,8.276177
2026-01,7081, Veg Village Thali,8.276177
2026-01,7082, Veg Spl Thali,8.276177
2026-01,7083, Chicken Curry (Boneless) n Rice Combo,8.276177
2026-01,7084, Butter Masala Dosa (Medium),8.276177
2026-01,7085,Abhinandan Amritsari Kulcha Thali,8.276177
2026-01,7086,Achaar Poori Thali,8.276177
2026-01,7087,Alfredo Chicken Garlic Pasta,8.276177
2026-01,7088,Achari Aloo,8.276177
2026-01,7089,Alfaham Chicken (qtr),8.276177
2026-01,7090,Al Faham Chicken (Qtr),8.276177
2026-01,7091,Ajwain Namak Paratha n Curd Combo,8.276177
2026-01,7092,Ahuna Handi Mutton Thali,8.276177
2026-01,7093,Ahuna Handi Mutton (150g),8.276177
2026-01,7094,Ahuna Handi Chicken Thali with Rice,8.276177
2026-01,7095,Ahuna Handi Chicken Thali With Rice,8.276177
2026-01,7096,Ahuna Handi Chicken Thali,8.276177
2026-01,7097,Agra Special,8.276177
2026-01,7098,Aftaabi Paneer Tikka Masala,8.276177
2026-01,7099,Aftaabi Mushroom Masala,8.276177
2026-01,7100,Aftaabi Murgh Tikka Masala,8.276177
2026-01,7101,Afreen Basmati Rice (300 gm),8.276177
2026-01,7102,Afghani Roll,8.276177
2026-01,7103,Afghani Paneer Tikka (half),8.276177
2026-01,7104,Afghani Malai Chaap,8.276177
2026-01,7105,Afghani Chicken (Full),8.276177
2026-01,7106,Afghani Chaap (half),8.276177
2026-01,7107,Afghani Chaap,8.276177
2026-01,7108,Addons with Ice Cream,8.276177
2026-01,7109,Achari Paneer Tikka Sub Sandwich,8.276177
2026-01,7110,Achari Paneer Tikka,8.276177
2026-01,7111,Achari Paneer,8.276177
2026-01,7112,Achari Chaap Roll,8.276177
2026-01,7113,Achari Chaap (Half),8.276177
2026-01,7114,Achari Chaap (Hafl),8.276177
2026-01,7115,Achari Chaap,8.276177
2026-01,7116,Aloo Masala Sandwich,8.276177
2026-01,7117,Aloo Masala Sandwich (Double Cheese),8.276177
2026-01,7118,Aloo Masala Sandwich (Single Cheese),8.276177
2026-01,7119,Aloo n Paneer Paratha n Curd Combo,8.276177
2026-01,7120,Aloo Vada Pav,8.276177
2026-01,7121,Aloo Tikki Sandwich,8.276177
2026-01,7122,Aloo Tikki Grilled Burger,8.276177
2026-01,7123,Aloo Tikki Double Cheese Burger,8.276177
2026-01,7124,Aloo Tikki Cheese Burger,8.276177
2026-01,7125,Aloo Tikki (pack Of 3),8.276177
2026-01,7126,Aloo Tikki,8.276177
2026-01,7127,Aloo Tamatar n Poori Combo,8.276177
2026-01,7128,Aloo Tamatar Sabji,8.276177
2026-01,7129,Aloo Tamatar N Poori Combo,8.276177
2026-01,7130,Aloo Tamatar Gravy (Full),8.276177
2026-01,7131,Aloo Tamatar Curry,8.276177
2026-01,7132,Aloo Tamatar (serves For 2 Person),8.276177
2026-01,7133,Aloo Tamatar (Serves For 2 Person),8.276177
2026-01,7134,Aloo Tamatar (Full),8.276177
2026-01,7135,Aloo Stuffed Paratha with Chole Combo,8.276177
2026-01,7136,Aloo Sandwich,8.276177
2026-01,7137,Aloo Sabji n Roti Combo,8.276177
2026-01,7138,Aloo Roti,8.276177
2026-01,7139,Aloo Pyaz Paratha n Raita Combo,8.276177
2026-01,7140,Aloo Pyaz Paratha Combo,8.276177
2026-01,7141,Aloo Pyaz N Bajra Roti Combo,8.276177
2026-01,7142,Aloo Pyaz,8.276177
2026-01,7143,Aloo Poori Sabji Combo,8.276177
2026-01,7144,Aloo Poori,8.276177
2026-01,7145,Aloo Payaz Paratha n Curd Combo,8.276177
2026-01,7146,Aloo Patty Burger,8.276177
2026-01,7147,Aloo Wang,8.276177
2026-01,7148,Ambala Spl Thali,8.276177
2026-01,7149,Aloo Pattice and Imli Chutney,8.276177
2026-01,7150,American Corn Cheese Pizza,8.276177
2026-01,7151,Andhra Spl Biryani (boneless),8.276177
2026-01,7152,Andhra Poori n Veg Gravy Combo,8.276177
2026-01,7153,Andhra Kodi Vepudu Chicken,8.276177
2026-01,7154,Andhra Chicken n Plain Rice Combo,8.276177
2026-01,7155,Andhra Chicken Masala,8.276177
2026-01,7156,Andhra Chicken Curry,8.276177
2026-01,7157,Andhra Chicken,8.276177
2026-01,7158,Andhra Bhojanam (2 Person),8.276177
2026-01,7159,Anda Rice (Full),8.276177
2026-01,7160,Anar Juice,8.276177
2026-01,7161,Amul Cool Milk,8.276177
2026-01,7162,Amul Butter Chicken (Boneless),8.276177
2026-01,7163,Amritsari Paneer Tikka Lasagne,8.276177
2026-01,7164,Amritsari Paneer Tikka,8.276177
2026-01,7165,Amritsari Paneer Kulcha n Chole Combo,8.276177
2026-01,7166,Amritsari Paneer,8.276177
2026-01,7167,Amritsari Chole n Rice Combo,8.276177
2026-01,7168,Amritsari Chole n Kulcha Combo,8.276177
2026-01,7169,Amritsari Chole n Chawal Combo,8.276177
2026-01,7170,Amritsari Chole n Bread Combo,8.276177
2026-01,7171,Amritsari Chole N Rice Combo,8.276177
2026-01,7172,Amritsari Chole Masala,8.276177
2026-01,7173,Amritsari Chole Kulche,8.276177
2026-01,7174,Amritsari Chole (Half),8.276177
2026-01,7175,Amritsari Chole,8.276177
2026-01,7176,American Oreo Shake,8.276177
2026-01,7177,American Corn Salt N Pepper,8.276177
2026-01,7178,Aloo Patties,8.276177
2026-01,7179,Aloo Pattice (2 pcs) & Sabudana Wada (2 pcs),8.276177
2026-01,7180,Aloo Masala Sandwich (double Cheese),8.276177
2026-01,7181,Aloo Onion Paratha Combo,8.276177
2026-01,7182,Aloo Onion Garlic Paratha,8.276177
2026-01,7183,Aloo Naan Thali,8.276177
2026-01,7184,Aloo Naan,8.276177
2026-01,7185,Aloo N Paneer Paratha N Curd Combo,8.276177
2026-01,7186,Aloo Methi (Half),8.276177
2026-01,7187,Aloo Matar with Gravy,8.276177
2026-01,7188,Aloo Matar n Roti Combo,8.276177
2026-01,7189,Aloo Matar n Paratha Combo,8.276177
2026-01,7190,Aloo Matar n Chapati Combo,8.276177
2026-01,7191,Aloo Matar n Butter Tawa Roti Combo,8.276177
2026-01,7192,Aloo Matar n Butter Roti Combo,8.276177
2026-01,7193,Aloo Matar Tamatar Fry,8.276177
2026-01,7194,Aloo Matar Tamatar,8.276177
2026-01,7195,Aloo Matar Semi Gravy,8.276177
2026-01,7196,Aloo Matar Sandwich,8.276177
2026-01,7197,Aloo Matar Rice Fry,8.276177
2026-01,7198,Aloo Matar N Rice Combo,8.276177
2026-01,7199,Aloo Matar N Butter Tawa Roti Combo,8.276177
2026-01,7200,Aloo Matar Meal,8.276177
2026-01,7201,Aloo Matar Grill Sandwich,8.276177
2026-01,7202,Aloo Matar Gravy (Half),8.276177
2026-01,7203,Aloo Matar Gravy (Full),8.276177
2026-01,7204,Aloo Matar Garvy,8.276177
2026-01,7205,Aloo Matar (Gravy),8.276177
2026-01,7206,Aloo Matar (Dry),8.276177
2026-01,7207,Aloo Masala with Cheese,8.276177
2026-01,7208,Aloo Masala Sandwich (single Cheese),8.276177
2026-01,7209,Aloo Onion Paneer Paratha,8.276177
2026-01,7210,Aloo Onion Paratha N Curd Combo,8.276177
2026-01,7211,Aloo Parotta n Veg Kurma Combo,8.276177
2026-01,7212,Aloo Onion Paratha n Curd Combo,8.276177
2026-01,7213,Aloo Paratha with Pindi Chole & Curd Lunchbox,8.276177
2026-01,7214,Aloo Paratha with Double Omelette Combo,8.276177
2026-01,7215,Aloo Paratha with Curd n Pickle Combo,8.276177
2026-01,7216,Aloo Paratha with Butter,8.276177
2026-01,7217,Aloo Paratha n Raita/Curd Combo,8.276177
2026-01,7218,Aloo Paratha n Pickle Combo,8.276177
2026-01,7219,Aloo Paratha n Dal Makhani Combo,8.276177
2026-01,7220,Aloo Paratha n Curd with Pickle Combo,8.276177
2026-01,7221,Aloo Paratha n Chole with Curd Meal Box,8.276177
2026-01,7222,Aloo Paratha n Chole with Curd Combo,8.276177
2026-01,7223,Aloo Paratha With Butter,8.276177
2026-01,7224,Aloo Paratha N Sabji Combo,8.276177
2026-01,7225,Aloo Paratha N Curd With Pickle Combo,8.276177
2026-01,7226,Aloo Paratha N Chole With Curd Meal Box,8.276177
2026-01,7227,Aloo Paratha N Chole Combo,8.276177
2026-01,7228,Aloo Paratha N Aloo Tamatar Combo,8.276177
2026-01,7229,Aloo Paratha Grand,8.276177
2026-01,7230,Aloo Paratha Curd Meal (2 pcs),8.276177
2026-01,7231,Aloo Paratha Basic,8.276177
2026-01,7232,Aloo Paratha 1pc,8.276177
2026-01,7233,Aloo Paratha (Half),8.276177
2026-01,7234,Aloo Paratha (Full),8.276177
2026-01,7235,Aloo Paratha (2) With Curd Combo,8.276177
2026-01,7236,Aloo Paneer Paratha,8.276177
2026-01,7237,Aloo Palak ki Sabzi,8.276177
2026-01,7238,Aloo Palak (Half),8.276177
2026-01,7239,Aloo Pakoda,8.276177
2026-01,7240,Butter Khichdi (half),8.276177
2026-01,7241,Butter Lachcha Paratha,8.276177
2026-01,7242,Chicken Fried Rice N Manchurian Combo,8.276177
2026-01,7243,Chicken Biryani N Raita Combo (half) (5 Plates),8.276177
2026-01,7244,Chicken Biryani n Gravy Combo,8.276177
2026-01,7245,Chicken Biryani n Egg Biryani Combo,8.276177
2026-01,7246,Chicken Biryani n Curry/Raita Combo (5 Plates),8.276177
2026-01,7247,Chicken Biryani n Chicken Manchurian Combo,8.276177
2026-01,7248,Chicken Biryani n Chicken Manchurian (Leg Piece) Combo,8.276177
2026-01,7249,Chicken Biryani n Chicken Lollipop Combo,8.276177
2026-01,7250,Chicken Biryani n Chicken Boneless Curry with Raita Combo,8.276177
2026-01,7251,Chicken Biryani n Chicken 65 Combo,8.276177
2026-01,7252,Chicken Biryani n Butter Chicken with Butter Naan Combo,8.276177
2026-01,7253,Chicken Biryani With Gravy Combo (5 Plates),8.276177
2026-01,7254,Chicken Biryani With Gravy Combo,8.276177
2026-01,7255,Chicken Biryani With Curry Combo,8.276177
2026-01,7256,Chicken Biryani N Raita/curry Combo,8.276177
2026-01,7257,Chicken Biryani N Raita Combo (5 Plates),8.276177
2026-01,7258,Chettinad Chicken,8.276177
2026-01,7259,Chicken Biryani N Egg Combo (2 Person),8.276177
2026-01,7260,Chicken Biryani N Curry/raita Combo,8.276177
2026-01,7261,Chicken Biryani N Curd Combo,8.276177
2026-01,7262,Chicken Biryani Fry Piece Single (5 Plates),8.276177
2026-01,7263,Chicken Biryani Boneless,8.276177
2026-01,7264,Chicken Biryani 65 n Chilli 65 Combo,8.276177
2026-01,7265,Chicken Biryani 65 N Chilli 65 Combo,8.276177
2026-01,7266,Chicken Biryani (small),8.276177
2026-01,7267,Chicken Biryani (single),8.276177
2026-01,7268,Chicken Biryani (serve For 1),8.276177
2026-01,7269,Chicken Biryani (half) N Raita Combo,8.276177
2026-01,7270,Chicken Biryani (full) N Raita Combo,8.276177
2026-01,7271,Chicken Biryani (full) (5 Plates),8.276177
2026-01,7272,Chicken Biryani n Hot Wings,8.276177
2026-01,7273,Chicken Biryani n Onion Raita Combo,8.276177
2026-01,7274,Chicken Biryani n Pulao Combo,8.276177
2026-01,7275,Chicken Biryani n Raita Combo (5 Plates),8.276177
2026-01,7276,Chicken Butter Masala n Jeera Rice Combo,8.276177
2026-01,7277,Chicken Butter Masala N Roti Combo,8.276177
2026-01,7278,Chicken Butter Masala N Butter Roti Combo,8.276177
2026-01,7279,Chicken Butter Masala (full),8.276177
2026-01,7280,Chicken Butter Masala (Half),8.276177
2026-01,7281,Chicken Butter Masala (Full),8.276177
2026-01,7282,Chicken Butter Masala (4pc),8.276177
2026-01,7283,Chicken Butter Masala (2pc),8.276177
2026-01,7284,Chicken Burnt Garlic Rice,8.276177
2026-01,7285,Chicken Burger n French Fries Combo,8.276177
2026-01,7286,Chicken Bucket Biryani (4 To 5 Persons),8.276177
2026-01,7287,Chicken Breast,8.276177
2026-01,7288,Chicken Bread Omelette n Mango Milk Shake Combo,8.276177
2026-01,7289,Chicken Bread Omelette,8.276177
2026-01,7290,Chicken Boneless n Rice Combo (Half),8.276177
2026-01,7291,Chicken Boneless Mandi (single),8.276177
2026-01,7292,Chicken Boneless Curry n White Rice Combo,8.276177
2026-01,7293,Chicken Boneless Biryani n Raita Combo,8.276177
2026-01,7294,Chicken Bone Soup,8.276177
2026-01,7295,Chicken Bone Curry,8.276177
2026-01,7296,Chicken Biryani with Raita Combo (5 Plates),8.276177
2026-01,7297,Chicken Biryani with Gravy Combo,8.276177
2026-01,7298,Chicken Biryani with Gravy (Half),8.276177
2026-01,7299,Chicken Biryani n Raita with Sweet Combo,8.276177
2026-01,7300,Chicken Biryani n Raita Conmbo,8.276177
2026-01,7301,Chicken Biryani n Raita Como,8.276177
2026-01,7302,Chicken Biryani n Raita Combo (Serves 2),8.276177
2026-01,7303,Chicken Biryani (boneless),8.276177
2026-01,7304,Chicken Biryani (Small),8.276177
2026-01,7305,Chicken Biryani (Serves 4 Person),8.276177
2026-01,7306,Chicken Andhra Curry,8.276177
2026-01,7307,Chicken Afghani Tikka,8.276177
2026-01,7308,Chicken Afghani Barra (Qtr),8.276177
2026-01,7309,Chicken Afghani Barra (Half),8.276177
2026-01,7310,Chicken Afghani Barra (Full),8.276177
2026-01,7311,Chicken Afghani,8.276177
2026-01,7312,Chicken 65 with Bone,8.276177
2026-01,7313,Chicken 65 Single Biryani,8.276177
2026-01,7314,Chicken 65 Shawarma,8.276177
2026-01,7315,Chicken 65 Mandi (Single),8.276177
2026-01,7316,Chicken 65 Half,8.276177
2026-01,7317,Chicken 65 Dry (Half),8.276177
2026-01,7318,Chicken 65 Dry (Full),8.276177
2026-01,7319,Chicken 65 Dry,8.276177
2026-01,7320,Chicken 65 Boneless,8.276177
2026-01,7321,Chicken 65 Biryani Combo,8.276177
2026-01,7322,Chicken 65 Biryani (Serves For 1 Person ),8.276177
2026-01,7323,Chicken 65 Biryani (1 Person),8.276177
2026-01,7324,Chicken 65 (Serves 2),8.276177
2026-01,7325,Chicken 65 (Full),8.276177
2026-01,7326,Chicken 65 (Boneless),8.276177
2026-01,7327,Chicken 65 (Bone),8.276177
2026-01,7328,Chicken (half),8.276177
2026-01,7329,Chicken (full),8.276177
2026-01,7330,Chicken (Half),8.276177
2026-01,7331,Chicago Veg Delight Pizza,8.276177
2026-01,7332,Chettinad Chicken Rice,8.276177
2026-01,7333,Chettinad Chicken Masala,8.276177
2026-01,7334,Chicken Al Fahm Mandi (Single),8.276177
2026-01,7335,Chicken Angara,8.276177
2026-01,7336,Chicken Biryani (Serves 1),8.276177
2026-01,7337,Chicken Angara Thali,8.276177
2026-01,7338,Chicken Biryani (Quarter),8.276177
2026-01,7339,Chicken Biryani (Plates 5),8.276177
2026-01,7340,Chicken Biryani (Medium),8.276177
2026-01,7341,Chicken Biryani (Half Extra Piece),8.276177
2026-01,7342,Chicken Biryani (Full) with Gravy,8.276177
2026-01,7343,Chicken Biryani (Full) n Raita Combo,8.276177
2026-01,7344,Chicken Biryani (Full) (5 Plates),8.276177
2026-01,7345,Chicken Biryani (6 Plates),8.276177
2026-01,7346,Chicken Biryani (2pc),8.276177
2026-01,7347,Chicken Biryani (2 Person),8.276177
2026-01,7348,Chicken Biryani (1kg) n Raita Combo,8.276177
2026-01,7349,Chicken Biryani (1kg),8.276177
2026-01,7350,Chicken Biryani (1000ml),8.276177
2026-01,7351,Chicken Bhuna Wrap,8.276177
2026-01,7352,Chicken Bhuna Rice Feast (Regular),8.276177
2026-01,7353,Chicken Bhuna Masala (Chef Spc),8.276177
2026-01,7354,Chicken Bhuna Masala,8.276177
2026-01,7355,Chicken Bhuna (half),8.276177
2026-01,7356,Chicken Bharta n Roti Combo,8.276177
2026-01,7357,Chicken Bharta Sherded Boneless,8.276177
2026-01,7358,Chicken Bbq Mandi (single),8.276177
2026-01,7359,Chicken Barra,8.276177
2026-01,7360,Chicken Banjara Kabab,8.276177
2026-01,7361,Chicken BBQ Pizza (Small),8.276177
2026-01,7362,Chicken Awadhi,8.276177
2026-01,7363,Chicken Arrabiata Penine Pasta,8.276177
2026-01,7364,Chicken Angara with Roti Combo,8.276177
2026-01,7365,Chicken Butter Masala n Rice Combo,8.276177
2026-01,7366,Chicken Butter Masala n Steam Rice Combo,8.276177
2026-01,7367,Chicken Butter Masala with Roti Combo,8.276177
2026-01,7368,Chicken Dum Biryani (Single),8.276177
2026-01,7369,Chicken Dum Biryani (Serves For 2 Person ),8.276177
2026-01,7370,Chicken Dum Biryani (Serves For 1 Person ),8.276177
2026-01,7371,Chicken Dum Biryani (Half) (5 Plates),8.276177
2026-01,7372,Chicken Dum Biryani (Family Pack),8.276177
2026-01,7373,Chicken Dum Biryani (5 Plates),8.276177
2026-01,7374,Chicken Dum Biryani (3 Person),8.276177
2026-01,7375,Chicken Dum Biryan (Half),8.276177
2026-01,7376,Chicken Dum Biryan (Full),8.276177
2026-01,7377,Chicken Drumsticks,8.276177
2026-01,7378,Chicken Double Egg Cheese Roll,8.276177
2026-01,7379,Chicken Dosa,8.276177
2026-01,7380,Chicken Do Pyaza (4pc),8.276177
2026-01,7381,Chicken Do Payza,8.276177
2026-01,7382,Chicken Delight Pizza (regular),8.276177
2026-01,7383,Chicken Delight Pizza (Regular),8.276177
2026-01,7384,Chicken Delight Pizza (Large),8.276177
2026-01,7385,Chicken Dehati (Half),8.276177
2026-01,7386,Chicken Dal khichdi,8.276177
2026-01,7387,Chicken Cutlet,8.276177
2026-01,7388,Chicken Curry with Rice Combo,8.276177
2026-01,7389,Chicken Curry with Fried Rice Combo,8.276177
2026-01,7390,Chicken Curry n White Rice Combo,8.276177
2026-01,7391,Chicken Curry n Steam Rice Combo,8.276177
2026-01,7392,Chicken Curry n Rice with Roti Combo,8.276177
2026-01,7393,Chicken Curry n Poori Combo,8.276177
2026-01,7394,Chicken Curry n Paratha Combo,8.276177
2026-01,7395,Chicken Curry n Butter Roti Combo,8.276177
2026-01,7396,Chicken Dum Biryani (Sharing) n Raita Combo,8.276177
2026-01,7397,Chicken Dum Biryani (half) (5 Plates),8.276177
2026-01,7398,Chicken Curry With Rice Combo,8.276177
2026-01,7399,Chicken Dum Biryani (sharing) N Raita Combo,8.276177
2026-01,7400,Chicken Fried Rice N Chilli Chicken,8.276177
2026-01,7401,Chicken Fried Rice N Chicken Roll Combo,8.276177
2026-01,7402,Chicken Fried Rice Combo,8.276177
2026-01,7403,Chicken Fried Rice (4pc),8.276177
2026-01,7404,Chicken Fried Masala Momos,8.276177
2026-01,7405,Chicken Fried Biryani,8.276177
2026-01,7406,Chicken Executive Thali,8.276177
2026-01,7407,Chicken Egg Fried Rice,8.276177
2026-01,7408,Chicken Egg Burger,8.276177
2026-01,7409,Chicken Egg Biryani n Raita Combo (5 Plates),8.276177
2026-01,7410,Chicken Egg Biryani N Raita Combo,8.276177
2026-01,7411,Chicken Dum Stick Mandi (Single),8.276177
2026-01,7412,Chicken Dum Kabab N Garlic Naan Combo,8.276177
2026-01,7413,Chicken Dum Boneless Biryani Minis @ Rs 199 Each (2 Nos) (without Raita),8.276177
2026-01,7414,Chicken Dum Boneless Biryani Minis @ Rs 199 Each (2 Nos) (with Raita),8.276177
2026-01,7415,Chicken Dum Biryani with Boiled Egg Combo,8.276177
2026-01,7416,Chicken Dum Biryani n Raita with Gravy Combo,8.276177
2026-01,7417,Chicken Dum Biryani n Raita with Garvy Combo,8.276177
2026-01,7418,Chicken Dum Biryani n Raita Combo (5 Plates),8.276177
2026-01,7419,Chicken Dum Biryani n Chicken Wings Combo,8.276177
2026-01,7420,Chicken Dum Biryani With Egg Combo (5 Plates),8.276177
2026-01,7421,Chicken Dum Biryani With Egg Combo,8.276177
2026-01,7422,Chicken Dum Biryani Single (5 Plates),8.276177
2026-01,7423,Chicken Dum Biryani Minis (Leg Pcs) @ Rs 229 Each (2 Nos) (with Raita),8.276177
2026-01,7424,Chicken Dum Biryani Mini,8.276177
2026-01,7425,Chicken Dum Biryani Handi (600 Gms (3 Leg Pcs),8.276177
2026-01,7426,Chicken Dum Biryani Family Pack,8.276177
2026-01,7427,Chicken Curry and Roti Combo,8.276177
2026-01,7428,Chicken Curry Rice Combo,8.276177
2026-01,7429,Chicken Cashew Biryani,8.276177
2026-01,7430,Chicken Clear Soup,8.276177
2026-01,7431,Chicken Classic Burger N Crispy Fires With Drink Combo,8.276177
2026-01,7432,Chicken Classic Burger,8.276177
2026-01,7433,Chicken Chowmein n Chilli Chicken Combo,8.276177
2026-01,7434,Chicken Chowmein (Qtr),8.276177
2026-01,7435,Chicken Chowmein (Half),8.276177
2026-01,7436,Chicken Chowmein (Full),8.276177
2026-01,7437,Chicken Chopsuey Noodles,8.276177
2026-01,7438,Chicken Chopper Fried Rice,8.276177
2026-01,7439,Chicken Chilli n Fried Rice Combo,8.276177
2026-01,7440,Chicken Chettined,8.276177
2026-01,7441,Chicken Cheesy Fries,8.276177
2026-01,7442,Chicken Cheese Steamed Momos,8.276177
2026-01,7443,Chicken Cheese Steam Momos,8.276177
2026-01,7444,Chicken Cheese Shawarma,8.276177
2026-01,7445,Chicken Cheese Momos,8.276177
2026-01,7446,Chicken Cheese Maggi,8.276177
2026-01,7447,Chicken Cheese Kabab Roll,8.276177
2026-01,7448,Chicken Cheese Burst Pizza (Small),8.276177
2026-01,7449,Chicken Cheese Burger n Chocolate Combo,8.276177
2026-01,7450,Chicken Cheese Burger N Crispy Fries With Drink Combo,8.276177
2026-01,7451,Chicken Cheese Burger N Chocolate Combo,8.276177
2026-01,7452,Chicken Chatpata,8.276177
2026-01,7453,Chicken Chapata (Half),8.276177
2026-01,7454,Chicken Changezi (qtr),8.276177
2026-01,7455,Chicken Changezi (Half),8.276177
2026-01,7456,Chicken Changezi,8.276177
2026-01,7457,Chicken Chaap,8.276177
2026-01,7458,Chicken Classic Burger n Crispy Fires with Drink Combo,8.276177
2026-01,7459,Chicken Combo,8.276177
2026-01,7460,Chicken Curry N White Rice Combo,8.276177
2026-01,7461,Chicken Coriander Soup,8.276177
2026-01,7462,Chicken Curry N Phulka Combo,8.276177
2026-01,7463,Chicken Curry N Jeera Rice Combo,8.276177
2026-01,7464,Chicken Curry N Chapati Combo,8.276177
2026-01,7465,Chicken Curry Masala,8.276177
2026-01,7466,Chicken Curry Jeera Rice Combo,8.276177
2026-01,7467,Chicken Curry Dosa,8.276177
2026-01,7468,Chicken Curry Bone,8.276177
2026-01,7469,Chicken Curry Biryani,8.276177
2026-01,7470,Chicken Curry And Roti Combo,8.276177
2026-01,7471,Chicken Curry (qtr),8.276177
2026-01,7472,Chicken Curry (half),8.276177
2026-01,7473,Chicken Curry (full),8.276177
2026-01,7474,Chicken Curry (boneless) N Rice Combo,8.276177
2026-01,7475,Chicken Curry (Boneless) n Rice Combo,8.276177
2026-01,7476,Chicken Curry (Boneless),8.276177
2026-01,7477,Chicken Curry (Bone) n Phulka Combo,8.276177
2026-01,7478,Chicken Curry (4pc),8.276177
2026-01,7479,Chicken Crunchy Burger,8.276177
2026-01,7480,Chicken Crispy Noodles,8.276177
2026-01,7481,Chicken Crispy Lollipop,8.276177
2026-01,7482,Chicken Crispy Dry (Full),8.276177
2026-01,7483,Chicken Crispy Burger,8.276177
2026-01,7484,Chicken Cripsy,8.276177
2026-01,7485,Chicken Creamy Tomato Spicy Pasta Pizza (Medium),8.276177
2026-01,7486,Chicken Creamy Cheese White Pasta,8.276177
2026-01,7487,Chicken Corn Pizza (Small),8.276177
2026-01,7488,Chicken Corma n Rumali Roti Combo,8.276177
2026-01,7489,Chettinad Chicken Gravy,8.276177
2026-01,7490,Chesse Omelette (Egg),8.276177
2026-01,7491,Butter Masala Chaap,8.276177
2026-01,7492,Cake (250g),8.276177
2026-01,7493,Cashew Fried Rice,8.276177
2026-01,7494,Carrot Uttapam,8.276177
2026-01,7495,Carrot Juice,8.276177
2026-01,7496,Carmel Shake (thick),8.276177
2026-01,7497,Caribbean Chocolate Shake,8.276177
2026-01,7498,Caremal Nuts Icecream,8.276177
2026-01,7499,Capsicum Pizza Pizza (Regular),8.276177
2026-01,7500,Capsicum Onion Pizza,8.276177
2026-01,7501,Capsicum Cheese Pizza (small),8.276177
2026-01,7502,Capsicum Cheese Pizza (large),8.276177
2026-01,7503,Capsicum Cheese Pizza,8.276177
2026-01,7504,Capscium Uttapam,8.276177
2026-01,7505,Cappuccino Coffee,8.276177
2026-01,7506,Cafe Spl Tawa Chaap (Full),8.276177
2026-01,7507,Chena Toast,8.276177
2026-01,7508,Caesar Salad,8.276177
2026-01,7509,Buy 2 Pookie (mini) Bowls at 219,8.276177
2026-01,7510,Buy 2 Bowls at 299,8.276177
2026-01,7511,Buttter Paneer Masala (Half),8.276177
2026-01,7512,Buttor Scotch Milk Shake,8.276177
2026-01,7513,Butterscotch Pastry,8.276177
2026-01,7514,Butterscotch Milkshake,8.276177
2026-01,7515,Butterscotch Milk Shake,8.276177
2026-01,7516,Butterscotch Ice Cream,8.276177
2026-01,7517,Buttermilk,8.276177
2026-01,7518,Butter Yellow Dal Fry,8.276177
2026-01,7519,Butter Uttapam,8.276177
2026-01,7520,Butter Tondoori Roti,8.276177
2026-01,7521,Cashew Lassi,8.276177
2026-01,7522,Cashew Nut Biryani,8.276177
2026-01,7523,Cashew Paneer,8.276177
2026-01,7524,Cashew Paneer Biryani,8.276177
2026-01,7525,Chana Masala n Poori Combo,8.276177
2026-01,7526,Chana Masala n Jeera Rice Combo,8.276177
2026-01,7527,Chana Masala n Butter Tawa Roti Combo,8.276177
2026-01,7528,Chana Masala n Butter Roti/Plain Paratha Combo,8.276177
2026-01,7529,Chana Masala n Butter Chapati Combo,8.276177
2026-01,7530,Chana Masala Sabji,8.276177
2026-01,7531,Chana Masala Roti Combo,8.276177
2026-01,7532,Chana Masala N Rice Combo,8.276177
2026-01,7533,Chana Masala N Paratha/chapati Combo,8.276177
2026-01,7534,Chana Masala N Butter Roti Combo,8.276177
2026-01,7535,Chana Masala Gravy,8.276177
2026-01,7536,Chana Masala (full),8.276177
2026-01,7537,Chana Masala (Dry),8.276177
2026-01,7538,Chana Kachori,8.276177
2026-01,7539,Chana Fry,8.276177
2026-01,7540,Chana Dal Tadka,8.276177
2026-01,7541,Chambal Veg Thali,8.276177
2026-01,7542,Chaat Masala Fries,8.276177
2026-01,7543,Chaap Tikka Biryani N Raita Combo,8.276177
2026-01,7544,Chaap Malai Tikka,8.276177
2026-01,7545,Chaap Lababdar (half),8.276177
2026-01,7546,Chaap Butter Masala (half),8.276177
2026-01,7547,Ceylon Egg Parotta,8.276177
2026-01,7548,Ceylon Chicken Parotta,8.276177
2026-01,7549,Cashewnut Chicken,8.276177
2026-01,7550,Cashew Tomato Curry,8.276177
2026-01,7551,Cashew Paneer Fried Rice,8.276177
2026-01,7552,Butter Tikiya,8.276177
2026-01,7553,Butter Tawa Roti n Sev Tamatar Combo,8.276177
2026-01,7554,Butter Tandoor Roti,8.276177
2026-01,7555,Butter Paneer Masala n Tawa Roti Combo,8.276177
2026-01,7556,Butter Paneer Masala n Rice Combo,8.276177
2026-01,7557,Butter Paneer Masala n Lachcha Paratha Combo,8.276177
2026-01,7558,Butter Paneer Masala n Butter Paratha Combo,8.276177
2026-01,7559,Butter Paneer Masala n Butter Naan Combo,8.276177
2026-01,7560,Butter Paneer Masala With Veg Pulao Combo,8.276177
2026-01,7561,Butter Paneer Masala With Butter Naan Combo,8.276177
2026-01,7562,Butter Paneer Masala N Tawa Roti Combo,8.276177
2026-01,7563,Butter Paneer Masala N Roti Combo,8.276177
2026-01,7564,Butter Paneer Masala N Butter Paratha Combo,8.276177
2026-01,7565,Butter Paneer Masala (half),8.276177
2026-01,7566,Butter Paneer Dosa,8.276177
2026-01,7567,Butter Paneer (half),8.276177
2026-01,7568,Butter Paneer (Half),8.276177
2026-01,7569,Butter Onion Uttapam,8.276177
2026-01,7570,Butter Onion Fried Rice,8.276177
2026-01,7571,Butter Omelette,8.276177
2026-01,7572,Butter Nan,8.276177
2026-01,7573,Butter Naan n Shahi Paneer Combo,8.276177
2026-01,7574,Butter Naan Thali,8.276177
2026-01,7575,Butter Mysore Masala Dosa,8.276177
2026-01,7576,Butter Mix Paratha,8.276177
2026-01,7577,Butter Milk Masala,8.276177
2026-01,7578,Butter Milk (200ml),8.276177
2026-01,7579,Butter Methi Roti,8.276177
2026-01,7580,Butter Masala Omelette,8.276177
2026-01,7581,Butter Masala Kulcha,8.276177
2026-01,7582,Butter Masala Idli Sambhar,8.276177
2026-01,7583,Butter Paneer Masala n Rice with Roti Combo,8.276177
2026-01,7584,Butter Paneer Masala with Butter Naan Combo,8.276177
2026-01,7585,Butter Tadka,8.276177
2026-01,7586,Butter Paneer Masala with Kulcha Combo,8.276177
2026-01,7587,Butter Sweet Corn,8.276177
2026-01,7588,Butter Scotch Milk Shake,8.276177
2026-01,7589,Butter Scotch Lassi,8.276177
2026-01,7590,Butter Scotch Cake (Egg Less),8.276177
2026-01,7591,Butter Roti with Paneer Butter Masala Combo,8.276177
2026-01,7592,Butter Roti n Seasonal Veg Combo,8.276177
2026-01,7593,Butter Roti n Dal Fry Combo,8.276177
2026-01,7594,Butter Roti n Butter Chicken Combo,8.276177
2026-01,7595,Butter Roti With Paneer Butter Masala Combo,8.276177
2026-01,7596,Butter Roti Combo,8.276177
2026-01,7597,Butter Podi Set Dosa,8.276177
2026-01,7598,Butter Plain Dosa,8.276177
2026-01,7599,Butter Phulkha,8.276177
2026-01,7600,Butter Paratha n Curd Combo,8.276177
2026-01,7601,Butter Paratha (tandoor Lachcha),8.276177
2026-01,7602,Butter Paneer with Rice Combo,8.276177
2026-01,7603,Butter Paneer n Tawa Roti Combo,8.276177
2026-01,7604,Butter Paneer n Roti Combo,8.276177
2026-01,7605,Butter Paneer n Rice Combo,8.276177
2026-01,7606,Butter Paneer n Naan Combo,8.276177
2026-01,7607,Butter Paneer n Lachcha Paratha Combo,8.276177
2026-01,7608,Butter Paneer Roll,8.276177
2026-01,7609,Butter Paneer Pulao,8.276177
2026-01,7610,Butter Paneer N Naan Combo,8.276177
2026-01,7611,Butter Paneer N Butter Roti Combo,8.276177
2026-01,7612,Butter Paneer Masala with Veg Pulao Combo,8.276177
2026-01,7613,Butter Paneer Masala with Tawa Roti Combo,8.276177
2026-01,7614,Chana Masala n Rice Combo,8.276177
2026-01,7615,Chana Masala n Roti Combo- 5,8.276177
2026-01,7616,Chana Matar,8.276177
2026-01,7617,Cheese Plain Dosa,8.276177
2026-01,7618,Cheese Pav Bhaji (jain),8.276177
2026-01,7619,Cheese Patties (Puff),8.276177
2026-01,7620,Cheese Pasta In White Sauce,8.276177
2026-01,7621,Cheese Pasta,8.276177
2026-01,7622,Cheese Paratha n Curd Combo,8.276177
2026-01,7623,Cheese Paratha Combo,8.276177
2026-01,7624,Cheese Paneer Pizza,8.276177
2026-01,7625,Cheese Paneer Paratha with Curd Combo,8.276177
2026-01,7626,Cheese Paneer Paratha,8.276177
2026-01,7627,Cheese Paneer Masala,8.276177
2026-01,7628,Cheese Paneer Burger,8.276177
2026-01,7629,Cheese Pakoda,8.276177
2026-01,7630,Cheese Onion Pizza,8.276177
2026-01,7631,Cheese Onion Capsicum Pizza,8.276177
2026-01,7632,Cheese Nachos,8.276177
2026-01,7633,Cheese Naan N Gravy Combo,8.276177
2026-01,7634,Cheese Melt Paneer Wrap,8.276177
2026-01,7635,Cheese Melt Double Egg Wrap at 99,8.276177
2026-01,7636,Cheese Melt Double Egg Roll,8.276177
2026-01,7637,Cheese Mayo Frankie,8.276177
2026-01,7638,Cheese Masala Pav,8.276177
2026-01,7639,Cheese Masala Patties (puff),8.276177
2026-01,7640,Cheese Masala Patties (Puff),8.276177
2026-01,7641,Cheese Masala Corn n Veg Grilled Sandwich with Shrikhand Combo,8.276177
2026-01,7642,Cheese Maggi,8.276177
2026-01,7643,Cheese Lovers Pizza (Regular),8.276177
2026-01,7644,Cheese Loaded Peri Peri Fries,8.276177
2026-01,7645,Cheese Peri Peri Fries,8.276177
2026-01,7646,Cheese Pulao,8.276177
2026-01,7647,Cheese Jalapeno Bread Omelette,8.276177
2026-01,7648,Cheese Pulao n Raita Combo,8.276177
2026-01,7649,Chefs Spl Veg Chinese Sizzler,8.276177
2026-01,7650,Chef Spl Non Veg Biryani Combo,8.276177
2026-01,7651,Chef Spl King Of Chicken Chasse Burger,8.276177
2026-01,7652,Cheezy-7 Pizza (regular),8.276177
2026-01,7653,Cheezy-7 Pizza (Regular),8.276177
2026-01,7654,Cheezo Garlic Bread,8.276177
2026-01,7655,Cheesynator Melt Paneer Wrap,8.276177
2026-01,7656,Cheesy Vegetable Biryani,8.276177
2026-01,7657,Cheesy Pav Bhaji,8.276177
2026-01,7658,Cheesy Paneer Veg Biryani,8.276177
2026-01,7659,Cheesy Paneer Pulao,8.276177
2026-01,7660,Cheesy Jalapeno Chicken Strips Salad Burger Wrap,8.276177
2026-01,7661,Cheesy Garlic Bread + Lemon Soda,8.276177
2026-01,7662,Cheesy Garlic Bread + Choco Lava Cake,8.276177
2026-01,7663,Cheesy Egg Chicken Sausage Wrap,8.276177
2026-01,7664,Cheesy Corn Salsa Wrap,8.276177
2026-01,7665,Cheesy Corn Salsa Wholewheat Wrap,8.276177
2026-01,7666,Cheese n Con Pizza (Small),8.276177
2026-01,7667,Cheese Veg Burger,8.276177
2026-01,7668,Cheese Uttapam,8.276177
2026-01,7669,Cheese Tomato Sandwich,8.276177
2026-01,7670,Cheese Tomato Omelette,8.276177
2026-01,7671,Cheese Tomato,8.276177
2026-01,7672,Cheese Tawa Pulao,8.276177
2026-01,7673,Cheese Tandoor Paneer Sandwich,8.276177
2026-01,7674,Cheese Soya Chaap,8.276177
2026-01,7675,Cheese Shots,8.276177
2026-01,7676,Cheese Kofta,8.276177
2026-01,7677,Cheese Grilled Sandwich,8.276177
2026-01,7678,Chana N Rice Combo,8.276177
2026-01,7679,Cheese Burst Pizza,8.276177
2026-01,7680,Cheese Bombay Sandwich,8.276177
2026-01,7681,Cheese Bhel (jain),8.276177
2026-01,7682,Cheese Baked Pizza Wrap (Veg),8.276177
2026-01,7683,Cheese Aloo Paratha n Curd Combo,8.276177
2026-01,7684,Chees Masala Maggi,8.276177
2026-01,7685,Chatpati Roll,8.276177
2026-01,7686,Chatpati Chaap,8.276177
2026-01,7687,Chatpata Roll With Double Egg,8.276177
2026-01,7688,Chatpata Paneer Burger,8.276177
2026-01,7689,Chatpata Baingan Masala,8.276177
2026-01,7690,Chatpata Aloo Wrap + Wedges + Lemon Soda,8.276177
2026-01,7691,Chatpata Aloo Dum,8.276177
2026-01,7692,Chaska Punjabi Spl Thali,8.276177
2026-01,7693,Chapati with Paneer Gravy Combo 3,8.276177
2026-01,7694,Chapati with Mushroom Gravy Combo 4,8.276177
2026-01,7695,Chapati with Chicken Gravy Combo 1,8.276177
2026-01,7696,Chapati n Seasonal Curry Combo,8.276177
2026-01,7697,Chapati With Sabji Combo,8.276177
2026-01,7698,Chapati Curry,8.276177
2026-01,7699,Chapati Combo,8.276177
2026-01,7700,Chapati (2pc)  Combo,8.276177
2026-01,7701,Chapathi with Gravy Combo 2,8.276177
2026-01,7702,Chapathi with Gravy Combo 1,8.276177
2026-01,7703,Chapathi With Gravy Combo 1,8.276177
2026-01,7704,Chana n Roti Combo,8.276177
2026-01,7705,Chana Tamatar,8.276177
2026-01,7706,Chana Roast,8.276177
2026-01,7707,Cheese Brust Pizza,8.276177
2026-01,7708,Cheese Butter Masala n Butter Chapati Combo,8.276177
2026-01,7709,Cheese Grilled Club Sandwitch,8.276177
2026-01,7710,Cheese Butter Masala n Butter Rumali Roti Combo,8.276177
2026-01,7711,Cheese Garlic Toast,8.276177
2026-01,7712,Cheese Garlic Shots,8.276177
2026-01,7713,Cheese French Fries,8.276177
2026-01,7714,Cheese Exotica Rice Bowl,8.276177
2026-01,7715,Cheese Dip (20gm),8.276177
2026-01,7716,Cheese Dahi Poori (jain),8.276177
2026-01,7717,Cheese Dahi Poori (Jain),8.276177
2026-01,7718,Cheese Dabeli,8.276177
2026-01,7719,Cheese Crispy Chicken Roll,8.276177
2026-01,7720,Cheese Corn White Sauce Pasta,8.276177
2026-01,7721,Cheese Corn Veg Steam Momos,8.276177
2026-01,7722,Cheese Corn Veg Fry Momos,8.276177
2026-01,7723,Cheese Corn Pizza (Medium),8.276177
2026-01,7724,Cheese Corn Pizza (Large),8.276177
2026-01,7725,Cheese Corn Nuggets,8.276177
2026-01,7726,Cheese Corn Maggi,8.276177
2026-01,7727,Cheese Corn Grilled Sandwich,8.276177
2026-01,7728,Cheese Corn Garlic Bread,8.276177
2026-01,7729,Cheese Corn Fried Momos,8.276177
2026-01,7730,Cheese Corn Bite,8.276177
2026-01,7731,Cheese Corn Balls,8.276177
2026-01,7732,Cheese Corn Ball,8.276177
2026-01,7733,Cheese Chutney Grilled Sandwich,8.276177
2026-01,7734,Cheese Chocolate Sandwich,8.276177
2026-01,7735,Cheese Chilli Toast Sandwich,8.276177
2026-01,7736,Cheese ChillI Sandwich,8.276177
2026-01,7737,Cheese Capsicum Pizza,8.276177
2026-01,7738,Dry Fruit Mix Raita,8.276177
2026-01,7739,Dry Fruit Orange Lassi,8.276177
2026-01,7740,Dry Fruit Pineapple Lassi,8.276177
2026-01,7741,Mihidana,8.276177
2026-01,7742,Mini Mix Veg Paratha n Curd Combo,8.276177
2026-01,7743,Mini Egg Biryani,8.276177
2026-01,7744,Mini Chicken Lollipop,8.276177
2026-01,7745,Mini Chicken Fry Pice Biryani,8.276177
2026-01,7746,Mini Chicken Dum Biryani,8.276177
2026-01,7747,Mini Chicken 65,8.276177
2026-01,7748,Mini Bhindi Meal Box,8.276177
2026-01,7749,Mini Bengali Curry Meal Box,8.276177
2026-01,7750,Mini Aloo Paratha n Curd Combo,8.276177
2026-01,7751,Millet Pongal,8.276177
2026-01,7752,Milky Milk Belgian Waffle,8.276177
2026-01,7753,Milk Halwa,8.276177
2026-01,7754,Milk Chocolate Waffle,8.276177
2026-01,7755,Mi,8.276177
2026-01,7756,Matar Green Mooli Butter Paratha n Chole Combo,8.276177
2026-01,7757,Mexican Veg Pizza 7 Inches,8.276177
2026-01,7758,Mexican Veg Combo,8.276177
2026-01,7759,Mexican Vanilla Shake,8.276177
2026-01,7760,Mexican Spicy Red Sauce Pasta,8.276177
2026-01,7761,Mexican Fries,8.276177
2026-01,7762,Mexican Chicken Shawarma,8.276177
2026-01,7763,Mexican Chicken Pasta,8.276177
2026-01,7764,Mexican Burger,8.276177
2026-01,7765,Meva Bati,8.276177
2026-01,7766,Methi na Gota,8.276177
2026-01,7767,Methi Roti Comob,8.276177
2026-01,7768,Methi Roti,8.276177
2026-01,7769,Methi Paratha n Dahi Combo,8.276177
2026-01,7770,Mini Mutton Biryani,8.276177
2026-01,7771,Mini Plain Biryani (Non Veg),8.276177
2026-01,7772,Mini Plain Biryani (non Veg),8.276177
2026-01,7773,Mini Vada,8.276177
2026-01,7774,Mix Vad Sambhar,8.276177
2026-01,7775,Mix Uttapam with Sambhar n Chutney,8.276177
2026-01,7776,Mix Raita (Half),8.276177
2026-01,7777,Mix Pasta,8.276177
2026-01,7778, Butter Chicken n Roti Combo,8.276177
2026-01,7779,Mix Paratha Curd Combo,8.276177
2026-01,7780,Mix Paratha Combo,8.276177
2026-01,7781,Mix Pakoda (8pc),8.276177
2026-01,7782,Mix Pakoda (250g),8.276177
2026-01,7783,Mix Onion Paratha N Curd Combo,8.276177
2026-01,7784,Mix Non Veg Fried Rice,8.276177
2026-01,7785,Mix Kulcha with Chole,8.276177
2026-01,7786,Mix Kulcha With Chole,8.276177
2026-01,7787,Mix Fruits Raita,8.276177
2026-01,7788,Mix Fruit Shake,8.276177
2026-01,7789,Mix Fruit Raita,8.276177
2026-01,7790,Mix Fruit Juice Shake,8.276177
2026-01,7791,Mix Dal,8.276177
2026-01,7792,Mix Chicken Pizza,8.276177
2026-01,7793,Mix Berry Smoothie (280ml),8.276177
2026-01,7794,Missi Naan,8.276177
2026-01,7795,Mirchi Paratha,8.276177
2026-01,7796,Mirchi Ka Salan,8.276177
2026-01,7797,Mirchi Fry,8.276177
2026-01,7798,Mirchi Ajwain Paratha,8.276177
2026-01,7799,Mirch Pyaz Ki Roti,8.276177
2026-01,7800,Mint Mojito,8.276177
2026-01,7801,Methi Paratha N Curd Combo,8.276177
2026-01,7802,Methi Paratha (Thepla 5pc),8.276177
2026-01,7803,Methi Dal Fry,8.276177
2026-01,7804,Matar Paneer n Roti Como,8.276177
2026-01,7805,Matar Paneer n Rice Combo (Half),8.276177
2026-01,7806,Matar Paneer n Lachcha Paratha Combo,8.276177
2026-01,7807,Matar Paneer n Jeera Rice,8.276177
2026-01,7808,Matar Paneer n Chapati Combo,8.276177
2026-01,7809,Matar Paneer n Butter Chapati Combo,8.276177
2026-01,7810,Matar Paneer Rice Box,8.276177
2026-01,7811,Matar Paneer Pulao (Half),8.276177
2026-01,7812,Matar Paneer Pulao (Full),8.276177
2026-01,7813,Matar Paneer Pizza (Regular),8.276177
2026-01,7814,Matar Paneer N Rice Combo (half),8.276177
2026-01,7815,Matar Paneer N Rice Combo,8.276177
2026-01,7816,Matar Paneer N Lachcha Paratha Combo,8.276177
2026-01,7817,Matar Paneer N Butter Roti Combo,8.276177
2026-01,7818,Matar Paneer Meal,8.276177
2026-01,7819,Matar Paneer Combo,8.276177
2026-01,7820,Matar Paneer Chawal,8.276177
2026-01,7821,Matar Paneer (serves For 2 Person),8.276177
2026-01,7822,Matar Paneer (full),8.276177
2026-01,7823,Matar Paneer (Serves For 2 Person),8.276177
2026-01,7824,Matar Paneer (Jain),8.276177
2026-01,7825,Matar Paneeer,8.276177
2026-01,7826,Matar Palak (Half),8.276177
2026-01,7827,Matar Mushroom Masala,8.276177
2026-01,7828,Matar Mushroom Dry,8.276177
2026-01,7829,Matar Mushroom (full),8.276177
2026-01,7830,Matar Methi Malai,8.276177
2026-01,7831,Matar Mashroom,8.276177
2026-01,7832,Matar Paneer n Rice with Roti Combo,8.276177
2026-01,7833,Matar Paneer n Tandoori Roti Combo,8.276177
2026-01,7834,Methi Chaman Curry,8.276177
2026-01,7835,Matar Paratha,8.276177
2026-01,7836,Methi Chaman (full),8.276177
2026-01,7837,Methi Chaman (Full),8.276177
2026-01,7838,Mega Veg Thali,8.276177
2026-01,7839,Meetha Pulao,8.276177
2026-01,7840,Meetha Farali Chivda,8.276177
2026-01,7841,Medu Vada n Sambhar with Chutney Combo,8.276177
2026-01,7842,Medu Vada n Sambhar Combo,8.276177
2026-01,7843,Medu Vada Sambhar,8.276177
2026-01,7844,Medu Vada N Idli Combo,8.276177
2026-01,7845,Meatburst Mac N Cheese Pasta,8.276177
2026-01,7846,Meatballs Cheesy Omelette with Masala Bread,8.276177
2026-01,7847,Me Fried Tandoori Chicken Burger,8.276177
2026-01,7848,Mayo Dip,8.276177
2026-01,7849,Mayo Bread Omelette,8.276177
2026-01,7850,Mawa Kachori,8.276177
2026-01,7851,Matki Masala,8.276177
2026-01,7852,Matka Phirni,8.276177
2026-01,7853,Matar Sweet Corn Chaat,8.276177
2026-01,7854,Matar Rice (Full),8.276177
2026-01,7855,Matar Rice,8.276177
2026-01,7856,Matar Pulao n Raita Combo,8.276177
2026-01,7857,Matar Pulao n Papad Combo,8.276177
2026-01,7858,Matar Pulao n Curd Combo (Half),8.276177
2026-01,7859,Matar Pulao n Curd Combo (Full),8.276177
2026-01,7860,Matar Pulao N Raita Combo,8.276177
2026-01,7861,Matar Pulao N Curd Combo,8.276177
2026-01,7862,Matar Pulao Masala (Half),8.276177
2026-01,7863,Mix Veg (serves For 2 Person),8.276177
2026-01,7864,Mix Veg Cheese Pizza,8.276177
2026-01,7865,Mix Veg Curry (Full),8.276177
2026-01,7866,Murgh Seekh Kebab,8.276177
2026-01,7867,Murgh Koobideh (Chicken Tikki Kebab),8.276177
2026-01,7868,Murgh Haleem (Chicken Haleem),8.276177
2026-01,7869,Murgh Afghani Tikka (Creamy Chicken Tikka Dum Biryani - Serves 2).,8.276177
2026-01,7870,Muradabadi Chicken Dum Biryani (half),8.276177
2026-01,7871,Muradabadi Chicken Dum Biryani (Half),8.276177
2026-01,7872,Muradabadi Chicken Dum Biryani (Full),8.276177
2026-01,7873,Mughlai Masti Mac N Cheese Pasta (Newly Launched),8.276177
2026-01,7874,Mughlai Grilled Chicken Rice Bowl with Omelette,8.276177
2026-01,7875,Mughlai Gravy,8.276177
2026-01,7876,Mughlai Falafel Rice Bowl,8.276177
2026-01,7877,Mughlai Egg Curry with Chapati Lunchbox,8.276177
2026-01,7878,Mughlai Egg Curry Rice Bowl,8.276177
2026-01,7879,Mughlai Egg Curry Jumbo Lunchbox,8.276177
2026-01,7880,Mughlai Egg Curry (Half Kg),8.276177
2026-01,7881,Mughlai Chicken Biryani n Raita Combo,8.276177
2026-01,7882,Mughlai Chicken,8.276177
2026-01,7883,Mughlai Biryani,8.276177
2026-01,7884,Mudda Pappu Avakaya Rice with Chips,8.276177
2026-01,7885,Motichoor Ladoo,8.276177
2026-01,7886,Most Wanted Combo 4,8.276177
2026-01,7887,Moroccan Chicken Spicy Pasta Pizza (Small),8.276177
2026-01,7888,Moong Dal Papad,8.276177
2026-01,7889,Moong Dal Khichdi,8.276177
2026-01,7890,Moong Dal Halwa (80gm),8.276177
2026-01,7891,Moong Dal Halwa (300gm),8.276177
2026-01,7892,Mooli Raita,8.276177
2026-01,7893,Mooli Paratha Combo,8.276177
2026-01,7894,Murgh Malai Kebab (6 Pcs),8.276177
2026-01,7895,Murgh-e-Haleem & Bread combo,8.276177
2026-01,7896,Mojito,8.276177
2026-01,7897,Murmura Fry N Mirchi Bhaji Combo,8.276177
2026-01,7898,Mushroom Gravy n Rice Combo- 4,8.276177
2026-01,7899,Mushroom Gravy n Rice Combo,8.276177
2026-01,7900,Mushroom Gravy n Idli Combo- 4,8.276177
2026-01,7901,Mushroom Fry,8.276177
2026-01,7902,Mushroom Fried Rice N Raita Combo,8.276177
2026-01,7903,Mushroom Fried Rice (Full),8.276177
2026-01,7904,Mushroom Fried Noodles,8.276177
2026-01,7905,Mushroom Egg Fried Rice,8.276177
2026-01,7906,Mushroom Dry Salt N Pepper,8.276177
2026-01,7907,Mushroom Do Pyaza n Tawa Roti Combo,8.276177
2026-01,7908,Mushroom Do Pyaza N Tawa Roti Combo,8.276177
2026-01,7909,Mushroom Do Pyaza (Half),8.276177
2026-01,7910,Mushroom Do Payaza (Full),8.276177
2026-01,7911,Mushroom Delight Pizza (regular),8.276177
2026-01,7912,Mushroom Curry n Rice combo,8.276177
2026-01,7913,Mushroom Curry n PhulkaCombo,8.276177
2026-01,7914,Mushroom Curry n Jeera Rice with Roti Combo,8.276177
2026-01,7915,Mushroom Curry N Roti Combo,8.276177
2026-01,7916,Mushroom Capsicum Pizza,8.276177
2026-01,7917,Mushroom Butter Masala (half),8.276177
2026-01,7918,Mushroom Butter Masala (Full),8.276177
2026-01,7919,Mushroom Biryani n Onion Raita Combo,8.276177
2026-01,7920,Mushroom Biryani N Raita Combo,8.276177
2026-01,7921,Mushroom Biryani (single),8.276177
2026-01,7922,Mushroom Biryani (Single),8.276177
2026-01,7923,Mushroom Biryani (5 Plates),8.276177
2026-01,7924,Mushrom Masala (Half),8.276177
2026-01,7925,Mooli Masala Paratha n Chole Combo,8.276177
2026-01,7926,Mohanthal,8.276177
2026-01,7927,Mix Veg Curry (full),8.276177
2026-01,7928,Mix Veg Tadka Khichdi,8.276177
2026-01,7929,Mix Veg Salad,8.276177
2026-01,7930,Mix Veg Sabji n Butter Chapati Combo,8.276177
2026-01,7931,Mix Veg Roll,8.276177
2026-01,7932,Mix Veg Raita (250gm),8.276177
2026-01,7933,Mix Veg Pizza (Large),8.276177
2026-01,7934,Mix Veg Pizza,8.276177
2026-01,7935,Mix Veg Paratha with Curd Combo,8.276177
2026-01,7936,Mix Veg Paratha N Curd Combo,8.276177
2026-01,7937,Mix Veg Paratha Combo,8.276177
2026-01,7938,Mix Veg Paneer Paratha,8.276177
2026-01,7939,Mix Veg Paneer Biryani,8.276177
2026-01,7940,Mix Veg N Tawa Roti Combo,8.276177
2026-01,7941,Mix Veg N Roti Cobmo,8.276177
2026-01,7942,Mix Veg N Butter Roti Combo,8.276177
2026-01,7943,Mix Veg N Butter Roti (4) Combo,8.276177
2026-01,7944,Mix Veg Meal,8.276177
2026-01,7945,Mix Veg Kolhapuri,8.276177
2026-01,7946,Mix Veg Gravy,8.276177
2026-01,7947,Mix Veg Fried Noodles,8.276177
2026-01,7948,Mix Veg Fried Momos,8.276177
2026-01,7949,Mix Veg Curry n Paratha Combo,8.276177
2026-01,7950,Mix Veg Curry n Chapati Combo,8.276177
2026-01,7951,Mix Veg Curry N Roti Combo,8.276177
2026-01,7952,Mix Veg Curry N Pulka Combo,8.276177
2026-01,7953,Mix Veg Curry N Phulka Combo,8.276177
2026-01,7954,Mix Veg Curry N Paratha Combo,8.276177
2026-01,7955,Mix Veg Curry (half),8.276177
2026-01,7956,Mix Veg Sandwich,8.276177
2026-01,7957,Mix Veg Vada Pav,8.276177
2026-01,7958,Mocha Cold Coffee,8.276177
2026-01,7959,Mix Veg With Roti Combo,8.276177
2026-01,7960,Mixed Vegetable (Half),8.276177
2026-01,7961,Mixed Vegetable,8.276177
2026-01,7962,Mixed Veg n Phulka Combo,8.276177
2026-01,7963,Mixed Veg Roll,8.276177
2026-01,7964,Mixed Veg Paneer Fry (Half),8.276177
2026-01,7965,Mixed Veg N Roti Combo,8.276177
2026-01,7966,Mixed Veg Fry (half),8.276177
2026-01,7967,Mixed Veg Fry (Half),8.276177
2026-01,7968,Mixed Veg Curry n Roti Combo,8.276177
2026-01,7969,Mixed Veg Biryani,8.276177
2026-01,7970,Mixed Veg,8.276177
2026-01,7971,Mixed Raita,8.276177
2026-01,7972,Mixed Noodles,8.276177
2026-01,7973,Mixed Ice Cream Falooda,8.276177
2026-01,7974,Mixed Fried Rice,8.276177
2026-01,7975,Mix Vegetables,8.276177
2026-01,7976,Mix Vegetable n Roti Combo,8.276177
2026-01,7977,Mix Vegetable Sabji n Tawa Roti Combo,8.276177
2026-01,7978,Mix Vegetable (half),8.276177
2026-01,7979,Mix Vegetable (Full),8.276177
2026-01,7980,Mix Veg n Steam Rice Combo,8.276177
2026-01,7981,Mix Veg n Roti with Rice Combo,8.276177
2026-01,7982,Mix Veg n Roti  Combo,8.276177
2026-01,7983,Mix Veg n Plain Roti Combo,8.276177
2026-01,7984,Mix Veg n Phulka Combo,8.276177
2026-01,7985,Mix Veg n Paratha Combo,8.276177
2026-01,7986,Mix Veg n Jeera Rice Combo,8.276177
2026-01,7987,Matar Kulcha,8.276177
2026-01,7988,Matar Aloo Curry,8.276177
2026-01,7989,Mushroom Gravy n Roti Combo- 4,8.276177
2026-01,7990,Lassi (Salted),8.276177
2026-01,7991,Leg Pice Biryani n Raita Combo,8.276177
2026-01,7992,Leg Pice Biryani N Raita Combo,8.276177
2026-01,7993,Leches Jar Cake,8.276177
2026-01,7994,Lebanese Chicken Meatball Wholewheat Wrap,8.276177
2026-01,7995,Laziz Chicken Thali,8.276177
2026-01,7996,Lazeez Bhuna Murgh Biryani (Dum Chicken Biryani - Serves 2),8.276177
2026-01,7997,Lazeez Bhuna Murgh (Chicken Dum Biryani Boneless - Serves - 2).,8.276177
2026-01,7998,Latino Heat Corn Pizza (Medium),8.276177
2026-01,7999,Lassi with Ice Cream,8.276177
2026-01,8000,Lassi Salted,8.276177
2026-01,8001,Lassi (sweet),8.276177
2026-01,8002,Lassi (salted),8.276177
2026-01,8003,Lassi (Sweet),8.276177
2026-01,8004,Lasanya Bateta,8.276177
2026-01,8005,Matar Aloo (Half),8.276177
2026-01,8006,Lasan Palak,8.276177
2026-01,8007,Las Vegas Treat Pizza (Regular),8.276177
2026-01,8008,Large Family Portion Veg Meal Box(Good For 5-6 Person),8.276177
2026-01,8009,Large Family Portion Veg Meal Box (serves 4-5),8.276177
2026-01,8010,Large Family Portion Pure Jain Meal Box (serves 4-5),8.276177
2026-01,8011,Large Family Portion Pure Jain Meal Box (Serves 4-5),8.276177
2026-01,8012,Large Family Portion Pure Jain Meal Box (Good For 5-6 Person),8.276177
2026-01,8013,Larelappa Veg Mini Thali,8.276177
2026-01,8014,Lalitpur Thali,8.276177
2026-01,8015,Lahsun Sev,8.276177
2026-01,8016,Lahsun Ki Chutney,8.276177
2026-01,8017,Lahori Mushroom,8.276177
2026-01,8018,Lachha Paratha n Dal Combo,8.276177
2026-01,8019,Lehsuni Batata,8.276177
2026-01,8020,Lehsuni Palak,8.276177
2026-01,8021,Lehsuni Paratha,8.276177
2026-01,8022,Lemon Chicken (Half),8.276177
2026-01,8023,MCB Spl Non Veg Thali,8.276177
2026-01,8024,MCB Chicken Biryani n Raita Combo,8.276177
2026-01,8025,MB Veg Spl Thali,8.276177
2026-01,8026,Lunch/Dinner Combo 2,8.276177
2026-01,8027,Lucknowi Veg Dum Biryani,8.276177
2026-01,8028,Lucknowi Chicken Biryani Handi (boneless) (600 Gms (5 Pcs),8.276177
2026-01,8029,Lucknowi Chicken Biryani Handi (Boneless) (1 Kg (10 Pcs),8.276177
2026-01,8030,Luchi Poori n Veg Gravy Combo,8.276177
2026-01,8031,Los Pops Normal Chicken Burger,8.276177
2026-01,8032,Lollipop Single Biryani,8.276177
2026-01,8033,Loaded Paneer Burger,8.276177
2026-01,8034,Loaded Fries Baked,8.276177
2026-01,8035,Loaded Chicken Olive Pizza,8.276177
2026-01,8036,Loaded Chicken Burger,8.276177
2026-01,8037,Lime Mint Cooler Juice,8.276177
2026-01,8038,Lime Lite Spl Bengali Mutton Thali,8.276177
2026-01,8039,Lime Lite Spl Bengali Fish Thali,8.276177
2026-01,8040,Lime,8.276177
2026-01,8041,Lilo Chevdo,8.276177
2026-01,8042,Lemon Water,8.276177
2026-01,8043,Lemon Tea,8.276177
2026-01,8044,Lemon Soda,8.276177
2026-01,8045,Lemon Rice n Raita Combo,8.276177
2026-01,8046,Lemon Mojito,8.276177
2026-01,8047,Lemon Juice,8.276177
2026-01,8048,Lemon Ice Tea (250 mL),8.276177
2026-01,8049,Lemon Fried Rice,8.276177
2026-01,8050,Lachcha Paratha n Chole Combo,8.276177
2026-01,8051,Lachcha Paratha n Chilli Paneer Combo,8.276177
2026-01,8052,Lachcha Paratha n Chilli Chicken Combo,8.276177
2026-01,8053,Kitkat Shake,8.276177
2026-01,8054,Kit kat Waffle,8.276177
2026-01,8055,Kit Kat Shake (Thick),8.276177
2026-01,8056,Kit Kat Shake (Regular),8.276177
2026-01,8057,Kit Kat Shake (280ml),8.276177
2026-01,8058,Kit Kat Chocolate Waffle,8.276177
2026-01,8059,Kishore Spl Veg,8.276177
2026-01,8060,Kings Spl Chicken Curry,8.276177
2026-01,8061,Kings Chicken Thali,8.276177
2026-01,8062,Kingdom Kit Kat Shake,8.276177
2026-01,8063,Khushka,8.276177
2026-01,8064,Khoya Paneer,8.276177
2026-01,8065,Khoya Lai,8.276177
2026-01,8066,Khichdi Dal,8.276177
2026-01,8067,Khichdi (Half),8.276177
2026-01,8068,Khichdi (Full),8.276177
2026-01,8069,Kheermohan,8.276177
2026-01,8070,Kheera Salad,8.276177
2026-01,8071,Kheera Raita (Half),8.276177
2026-01,8072,Kheer (half),8.276177
2026-01,8073,Kheer (Half),8.276177
2026-01,8074,Khatta Meetha Mix,8.276177
2026-01,8075,Khatta Dhokla (kathiyawadi),8.276177
2026-01,8076,Khasta Paratha,8.276177
2026-01,8077,Khaman Dhokla With Sev (jain),8.276177
2026-01,8078,Khaman Dhokla With Sev,8.276177
2026-01,8079,Khaman Dhokla,8.276177
2026-01,8080,Khajoor Shake,8.276177
2026-01,8081,Kitkat Mariya Shake,8.276177
2026-01,8082,Kiwi Fruit Juice,8.276177
2026-01,8083,Lachcha Paneer Combo,8.276177
2026-01,8084,Kofta Curry,8.276177
2026-01,8085,Lachcha Onion,8.276177
2026-01,8086,Lachcha Naan,8.276177
2026-01,8087,Lacha Aloo Tikki,8.276177
2026-01,8088,Labbaik Spl Biryani Boneless,8.276177
2026-01,8089,Lababdar Paneer,8.276177
2026-01,8090,Lababdar Mushroom,8.276177
2026-01,8091,La Pino'Z Paneer Pizza (Regular),8.276177
2026-01,8092,Kutty Dosa n Podi Combo,8.276177
2026-01,8093,Kutty Dosa,8.276177
2026-01,8094,Kuska Rice n Kaju Paneer Masala Curry Combo,8.276177
2026-01,8095,Kushboo Idli Sambhar,8.276177
2026-01,8096,Kushboo Idli,8.276177
2026-01,8097,Kurma Parotta,8.276177
2026-01,8098,Kurkuri Bhindi,8.276177
2026-01,8099,Kunafa,8.276177
2026-01,8100,Kulhad Rabdi,8.276177
2026-01,8101,Kulhad Lassi,8.276177
2026-01,8102,Kulhad Curd,8.276177
2026-01,8103,Kulcha Tub (2 pcs),8.276177
2026-01,8104,Kulcha Paratha,8.276177
2026-01,8105,Kouth Parotta N Chilli Chicken Combo,8.276177
2026-01,8106,Kothmir Roti,8.276177
2026-01,8107,Korma Paneer Spl Pizza (medium),8.276177
2026-01,8108,Korma Paneer Spl Pizza (Regular),8.276177
2026-01,8109,Korma Paneer Spl Pizza (Giant Slice),8.276177
2026-01,8110,Kolhapuri Chicken n Rice with Roti Combo,8.276177
2026-01,8111,Kohinoor Spl Tawa Pulao,8.276177
2026-01,8112,ME Fried Chicken Burger,8.276177
2026-01,8113,ME Fried Chicken Burger n Chicken with Drink Combo,8.276177
2026-01,8114,Mac & Cheese Falafel Pasta Bowl,8.276177
2026-01,8115,Masala Khichdi (Half),8.276177
2026-01,8116,Masala Jain Dosa n Sambhar with Chutney Combo,8.276177
2026-01,8117,Masala Idli,8.276177
2026-01,8118,Masala Goli Fries,8.276177
2026-01,8119,Masala French Fries (Large),8.276177
2026-01,8120,Masala Dosa n Sheer Combo,8.276177
2026-01,8121,Masala Dosa n Poori Combo,8.276177
2026-01,8122,Masala Dosa n Onion Podi Uttapam Combo,8.276177
2026-01,8123,Masala Dosa n Idli with Vada Combo,8.276177
2026-01,8124,Masala Dosa N Vada Combo,8.276177
2026-01,8125,Masala Dosa N Sambhar With Chutney Combo,8.276177
2026-01,8126,Masala Dosa N Sambhar Combo,8.276177
2026-01,8127,Masala Dosa N Onion Podi Uttapam Combo,8.276177
2026-01,8128,Masala Dabeli,8.276177
2026-01,8129,Masala Coldrink,8.276177
2026-01,8130,Masala Cold Drink,8.276177
2026-01,8131,Masala Chinese Dosa,8.276177
2026-01,8132,Masala Chicken n Roti Combo,8.276177
2026-01,8133,Masala Chicken n Jeera Rice Combo,8.276177
2026-01,8134,Masala Chicken Tikka Wrap,8.276177
2026-01,8135,Masala Chicken Tikka Wholewheat Wrap,8.276177
2026-01,8136,Masala Chicken (Quater),8.276177
2026-01,8137,Masala Chicken (Qtr),8.276177
2026-01,8138,Masala Chicken (Half),8.276177
2026-01,8139,Masala Cheesy Omelette with Kulcha Bread,8.276177
2026-01,8140,Masala Cheese Pav Bhaji,8.276177
2026-01,8141,Masala Cheese Grilled Sandwich,8.276177
2026-01,8142,Masala Chaap Roll,8.276177
2026-01,8143,Masala Khaman,8.276177
2026-01,8144,Masala Khichdi (half),8.276177
2026-01,8145,Marwadi Dal Bati Churma,8.276177
2026-01,8146,Masala Khichdi N Kadhi Combo,8.276177
2026-01,8147,Maslala Rice Spicy Dhabha Style,8.276177
2026-01,8148,Mashroom Masala N Roti Combo,8.276177
2026-01,8149,Mashroom Curry,8.276177
2026-01,8150,Mashroom Biryani,8.276177
2026-01,8151,Masala Vada Pav,8.276177
2026-01,8152,Masala Upma,8.276177
2026-01,8153,Masala Tea,8.276177
2026-01,8154,Masala Soda,8.276177
2026-01,8155,Masala Sandwich,8.276177
2026-01,8156,Masala Roti,8.276177
2026-01,8157,Masala Rice n Raita Combo,8.276177
2026-01,8158,Masala Rawa Dosa,8.276177
2026-01,8159,Masala Raita,8.276177
2026-01,8160,Masala Podi Dosa n Sambhar Combo,8.276177
2026-01,8161,Masala Podi Dosa N Sambhar Combo,8.276177
2026-01,8162,Masala Pesarattu,8.276177
2026-01,8163,Masala Peanuts,8.276177
2026-01,8164,Masala Pasta,8.276177
2026-01,8165,Masala Papad Fry,8.276177
2026-01,8166,Masala Paneer Tikka Wrap (Veg),8.276177
2026-01,8167,Masala Paneer Tikka Wrap & Wedges Mini Meal,8.276177
2026-01,8168,Masala Paneer Tikka Wholewheat Wrap,8.276177
2026-01,8169,Masala Onion,8.276177
2026-01,8170,Masala Omelette (Egg),8.276177
2026-01,8171,Masala Mushroom Wholewheat Wrap,8.276177
2026-01,8172,Masala Mojito,8.276177
2026-01,8173,Masala Khichdi n Raita with Papad Combo,8.276177
2026-01,8174,Masala Chaach,8.276177
2026-01,8175,Marwadi Bati,8.276177
2026-01,8176,Mac Cheese Pasta,8.276177
2026-01,8177,Malai Paneer Tikka,8.276177
2026-01,8178,Malai Methi Chaap,8.276177
2026-01,8179,Malai Masala Chaap,8.276177
2026-01,8180,Malai Lassi,8.276177
2026-01,8181,Malai Kofta (full),8.276177
2026-01,8182,Malai Kofta (Sweet),8.276177
2026-01,8183,Malai Kofta (Sweet Gravy),8.276177
2026-01,8184,Malai Dryfruit Mastani,8.276177
2026-01,8185,Malai Dry Fruit Mastani,8.276177
2026-01,8186,Malai Chicken Kebab Wholewheat Wrap,8.276177
2026-01,8187,Malai Chicken Cheese Melt Wrap,8.276177
2026-01,8188,Malai Chaap (half),8.276177
2026-01,8189,Malai Chaap (Full),8.276177
2026-01,8190,Malai Chaap,8.276177
2026-01,8191,Malabar Parotta n Veg Kurma Combo,8.276177
2026-01,8192,Makki Ki Roti,8.276177
2026-01,8193,Makka Butter Roti,8.276177
2026-01,8194,Makhmali Paneer Biryani (paneer Hyderabadi Biryani Serves 2-3),8.276177
2026-01,8195,Makhani Do Pyaza Pizza (Regular),8.276177
2026-01,8196,Makhani Do Pyaza Pizza (Large),8.276177
2026-01,8197,Makhani Chicken Sandwich,8.276177
2026-01,8198,Maha Chicken Burger,8.276177
2026-01,8199,Maggie Masala Noodles,8.276177
2026-01,8200,Madrasi Tikha Mix,8.276177
2026-01,8201,Madras Chicken Box Thali,8.276177
2026-01,8202,Mackerel Fry,8.276177
2026-01,8203,Mac n Cheese Pasta,8.276177
2026-01,8204,Mac N Cheese Paneer Tikka Pasta,8.276177
2026-01,8205,Malai Methi Paneer,8.276177
2026-01,8206,Malai Pyaz,8.276177
2026-01,8207,Margrita Pizza 2.0,8.276177
2026-01,8208,Malai Tikka,8.276177
2026-01,8209,Margherita Pizza n French Fries Combo,8.276177
2026-01,8210,Margherita Pizza (regular ),8.276177
2026-01,8211,Margherita Pizza (only Cheese),8.276177
2026-01,8212,Margherita Pizza (medium),8.276177
2026-01,8213,Margherita Pizza (large),8.276177
2026-01,8214,Margherita Pizza (Regular 6),8.276177
2026-01,8215,Margherita Pizza (Only Cheese),8.276177
2026-01,8216,Margherita Pizza (Korean),8.276177
2026-01,8217,Margherita Pizza ( Regular),8.276177
2026-01,8218,Margherita Classico Pizza 9 Inches,8.276177
2026-01,8219,Margherita Classico Pizza 7 Inches,8.276177
2026-01,8220,Margherita Cheese Pizza (Medium),8.276177
2026-01,8221,Margherita Cheese Pizza,8.276177
2026-01,8222,Margherita (cheese & Corn Pizza ),8.276177
2026-01,8223,Margherita (Cheese n Corn Pizza),8.276177
2026-01,8224,Margherita (Cheese & Corn Pizza ),8.276177
2026-01,8225,Mardwai Churma,8.276177
2026-01,8226,Maple Waffles,8.276177
2026-01,8227,Mango Vanilla Shakes,8.276177
2026-01,8228,Mango Shake With Ice,8.276177
2026-01,8229,Mango Milk Shake,8.276177
2026-01,8230,Mango Mastani Shake,8.276177
2026-01,8231,Mango Ice Cream,8.276177
2026-01,8232,Mango Cursh,8.276177
2026-01,8233,Manchurian noodles,8.276177
2026-01,8234,Manchow Soup (Non Veg),8.276177
2026-01,8235,Malgova Mango Shake,8.276177
2026-01,8236,Mushroom Gravy n Roti Combo,8.276177
2026-01,8237,Mushroom Handi,8.276177
2026-01,8238,Kfc Non Veg Crispy Lollipop,8.276177
2026-01,8239,Onion n Capsisum Pizza,8.276177
2026-01,8240,Pain Curd,8.276177
2026-01,8241,Paani Poori (Jain),8.276177
2026-01,8242,Oreo Waffle,8.276177
2026-01,8243,Oreo Shake (thick),8.276177
2026-01,8244,Oreo Shake (Thick),8.276177
2026-01,8245,Oreo Shake (280ml),8.276177
2026-01,8246,Oreo Mlik Shake,8.276177
2026-01,8247,Oreo Milkshake,8.276177
2026-01,8248,Oreo Cookie Frappe,8.276177
2026-01,8249,Oreo Cold Coffee,8.276177
2026-01,8250,Orange Barfi,8.276177
2026-01,8251,Only Cheese Sandwich,8.276177
2026-01,8252,Onion n Tomato Uttappam,8.276177
2026-01,8253,Onion n Capsicum Pizza (Regular),8.276177
2026-01,8254,OB Chicken Amazing Burger,8.276177
2026-01,8255,Onion n Capsicum Pizza,8.276177
2026-01,8256,Onion Uttapam n Sambhar Combo,8.276177
2026-01,8257,Onion Uttapam n Ghee Plain Podi Dosa Combo,8.276177
2026-01,8258,Onion Upma,8.276177
2026-01,8259,Onion Tomato Pizza,8.276177
2026-01,8260,Onion Tomato Kaps Pizza,8.276177
2026-01,8261,Onion Tomato Capsicum Pizza,8.276177
2026-01,8262,Onion Rawa Sada Dosa,8.276177
2026-01,8263,Onion Ragi Dosa,8.276177
2026-01,8264,Onion Podi Uttapam N Onion Podi Roast,8.276177
2026-01,8265,Onion Podi Uttapam,8.276177
2026-01,8266,Onion Pizza Meal,8.276177
2026-01,8267,Onion Pesarratu,8.276177
2026-01,8268,Pain Curd (Half),8.276177
2026-01,8269,Pain Curd (half),8.276177
2026-01,8270,Palak Chicken & Chapati Lunchbox,8.276177
2026-01,8271,Palak Chicken Rice Lunchbox,8.276177
2026-01,8272,Paneer 65 (Half),8.276177
2026-01,8273,Paneer 65 (Full),8.276177
2026-01,8274,Paneer & onion Pizza Meal,8.276177
2026-01,8275,Paneeer Tikka Wrap,8.276177
2026-01,8276,Panchi Angoori Petha (1kg),8.276177
2026-01,8277,Pallipalayam Chicken Masala,8.276177
2026-01,8278,Pallipalayam Chicken Gravy,8.276177
2026-01,8279,Palak Tandoori Roti,8.276177
2026-01,8280,Palak Poori With Chole,8.276177
2026-01,8281,Palak Poori,8.276177
2026-01,8282,Palak Paratha Combo,8.276177
2026-01,8283,Palak Paneer n Rumali Roti Combo,8.276177
2026-01,8284,Palak Paneer n Paratha Combo,8.276177
2026-01,8285,Palak Paneer n Jeera Rice Combo,8.276177
2026-01,8286,Palak Paneer n Butter Roti Combo,8.276177
2026-01,8287,Palak Paneer Rice LunchBox,8.276177
2026-01,8288,Palak Paneer Rice Bowl,8.276177
2026-01,8289,Palak Paneer Ragda,8.276177
2026-01,8290,Palak Paneer N Butter Roti Combo,8.276177
2026-01,8291,Palak Paneer Curry,8.276177
2026-01,8292,Palak Paneer Combo,8.276177
2026-01,8293,Palak Paneer (half),8.276177
2026-01,8294,Palak Paneer (600g),8.276177
2026-01,8295,Palak Mushroom,8.276177
2026-01,8296,Palak Kofta,8.276177
2026-01,8297,Palak Dal Khichdi,8.276177
2026-01,8298,Palak Dal,8.276177
2026-01,8299,Onion Pesarattu Dosa,8.276177
2026-01,8300,Onion Pesara Dosa,8.276177
2026-01,8301,Onion Parathan Curd Combo,8.276177
2026-01,8302,Oil Karam Dosa,8.276177
2026-01,8303,Ob Veg Spanish Sandwich,8.276177
2026-01,8304,Ob Vaggie Corn Pizza (Small),8.276177
2026-01,8305,Ob Paneer Pepper Sandwich,8.276177
2026-01,8306,Ob Paneer Pepper Pizza (Small),8.276177
2026-01,8307,Ob Paneer Pepper Pizza (Large),8.276177
2026-01,8308,Ob Chicken Spicy Pasta,8.276177
2026-01,8309,Ob Chicken Spanish Sandwich,8.276177
2026-01,8310,Ob Chicken Pepper Pizza (Small),8.276177
2026-01,8311,Ob Chicken Cottage Sandwich,8.276177
2026-01,8312,Ob Chicken Corn Pizza (Small),8.276177
2026-01,8313,Ob Chicken Classic Pizza (Small),8.276177
2026-01,8314,Ob Chicken Classic Pizza (Large),8.276177
2026-01,8315,Ob Chicken Cheese Pasta,8.276177
2026-01,8316,Ob Chicken Burger,8.276177
2026-01,8317,Ob Cheese Mushroom Loaf (Small),8.276177
2026-01,8318,Ob Cheese Cottage Sandwich,8.276177
2026-01,8319,OB Veggie Spanish Sandwich,8.276177
2026-01,8320,OB Veg Rice Bowl,8.276177
2026-01,8321,OB Veg Cheese Pizza (Large),8.276177
2026-01,8322,OB Spicy Cheese Cottage Pasta,8.276177
2026-01,8323,OB Makhani Paneer Sandwich,8.276177
2026-01,8324,OB Crispy Chicken Burger,8.276177
2026-01,8325,OB Chicken Rice Bowl,8.276177
2026-01,8326,OB Chicken Peppery Sandwich,8.276177
2026-01,8327,OB Chicken Nuggets,8.276177
2026-01,8328,OB Chicken Jalepeno Burger,8.276177
2026-01,8329,OB Chicken Cottage Sandwich,8.276177
2026-01,8330,Oero Shake,8.276177
2026-01,8331,Oil Masala Dosa,8.276177
2026-01,8332,Onion Paratha n Raita Combo,8.276177
2026-01,8333,Oil Onion Dosa,8.276177
2026-01,8334,Onion Paratha n Plain Curd Combo,8.276177
2026-01,8335,Onion Paneer Masala n Parotta Combo,8.276177
2026-01,8336,Onion Paneer Masala n Chapati Combo,8.276177
2026-01,8337,Onion Pakoda (250g),8.276177
2026-01,8338,Onion Mushroom Masala n Chapati Combo,8.276177
2026-01,8339,Onion Mushroom Masala N Chapati Combo,8.276177
2026-01,8340,Onion Missi Roti,8.276177
2026-01,8341,Onion Minapa Dosa,8.276177
2026-01,8342,Onion Kalaki Double,8.276177
2026-01,8343,Onion Ka Paratha,8.276177
2026-01,8344,Onion Jeera Rice,8.276177
2026-01,8345,Onion Garlic Paratha,8.276177
2026-01,8346,Onion Garlic Jeera Rice,8.276177
2026-01,8347,Onion Cheese Pizza,8.276177
2026-01,8348,Onion Capsicum Crunch Pizza,8.276177
2026-01,8349,Onion Bhajia,8.276177
2026-01,8350,Onion & Capsicum Pizza,8.276177
2026-01,8351,Onion & Capsicum Medium Pizza,8.276177
2026-01,8352,Onian Salad,8.276177
2026-01,8353,Omelette With Bread Combo,8.276177
2026-01,8354,Omelette Pav,8.276177
2026-01,8355,Omelette Paratha,8.276177
2026-01,8356,Omelette Masala,8.276177
2026-01,8357,Omelette Curry,8.276177
2026-01,8358,Ok Veg Spl Thali,8.276177
2026-01,8359,Oil Plain Dosa,8.276177
2026-01,8360,Oil Paratha,8.276177
2026-01,8361,Paneer 65 (Serves 2),8.276177
2026-01,8362,Paneer 65 Dry,8.276177
2026-01,8363,Paneer Angara (Full),8.276177
2026-01,8364,Paneer Cheese Patties (Puff),8.276177
2026-01,8365,Paneer Cheese Grilled Sandwich,8.276177
2026-01,8366,Paneer Cheese Garlic Bread,8.276177
2026-01,8367,Paneer Cheese Corn Schezwan Pizza,8.276177
2026-01,8368,Paneer Cheese Corn Grilled Sandwich,8.276177
2026-01,8369,Paneer Chees Burger,8.276177
2026-01,8370,Paneer Chawal,8.276177
2026-01,8371,Paneer Chatpata Thali (8 Plates),8.276177
2026-01,8372,Paneer Chatpata Jainy Spicy (Without Onion Garlic Full),8.276177
2026-01,8373,Paneer Chatpata Gravy Sabji (full),8.276177
2026-01,8374,Paneer Chatpata Gravy Sabji (Full),8.276177
2026-01,8375,Paneer Chatpata (Full),8.276177
2026-01,8376,Paneer Chatpat Gravy Sabji (half),8.276177
2026-01,8377,Paneer Chatpat Gravy Sabji (Half),8.276177
2026-01,8378,Paneer Chaat,8.276177
2026-01,8379,Paneer Butter Masala with Rice Combo,8.276177
2026-01,8380,Paneer Butter Masala with Plain Roti Combo,8.276177
2026-01,8381,Paneer Butter Masala n White Rice Combo,8.276177
2026-01,8382,Paneer Butter Masala n Tawa Roti with Chaach Combo (Jain),8.276177
2026-01,8383,Paneer Butter Masala n Tawa Roti with Chaach Combo,8.276177
2026-01,8384,Paneer Butter Masala n Tandoori Roti Combo,8.276177
2026-01,8385,Paneer Butter Masala n Tandoori Butter Roti Combo,8.276177
2026-01,8386,Paneer Butter Masala n Steam Rice with Roti Combo,8.276177
2026-01,8387,Paneer Butter Masala n Rumali Roti Combo,8.276177
2026-01,8388,Paneer Butter Masala n Roti Comobo,8.276177
2026-01,8389,Paneer Butter Masala n Roti Box,8.276177
2026-01,8390,Paneer Butter Masala n Rice with Roti Combo,8.276177
2026-01,8391,Paneer Butter Masala n Rice with Paratha Combo,8.276177
2026-01,8392,Paneer Cheese Paratha,8.276177
2026-01,8393,Paneer Cheese Pizza (small),8.276177
2026-01,8394,Paneer Butter Masala n Pulka Combo,8.276177
2026-01,8395,Paneer Cheese Roll,8.276177
2026-01,8396,Paneer Fried Rice n Cold Drink Combo,8.276177
2026-01,8397,Paneer Fried Rice n Chicken 65 Combo,8.276177
2026-01,8398,Paneer Fried Rice N Paneer Manchurian Combo,8.276177
2026-01,8399,Paneer Friec Rice (Full),8.276177
2026-01,8400,Paneer Egg Rice,8.276177
2026-01,8401,Paneer Dosa ,8.276177
2026-01,8402,Paneer Do Pyaza n Tawa Roti Combo,8.276177
2026-01,8403,Paneer Do Pyaza (Full),8.276177
2026-01,8404,Paneer Do Payza,8.276177
2026-01,8405,Paneer Do Payaza,8.276177
2026-01,8406,Paneer Deluxe Cheese Corner Pizza (Medium),8.276177
2026-01,8407,Paneer Curry n Roti Basket,8.276177
2026-01,8408,Paneer Curry n Chapati Combo,8.276177
2026-01,8409,Paneer Curry N Roti Como,8.276177
2026-01,8410,Paneer Curry N Paratha Combo,8.276177
2026-01,8411,Paneer Curry (Serve 2 to 3 Person),8.276177
2026-01,8412,Paneer Crispy,8.276177
2026-01,8413,Paneer Corn Pizza,8.276177
2026-01,8414,Paneer Chur Chur Paratha Thali,8.276177
2026-01,8415,Paneer Chowmein (Half),8.276177
2026-01,8416,Paneer Chole Bhature,8.276177
2026-01,8417,Paneer Chole (Half),8.276177
2026-01,8418,Paneer Chilli N Veg Hakka Noodles Combo,8.276177
2026-01,8419,Paneer Chilli Kathi Roll,8.276177
2026-01,8420,Paneer Chilli Gravy,8.276177
2026-01,8421,Paneer Chilli Combo,8.276177
2026-01,8422,Paneer Cheese Uttapam,8.276177
2026-01,8423,Paneer Butter Masala n Rice Bowl,8.276177
2026-01,8424,Paneer Butter Masala n Plain Rice Combo,8.276177
2026-01,8425,Paneer Angara (Half),8.276177
2026-01,8426,Paneer Butte Masala n Roti Combo,8.276177
2026-01,8427,Paneer Biryani with Raita (750g),8.276177
2026-01,8428,Paneer Biryani n Paneer Butter Masala with Roti Combo,8.276177
2026-01,8429,Paneer Biryani With Raita Combo,8.276177
2026-01,8430,Paneer Biryani N Paneer Butter Masala With Roti Combo,8.276177
2026-01,8431,Paneer Biryani (single),8.276177
2026-01,8432,Paneer Biryani (half),8.276177
2026-01,8433,Paneer Biryani (Single),8.276177
2026-01,8434,Paneer Biryani (Serves 1),8.276177
2026-01,8435,Paneer Biryani (Serve For 1 Person),8.276177
2026-01,8436,Paneer Biryani (Full),8.276177
2026-01,8437,Paneer Biryani (8 Plates),8.276177
2026-01,8438,Paneer Biryani (6 Plates),8.276177
2026-01,8439,Paneer Biryani (5 Plates),8.276177
2026-01,8440,Paneer Bhurji n Rice Combo,8.276177
2026-01,8441,Paneer Bhurji n Paratha Combo,8.276177
2026-01,8442,Paneer Bhurji n Butter Roti Combo,8.276177
2026-01,8443,Paneer Bhurji Masala (Half),8.276177
2026-01,8444,Paneer Bhurji Gravy,8.276177
2026-01,8445,Paneer Bhurji Curry,8.276177
2026-01,8446,Paneer Bhurji (half),8.276177
2026-01,8447,Paneer Bhujiya (Half),8.276177
2026-01,8448,Paneer Bhujia,8.276177
2026-01,8449,Paneer Bhature,8.276177
2026-01,8450,Paneer Balls,8.276177
2026-01,8451,Paneer Baby Corn Pizza (Large),8.276177
2026-01,8452,Paneer Angara (very Spicy),8.276177
2026-01,8453,Paneer Angara (Very Spicy),8.276177
2026-01,8454,Paneer Burji,8.276177
2026-01,8455,Paneer Butter Maggi,8.276177
2026-01,8456,Paneer Butter Masala n Paratha Combo,8.276177
2026-01,8457,Paneer Butter Masala (600g),8.276177
2026-01,8458,Paneer Butter Masala n Chur Chur Naan Combo,8.276177
2026-01,8459,Paneer Butter Masala n Butter Lachcha Paratha Combo,8.276177
2026-01,8460,Paneer Butter Masala n Bread Combo,8.276177
2026-01,8461,Paneer Butter Masala n Biryani with Naan Combo,8.276177
2026-01,8462,Paneer Butter Masala With Roti Combo,8.276177
2026-01,8463,Paneer Butter Masala With Rice Combo,8.276177
2026-01,8464,Paneer Butter Masala N Tawa Roti Combo,8.276177
2026-01,8465,Paneer Butter Masala N Rice Combo,8.276177
2026-01,8466,Paneer Butter Masala N Pulka Combo,8.276177
2026-01,8467,Paneer Butter Masala N Phulka Combo,8.276177
2026-01,8468,Paneer Butter Masala N Lachcha Paratha Combo,8.276177
2026-01,8469,Paneer Butter Masala N Chapati Combo,8.276177
2026-01,8470,Paneer Butter Masala N Butter Tawa Roti Combo,8.276177
2026-01,8471,Paneer Butter Masala N Butter Chapati Combo,8.276177
2026-01,8472,Paneer Butter Masala N Biryani With Naan Combo,8.276177
2026-01,8473,Paneer Butter Masala Mini Meal,8.276177
2026-01,8474,Paneer Butter Masala Meal,8.276177
2026-01,8475,Paneer Butter Masala Jainy (Without Onion Garlic Full),8.276177
2026-01,8476,Paneer Butter Masala Gravy n Butter Naan Combo,8.276177
2026-01,8477,Paneer Butter Masala Gravy,8.276177
2026-01,8478,Paneer Butter Masala Curry,8.276177
2026-01,8479,Paneer Butter Masala (sweet),8.276177
2026-01,8480,Paneer Butter Masala (serves For 2 Person),8.276177
2026-01,8481,Paneer Butter Masala (full),8.276177
2026-01,8482,Paneer Butter Masala (Sweet),8.276177
2026-01,8483,Paneer Butter Masala (Serves For 2 Person),8.276177
2026-01,8484,Paneer Butter Masala (Jain),8.276177
2026-01,8485,OB Chicken Classic Pizza (Small),8.276177
2026-01,8486,OB Cheese Cottage Sandwich,8.276177
2026-01,8487,Mushroom Kabab,8.276177
2026-01,8488,Mutton Curry n Rice Combo,8.276177
2026-01,8489,Mutton Galawati Kabab Roll,8.276177
2026-01,8490,Mutton Fry Biryani Famliy Pack,8.276177
2026-01,8491,Mutton Fry Biryani,8.276177
2026-01,8492,Mutton Fry,8.276177
2026-01,8493,Mutton Fried Rice,8.276177
2026-01,8494,Mutton Dum Biryani with Egg,8.276177
2026-01,8495,Mutton Dum Biryani With Egg,8.276177
2026-01,8496,Mutton Dum Biryani (half),8.276177
2026-01,8497,Mutton Dum Biryani (full),8.276177
2026-01,8498,Mutton Dum Biryani (Full),8.276177
2026-01,8499,Mutton Deluxe Thali,8.276177
2026-01,8500,Mutton Curry with Roti Combo,8.276177
2026-01,8501,Mutton Curry n Roti Combo,8.276177
2026-01,8502,Mutton Curry n Phulka Combo,8.276177
2026-01,8503,OB Amazing Street Burger (Veg),8.276177
2026-01,8504,Mutton Curry n Fried Rice Combo,8.276177
2026-01,8505,Mutton Curry Rice Combo,8.276177
2026-01,8506,Mutton Curry N Roti Combo,8.276177
2026-01,8507,Mutton Curry N Rice Combo,8.276177
2026-01,8508,Mutton Curry N Phulka Combo,8.276177
2026-01,8509,Mutton Curry N Paratha Combo,8.276177
2026-01,8510,Mutton Curry N Butter Roti Combo,8.276177
2026-01,8511,Mutton Curry Biryani,8.276177
2026-01,8512,Mutton Curry (Half),8.276177
2026-01,8513,Mutton Chicken Biryani,8.276177
2026-01,8514,Mutton Biryni (Large),8.276177
2026-01,8515,Mutton Biryani with Salad,8.276177
2026-01,8516,Mutton Biryani with Raita Combo,8.276177
2026-01,8517,Mutton Ghee Chukka,8.276177
2026-01,8518,Mutton Gosht Dum Biryani Handi (boneless) (600 Gms (6 Pcs),8.276177
2026-01,8519,Mutton Handi n Jeera Rice with Roti Combo,8.276177
2026-01,8520,Mutton Hyderabadi Biryani (3pc),8.276177
2026-01,8521,Mutton Masala N Roti Combo,8.276177
2026-01,8522,Mutton Masala Combo,8.276177
2026-01,8523,Mutton Mandi (1 Person),8.276177
2026-01,8524,Mutton Leaf Parotta,8.276177
2026-01,8525,Mutton Kuska Biryani,8.276177
2026-01,8526,Mutton Kudal Fry n Veechu Parotta,8.276177
2026-01,8527,Mutton Kudal Fry n Paratha,8.276177
2026-01,8528,Mutton Kudal Fry n Egg Paratha Combo,8.276177
2026-01,8529,Mutton Kothu Parotta n Chicken Kurma Combo,8.276177
2026-01,8530,Mutton Kosha,8.276177
2026-01,8531,Mutton Korma N Idliyappam,8.276177
2026-01,8532,Mutton Korma (full),8.276177
2026-01,8533,Mutton Korma (Full),8.276177
2026-01,8534,Mutton Keema Pulao,8.276177
2026-01,8535,Mutton Keema (Half),8.276177
2026-01,8536,Mutton Keema,8.276177
2026-01,8537,Mutton Kassa with Roti Combo,8.276177
2026-01,8538,Mutton Kassa n Rice Combo,8.276177
2026-01,8539,Mutton Kassa Fried Rice,8.276177
2026-01,8540,Mutton Kassa (half),8.276177
2026-01,8541,Mutton Kassa (Half),8.276177
2026-01,8542,Mutton Kassa,8.276177
2026-01,8543,Mutton Kasha with Fried Rice Combo,8.276177
2026-01,8544,Mutton Kali Mirch (Half),8.276177
2026-01,8545,Mutton Kabab Paratha Combo (half),8.276177
2026-01,8546,Mutton Juicy Mandi (1 Person),8.276177
2026-01,8547,Mutton Juice Mandi (Single),8.276177
2026-01,8548,Mutton Biryani with Raita,8.276177
2026-01,8549,Mutton Biryani with Curry Combo,8.276177
2026-01,8550,Mutton Biryani n Mutton Curry with Roti Combo,8.276177
2026-01,8551,Mushroom Pepper Fry,8.276177
2026-01,8552,Mushroom Pasta,8.276177
2026-01,8553,Mushroom Papper Fry,8.276177
2026-01,8554,Mushroom Paneer n Butter Tawa Roti Combo,8.276177
2026-01,8555,Mushroom Paneer Tikka Biryani,8.276177
2026-01,8556,Mushroom Paneer (serves For 2 Person),8.276177
2026-01,8557,Mushroom Pakoda,8.276177
2026-01,8558,Mushroom Mutter Masala,8.276177
2026-01,8559,Mushroom Mughlai,8.276177
2026-01,8560,Mushroom Masala with Mini Triangle Paratha Lunchbox,8.276177
2026-01,8561,Mushroom Masala with Chapati Lunchbox,8.276177
2026-01,8562,Mushroom Masala n Rice with Roti Combo,8.276177
2026-01,8563,Mushroom Masala n Rice Combo,8.276177
2026-01,8564,Mushroom Masala n Phulka Combo,8.276177
2026-01,8565,Mushroom Masala n Butter Nan Combo,8.276177
2026-01,8566,Mushroom Masala n Butter Naan Combo,8.276177
2026-01,8567,Mushroom Masala With Roti Combo,8.276177
2026-01,8568,Mushroom Masala Rice Bowl,8.276177
2026-01,8569,Mushroom Masala N Roti Combo,8.276177
2026-01,8570,Mushroom Masala N Phulka Combo,8.276177
2026-01,8571,Mushroom Masala Gravy,8.276177
2026-01,8572,Mushroom Masala Curry n Spl Veg Fried Rice with Raita Combo,8.276177
2026-01,8573,Mushroom Masala Combo,8.276177
2026-01,8574,Mushroom Masala Bowl (Half Kg),8.276177
2026-01,8575,Mushroom Manhurian Dry,8.276177
2026-01,8576,Mushroom Maggi,8.276177
2026-01,8577,Mushroom Kothu Parotta n Veg Kurma Combo,8.276177
2026-01,8578,Mushroom Kolhapuri (half),8.276177
2026-01,8579,Mushroom Pepper Dry,8.276177
2026-01,8580,Mushroom Peratal Rice,8.276177
2026-01,8581,Mutton Biryani N Mutton Curry With Roti Combo,8.276177
2026-01,8582,Mushroom Pulao,8.276177
2026-01,8583,Mutton Biryani Full,8.276177
2026-01,8584,Mutton Biryani Fry Piece,8.276177
2026-01,8585,Mutton Biryani (single),8.276177
2026-01,8586,Mutton Biryani (Regular),8.276177
2026-01,8587,Mutton Biryani (Quater),8.276177
2026-01,8588,Mutton Biryani (2 Person),8.276177
2026-01,8589,Mutton Biryani (1000ml),8.276177
2026-01,8590,Mutton Biryani (1 Person),8.276177
2026-01,8591,Mutton Bhuna Rice Bowl (Regular),8.276177
2026-01,8592,Mutter Paneer n Roti Combo,8.276177
2026-01,8593,Mutoon Biryani (Small),8.276177
2026-01,8594,Muskmelon Juice,8.276177
2026-01,8595,Musk Melon Juice,8.276177
2026-01,8596,Mushrooms Pepper Dry,8.276177
2026-01,8597,Mushroom n Rice Combo,8.276177
2026-01,8598,Mushroom Wrap,8.276177
2026-01,8599,Mushroom Veg Noodles,8.276177
2026-01,8600,Mushroom Veg Biryani,8.276177
2026-01,8601,Mushroom Uttapam,8.276177
2026-01,8602,Mushroom Tikka Masala,8.276177
2026-01,8603,Mushroom Tikka Biryani N Raita Combo,8.276177
2026-01,8604,Mushroom Tikka Biryani,8.276177
2026-01,8605,Mushroom Tikka (Half),8.276177
2026-01,8606,Mushroom Tikka,8.276177
2026-01,8607,Mushroom Soup,8.276177
2026-01,8608,Mushroom Salt n Pepper,8.276177
2026-01,8609,Mushroom Roll,8.276177
2026-01,8610,Mutton Masala n Roti Combo,8.276177
2026-01,8611,Mutton Mughlai,8.276177
2026-01,8612,Mutton Paya Soup,8.276177
2026-01,8613,Non Veg Party Bucket,8.276177
2026-01,8614,Non Veg Papper BBQ Pizza (Large),8.276177
2026-01,8615,Non Veg Mutton Thali,8.276177
2026-01,8616,Non Veg Mughlai Biryani n Raita Combo,8.276177
2026-01,8617,Non Veg Mughlai Biryani,8.276177
2026-01,8618,Non Veg Mixed Fried Rice,8.276177
2026-01,8619,Non Veg Mixed Fried Noodles,8.276177
2026-01,8620,Non Veg Mix Noodles,8.276177
2026-01,8621,Non Veg Mix Fried Rice,8.276177
2026-01,8622,Non Veg Mix Chowmein,8.276177
2026-01,8623,Non Veg Mini Travel Pack,8.276177
2026-01,8624,Non Veg Mini Thali (6 Plates),8.276177
2026-01,8625,Non Veg Mini Thali (5 Plates),8.276177
2026-01,8626,Non Veg Mini Chicken Combo,8.276177
2026-01,8627,Non Veg Meals n Doubel Omelette,8.276177
2026-01,8628,Non Veg Meals N Doubel Omelette,8.276177
2026-01,8629,Non Veg Lollipop Biryani,8.276177
2026-01,8630,Non Veg Little Dia Burger n Crispy Fries with Drink Combo,8.276177
2026-01,8631,Non Veg Little Dia Burger N Crispy Fries With Drink Combo,8.276177
2026-01,8632,Non Veg Little Dia Burger,8.276177
2026-01,8633,Non Veg Leg Fry,8.276177
2026-01,8634,Non Veg Kuska Plain Biryani Combo,8.276177
2026-01,8635,Non Veg Korma N Parotta Combo,8.276177
2026-01,8636,Non Veg Hot n Sour Soup,8.276177
2026-01,8637,Non Veg Galouti Kabab,8.276177
2026-01,8638,Non Veg Fun Meal Box,8.276177
2026-01,8639,Non Veg Fried Rice,8.276177
2026-01,8640,Non Veg Fish Thali,8.276177
2026-01,8641,Non Veg Papper BBQ n Onion Pizza (Small),8.276177
2026-01,8642,Non Veg Pizza Keema (regular),8.276177
2026-01,8643,Non Veg Family Combo (Serves For 3-4 Person),8.276177
2026-01,8644,Non Veg Pizza Maharaja (Regular),8.276177
2026-01,8645,Nutella Sandwich (Non Grilled),8.276177
2026-01,8646,Nutella Hazlenut Shake,8.276177
2026-01,8647,Nutella Chocolate Pan Cake,8.276177
2026-01,8648,Nutella Brownie,8.276177
2026-01,8649,Non-Veg Shawarma with Side and Beverage Meal .,8.276177
2026-01,8650,Non-Veg Shawarma and Side Meal .,8.276177
2026-01,8651,Non-Veg Classic Wrap with Side and Beverage Meal,8.276177
2026-01,8652,Non-Veg Classic Wrap with Side Mini Meal,8.276177
2026-01,8653,Non-Veg Burger Wrap with Side and Beverage Meal,8.276177
2026-01,8654,Non Veg White Sauce Cheese Pasta,8.276177
2026-01,8655,Non Veg Ultimate LBW Platter,8.276177
2026-01,8656,Non Veg Thali 1,8.276177
2026-01,8657,Non Veg Tandoori Shawarma,8.276177
2026-01,8658,Non Veg Tandoori Platter,8.276177
2026-01,8659,Non Veg Spl Mini Thali,8.276177
2026-01,8660,Non Veg Spl Mauryas Thali,8.276177
2026-01,8661,Non Veg Spl Holi Thali,8.276177
2026-01,8662,Non Veg Snackes Meal Combo,8.276177
2026-01,8663,Non Veg Schezwan Noodles,8.276177
2026-01,8664,Non Veg Roti Thali,8.276177
2026-01,8665,Non Veg Rice Bonless (Half),8.276177
2026-01,8666,Non Veg Rice Bonless (Full),8.276177
2026-01,8667,Non Veg Premium Executive Meal,8.276177
2026-01,8668,Non Veg Platter,8.276177
2026-01,8669,Non Veg Plain Biryani Kusha,8.276177
2026-01,8670,Non Veg Plain Biryani,8.276177
2026-01,8671,Non Veg Pizza Maharaja (regular),8.276177
2026-01,8672,Non Veg Family Combo (serves For 3-4 Person),8.276177
2026-01,8673,Non Veg Executive Mauryas Thali,8.276177
2026-01,8674,Mutton Premium Thali,8.276177
2026-01,8675,Natural Tender Coconut Shake,8.276177
2026-01,8676,Nannari Lemon Soda,8.276177
2026-01,8677,Nannari Lemon Sarbath,8.276177
2026-01,8678,Namkeen Dahi Kulhad,8.276177
2026-01,8679,Nalli Gosht Biryani,8.276177
2026-01,8680,Nagli Masala Papad,8.276177
2026-01,8681,Nafees Laccha Paratha (Pack of 4),8.276177
2026-01,8682,Nafees Laccha Paratha (Pack of 2),8.276177
2026-01,8683,Mysore Sada Dosa,8.276177
2026-01,8684,Mysore Plain Dosa,8.276177
2026-01,8685,Mysore Bajji (3pc),8.276177
2026-01,8686,Mysore Bajji,8.276177
2026-01,8687,My Mac Pizza (Regular),8.276177
2026-01,8688,Mutton n Rice Combo,8.276177
2026-01,8689,Mutton Thali (Tawa Butter Roti),8.276177
2026-01,8690,Mutton Thali (Tandoori Butter Roti),8.276177
2026-01,8691,Mutton Superior Thali,8.276177
2026-01,8692,Mutton Spl Biryani,8.276177
2026-01,8693,Mutton Single Kabab Roll,8.276177
2026-01,8694,Mutton Seekh Kabab,8.276177
2026-01,8695,Mutton Roll,8.276177
2026-01,8696,Mutton Roghan Josh,8.276177
2026-01,8697,Mutton Rogan Josh Thali,8.276177
2026-01,8698,Mutton Rogan Josh (Half),8.276177
2026-01,8699,Mutton Rogan Josh (Full),8.276177
2026-01,8700,Mutton Rogan Josh,8.276177
2026-01,8701,Mutton Rice,8.276177
2026-01,8702,Mutton Pulao,8.276177
2026-01,8703,Nattu Kozhi Pepper Masala,8.276177
2026-01,8704,Navratan Korma,8.276177
2026-01,8705,Non Veg Egg Thali,8.276177
2026-01,8706,Nellore Chicken Biryani,8.276177
2026-01,8707,Non Veg Dinner Meal Combo,8.276177
2026-01,8708,Non Veg Deluxe Thali with Mix Veg,8.276177
2026-01,8709,Non Veg Deluxe Thali with Dal,8.276177
2026-01,8710,Non Veg Creamy Cheese Pasta,8.276177
2026-01,8711,Non Veg Combo Meal 5,8.276177
2026-01,8712,Non Veg Combo (Serves For 4),8.276177
2026-01,8713,Non Veg Combo,8.276177
2026-01,8714,Non Veg Classic Wrap & Coke Mini Meal,8.276177
2026-01,8715,Non Veg Chowmein,8.276177
2026-01,8716,Non Veg Chinese Noodle Thali,8.276177
2026-01,8717,Non Veg Chinese Combo 40,8.276177
2026-01,8718,Non Veg Chinese Combo 38,8.276177
2026-01,8719,Non Veg Chinese Combo 10,8.276177
2026-01,8720,Non Veg Chinese Combo (Jumbo Pack),8.276177
2026-01,8721,Non Veg Chettinad Shawarma,8.276177
2026-01,8722,Non Veg Chest Fry,8.276177
2026-01,8723,Non Veg Burger n French Fries Combo,8.276177
2026-01,8724,Non Veg Burger N French Fries Combo,8.276177
2026-01,8725,Non Veg Burger,8.276177
2026-01,8726,Non Veg Biryani and Raita (2pc),8.276177
2026-01,8727,Non Veg Barra Biryani (Half),8.276177
2026-01,8728,Non Veg Barra Biryani (Full),8.276177
2026-01,8729,Non Veg Bahubali Thali,8.276177
2026-01,8730,Non Veg 65 Biryani,8.276177
2026-01,8731,Non Grilled Veg Surti Sandwich,8.276177
2026-01,8732,Non Grilled Veg Sandwich,8.276177
2026-01,8733,Non Grilled Veg Jungli Sandwich,8.276177
2026-01,8734,Khaboos,8.276177
2026-01,8735,Kfc Chaap (4),8.276177
2026-01,8736,Dry Fruits Spl Shake,8.276177
2026-01,8737,Fry Papad Udad,8.276177
2026-01,8738,Garam Bhakari,8.276177
2026-01,8739,Ganji Annam Onion,8.276177
2026-01,8740,Ganga Jamuna Juice,8.276177
2026-01,8741,Galouti Kebab (4 Pcs),8.276177
2026-01,8742,Gajar Halwa (80 Gm),8.276177
2026-01,8743,Gajar Halwa (300 gm),8.276177
2026-01,8744,Gajar Halwa,8.276177
2026-01,8745,Fusion Platter,8.276177
2026-01,8746,Fungis Veg Peratal Rice,8.276177
2026-01,8747,Fujion Lychee Shake,8.276177
2026-01,8748,Fry Rice Jeera Pyaz,8.276177
2026-01,8749,Fry Piece Biryani,8.276177
2026-01,8750,Fry Picec Biryani (Non Veg),8.276177
2026-01,8751,Fry Papad Masala,8.276177
2026-01,8752,Fish Dum Biryani (Half),8.276177
2026-01,8753,Fry Idli,8.276177
2026-01,8754,Fry Chicken Biryani n Raita Combo,8.276177
2026-01,8755,Fruits Raita,8.276177
2026-01,8756,Fruit Salad (Ice Cream),8.276177
2026-01,8757,Fruit Raita (250gm),8.276177
2026-01,8758,Fruit Punch Shake,8.276177
2026-01,8759,Fruit Punch Mocktail,8.276177
2026-01,8760,Fried Momos,8.276177
2026-01,8761,Fried Jeera Rice Full,8.276177
2026-01,8762,Fried Idli 65,8.276177
2026-01,8763,Fried Idli,8.276177
2026-01,8764,Fried Green Chilli,8.276177
2026-01,8765,Fried Egg Bread Omelette,8.276177
2026-01,8766,Garden Delight Pizza (Giant Slice),8.276177
2026-01,8767,Garden Delight Pizza (Regular),8.276177
2026-01,8768,Garden Fresh Cheese Pizza,8.276177
2026-01,8769,Garden Fresh Veggie Medium Pizza,8.276177
2026-01,8770,Gazania Spl Pizza,8.276177
2026-01,8771,Gatta Masala,8.276177
2026-01,8772,Garlice Naan,8.276177
2026-01,8773,Garlic Semi Fish,8.276177
2026-01,8774,Garlic Sada Dosa,8.276177
2026-01,8775,Garlic Roti,8.276177
2026-01,8776,Garlic Rice,8.276177
2026-01,8777,Garlic Prawns,8.276177
2026-01,8778,Garlic Paratha n Curd Combo,8.276177
2026-01,8779,Garlic Paratha,8.276177
2026-01,8780,Garlic Paneer Sandwich,8.276177
2026-01,8781,Garlic Naan n Gravy Combo,8.276177
2026-01,8782,Garlic Naan Combo,8.276177
2026-01,8783,Garlic Mushroom,8.276177
2026-01,8784,Garlic Italian Garlic Bread,8.276177
2026-01,8785,Garlic Hakka Noodles,8.276177
2026-01,8786,Garlic Fried Rice,8.276177
2026-01,8787,Garlic Corn Noodles,8.276177
2026-01,8788,Garlic Chilli Fries,8.276177
2026-01,8789,Garlic Chicken with Roti Combo,8.276177
2026-01,8790,Garlic Chicken Rice,8.276177
2026-01,8791,Garlic Chicken Masala,8.276177
2026-01,8792,Garlic Chicken Dry,8.276177
2026-01,8793,Garlic Cheese Naan,8.276177
2026-01,8794,Garlic Butter Naan,8.276177
2026-01,8795,Garlic Bread With Cheese,8.276177
2026-01,8796,Garden Fresh Veggie Pizza + Cheesy Garlic Bread,8.276177
2026-01,8797,Fried Egg,8.276177
2026-01,8798,Fried Chicken Wings,8.276177
2026-01,8799,Fried Chicken Sub Sandwich,8.276177
2026-01,8800,Fish Tikka Boneless,8.276177
2026-01,8801,Fish Spl Thali (2 Person),8.276177
2026-01,8802,Fish Special Thali,8.276177
2026-01,8803,Fish Shallow Fry,8.276177
2026-01,8804,Fish Roti Mini Thali,8.276177
2026-01,8805,Fish Roti Executive Thali,8.276177
2026-01,8806,Fish Rice Thali,8.276177
2026-01,8807,Fish Pothichoru Combo,8.276177
2026-01,8808,Fish Pakoda,8.276177
2026-01,8809,Fish Mini Spl Thali,8.276177
2026-01,8810,Fish Masala (pankaj Fish),8.276177
2026-01,8811,Fish Masala (Qtr),8.276177
2026-01,8812,Fish Masala (Pankaj Fish),8.276177
2026-01,8813,Fish Masala (2pc),8.276177
2026-01,8814,Fish Mandi (1 Person),8.276177
2026-01,8815,Fish Maharaja Thali,8.276177
2026-01,8816,Fish Fry With Gravy,8.276177
2026-01,8817,Fish Fry Rohu,8.276177
2026-01,8818,Fish Fry Boneless,8.276177
2026-01,8819,Fish Fry (qtr),8.276177
2026-01,8820,Fish Fry (half),8.276177
2026-01,8821,Fish Fry (full),8.276177
2026-01,8822,Fish Fry (bone),8.276177
2026-01,8823,Fish Fry (Half),8.276177
2026-01,8824,Fish Fry (Full),8.276177
2026-01,8825,Fish Fried Rice,8.276177
2026-01,8826,Fish Fingers,8.276177
2026-01,8827,Fish Finger,8.276177
2026-01,8828,Fish Spl Thali (5 Plates),8.276177
2026-01,8829,Fish n Rice Combo,8.276177
2026-01,8830,Fried Chicken Momos,8.276177
2026-01,8831,Fish n Roti Combo,8.276177
2026-01,8832,Fried Chicken Glazed Nashville Drumstick (2pc),8.276177
2026-01,8833,Fried Chicken Glazed Korean Hot N Spicy Drumstick (4pc),8.276177
2026-01,8834,Fried Chicken Fried Paneer Burger,8.276177
2026-01,8835,Fried Chicken Club Sandwich,8.276177
2026-01,8836,Fried Chicken Bread Omelette,8.276177
2026-01,8837,Fried Chicken (4pc) n French Fries Combo,8.276177
2026-01,8838,Fried Chicken,8.276177
2026-01,8839,Fried Aloo Chaat,8.276177
2026-01,8840,Fresh Veggie Pizza (Small),8.276177
2026-01,8841,Fresh Veggie Pizza (Medium),8.276177
2026-01,8842,Fresh Orange Juice,8.276177
2026-01,8843,Fresh Lime Water,8.276177
2026-01,8844,Fresh Lime Juice,8.276177
2026-01,8845,Fresh Lemon Water,8.276177
2026-01,8846,Fresh Lemon Soda,8.276177
2026-01,8847,Fresh Juice,8.276177
2026-01,8848,Fresh Fuit Salad,8.276177
2026-01,8849,Fresh Fruit Bowl,8.276177
2026-01,8850,Fresh Farm Villa Pizza (Regular 6 Inch),8.276177
2026-01,8851,French Fries n Vanilla Milk Shake Combo,8.276177
2026-01,8852,French Fries n Black Currant Mojito Combo,8.276177
2026-01,8853,French Fries Og,8.276177
2026-01,8854,French Fries 2.0,8.276177
2026-01,8855,French Fries (Large),8.276177
2026-01,8856,French Fries (Half),8.276177
2026-01,8857,Food Sagar Veg Maharaja Thali,8.276177
2026-01,8858,Fix Punjabi Thali,8.276177
2026-01,8859,Gee Dosa,8.276177
2026-01,8860,Gee Idli Sambhar,8.276177
2026-01,8861,Gee Mini Idli,8.276177
2026-01,8862,Green Chutney,8.276177
2026-01,8863,Green Apple Mocktail,8.276177
2026-01,8864,Grapes Juice,8.276177
2026-01,8865,Grand Veggie Spl Pizza (Regular),8.276177
2026-01,8866,Grand Veggie Spl Pizza (Medium),8.276177
2026-01,8867,Gramathu Virunthu Spl Combo,8.276177
2026-01,8868,Gramathu Virunthu Combo,8.276177
2026-01,8869,Good'ol Butter Chicken Rice Bowl,8.276177
2026-01,8870,Good'ol Butter Chicken Mini Rice Bowl,8.276177
2026-01,8871,Gongura Chicken Biryani,8.276177
2026-01,8872,Golden Harvest Pizza,8.276177
2026-01,8873,Golden Corn Pizza (Regular),8.276177
2026-01,8874,Golden Corn Pizza (Medium),8.276177
2026-01,8875,Golden Corn Cheese Pizza,8.276177
2026-01,8876,Golden Chicken Delight Pizza,8.276177
2026-01,8877,Golden Chicken Delight Medium Pizza,8.276177
2026-01,8878,Gobi Paratha With Dal Makhani,8.276177
2026-01,8879,Gobhi Tawa Paratha With Curd Combo,8.276177
2026-01,8880,Gobhi Tawa Paratha N Curd Combo,8.276177
2026-01,8881,Gobhi Schezwan Rice,8.276177
2026-01,8882,Gobhi Schezwan Fried Rice,8.276177
2026-01,8883,Gobhi Roll,8.276177
2026-01,8884,Gobhi Pepper Fry,8.276177
2026-01,8885,Gobhi Paratha with Curd Combo,8.276177
2026-01,8886,Gobhi Paratha n Pickle Combo,8.276177
2026-01,8887,Gobhi Paratha With Curd Combo,8.276177
2026-01,8888,Gobhi Paratha Thali,8.276177
2026-01,8889,Gobhi Paratha N Plain Curd Combo,8.276177
2026-01,8890,Green Apple Mojito,8.276177
2026-01,8891,Green Dal,8.276177
2026-01,8892,Gobhi Pallipalayam Gravy,8.276177
2026-01,8893,Green Peas Masala (Half),8.276177
2026-01,8894,Grilled Veg Cheese Sandwich,8.276177
2026-01,8895,Grilled Surti Spl Sandwich,8.276177
2026-01,8896,Grilled Pav,8.276177
2026-01,8897,Grilled Paneer Tandoori Sandwich,8.276177
2026-01,8898,Grilled Paneer Burger,8.276177
2026-01,8899,Grilled Pahadi Sandwich,8.276177
2026-01,8900,Grilled Chilli Corn Cheese Sandwich,8.276177
2026-01,8901,Grilled Chicken Spicy Drumstick (2pc),8.276177
2026-01,8902,Grilled Chicken Sandwich,8.276177
2026-01,8903,Grilled Chicken Flamy Wings (4pc),8.276177
2026-01,8904,Grilled Chicken (half),8.276177
2026-01,8905,Grilled Chicken (Qtr),8.276177
2026-01,8906,Grilled Cheese Veg Sandwich,8.276177
2026-01,8907,Grilled Cheese Non Veg Burger,8.276177
2026-01,8908,Grilled Cheese Bombay Sandwich,8.276177
2026-01,8909,Grilled Butter Toast,8.276177
2026-01,8910,Grilled Bombay Style Sandwich,8.276177
2026-01,8911,Grilled Bombay Sandwich,8.276177
2026-01,8912,Grilled Aloo Matar Cheese Sandwich,8.276177
2026-01,8913,Grill Veggie Sandwich,8.276177
2026-01,8914,Grill Paneer Sandwich,8.276177
2026-01,8915,Grill Chicken Mandhi (2 Person),8.276177
2026-01,8916,Green Salad (Jain),8.276177
2026-01,8917,Green Salad (Half),8.276177
2026-01,8918,Green Salad (Full),8.276177
2026-01,8919,Green Peas Rice,8.276177
2026-01,8920,Green Peas Pulao (Half),8.276177
2026-01,8921,Gobhi Paratha (2pc) with Curd Combo,8.276177
2026-01,8922,Gobhi Palak,8.276177
2026-01,8923,Ghee Chapati n Veg Kurma Combo,8.276177
2026-01,8924,Ghee Pongal n Medu Vada Combo,8.276177
2026-01,8925,Ghee Podi Uttapam,8.276177
2026-01,8926,Ghee Podi Set Dosa,8.276177
2026-01,8927,Ghee Podi Onion Uttapam,8.276177
2026-01,8928,Ghee Podi Onion Dosa,8.276177
2026-01,8929,Ghee Podi Masala Dosa n Sambhar Combo,8.276177
2026-01,8930,Ghee Podi Masala Dosa,8.276177
2026-01,8931,Ghee Podi Dosa,8.276177
2026-01,8932,Ghee Plain Dosa,8.276177
2026-01,8933,Ghee Pesearattu,8.276177
2026-01,8934,Ghee Pesarattu Dosa,8.276177
2026-01,8935,Ghee Pesarattu,8.276177
2026-01,8936,Ghee Onion Masala Pesarattu,8.276177
2026-01,8937,Ghee Mysore Uttapam,8.276177
2026-01,8938,Ghee Mysore Masala,8.276177
2026-01,8939,Ghee Mini Idli,8.276177
2026-01,8940,Ghee Masala Pesarattu,8.276177
2026-01,8941,Ghee Masala Dosa n Cold Drink Combo,8.276177
2026-01,8942,Ghee Mango Pickle Rice N Chips,8.276177
2026-01,8943,Ghee Litti N Chokha Combo,8.276177
2026-01,8944,Ghee Litti Chokha,8.276177
2026-01,8945,Ghee Karam Masala Dosa,8.276177
2026-01,8946,Ghee Kaju Rice,8.276177
2026-01,8947,Ghee Jalebi,8.276177
2026-01,8948,Ghee Idli Smbhar,8.276177
2026-01,8949,Ghee Idili,8.276177
2026-01,8950,Ghee Fry Khichdi n Dal Combo,8.276177
2026-01,8951,Ghee Fried Rice,8.276177
2026-01,8952,Ghee Pongal N Medu Vada Combo,8.276177
2026-01,8953,Ghee Rava Dosa,8.276177
2026-01,8954,Gobhi Pakoda,8.276177
2026-01,8955,Ghee Rawa Masala Dosa,8.276177
2026-01,8956,Gobhi Matar (full),8.276177
2026-01,8957,Gobhi Masala (Half),8.276177
2026-01,8958,Gobhi Manchurian n Veg Fried Rice Combo,8.276177
2026-01,8959,Gobhi Manchurian Gravy,8.276177
2026-01,8960,Gobhi Manchurian (Half),8.276177
2026-01,8961,Gobhi Manchurian (Gravy),8.276177
2026-01,8962,Gobhi Manchurian (Full),8.276177
2026-01,8963,Gobhi Manchurian (Dry),8.276177
2026-01,8964,Gobhi Ka Paratha,8.276177
2026-01,8965,Gobhi Fried Rice n Raita Combo,8.276177
2026-01,8966,Gobhi Fried Rice N Raita Combo,8.276177
2026-01,8967,Gobhi Curry n Rice Combo,8.276177
2026-01,8968,Gobhi Chilli,8.276177
2026-01,8969,Gobhi Biryani (5 Plates),8.276177
2026-01,8970,Gobhi Aloo,8.276177
2026-01,8971,Ginger Mint Sodo,8.276177
2026-01,8972,Ginger Lime Mojito,8.276177
2026-01,8973,Ginger Lime,8.276177
2026-01,8974,Ginger Chicken Gravy,8.276177
2026-01,8975,Ghee Uttapam,8.276177
2026-01,8976,Ghee Upma Dosa,8.276177
2026-01,8977,Ghee Tomato Bath Pesarattu,8.276177
2026-01,8978,Ghee Sambhar Rice N Poriyal Combo,8.276177
2026-01,8979,Ghee Sambhar Idli,8.276177
2026-01,8980,Ghee Roast Sada Dosa,8.276177
2026-01,8981,Ghee Rice n Chicken Combo,8.276177
2026-01,8982,Ghee Rawa Onion Dosa,8.276177
2026-01,8983,Fish Executive Thali,8.276177
2026-01,8984,Fish Deluxe Thali,8.276177
2026-01,8985,Gujarati Butter Roti,8.276177
2026-01,8986,Egg Currry n Rice Combo,8.276177
2026-01,8987,Egg Curry N Rumali Roti Combo,8.276177
2026-01,8988,Egg Curry N Plain Paratha Combo,8.276177
2026-01,8989,Egg Curry N Jeera Rice With Roti Combo,8.276177
2026-01,8990,Egg Curry N Jeera Rice Combo,8.276177
2026-01,8991,Egg Curry N Chapati Combo,8.276177
2026-01,8992,Egg Curry N Butter Roti Combo,8.276177
2026-01,8993,Egg Curry Masala,8.276177
2026-01,8994,Egg Curry Full,8.276177
2026-01,8995,Egg Curry Fry (Half),8.276177
2026-01,8996,Egg Curry Fry (Full),8.276177
2026-01,8997,Egg Curry (half),8.276177
2026-01,8998,Egg Curry (Full),8.276177
2026-01,8999,Egg Curry  n Rice Combo,8.276177
2026-01,9000,Egg Chowmein (Half),8.276177
2026-01,9001,Fish Curry n Tawa Roti Combo,8.276177
2026-01,9002,Egg Chowmein (Full),8.276177
2026-01,9003,Egg Chicken Hakka Noodles,8.276177
2026-01,9004,Egg Chicken Fry Biryani with Gravy,8.276177
2026-01,9005,Egg Chicken Fried Rice n Chilli Chicken (Boneless) Combo,8.276177
2026-01,9006,Egg Chicken Fried Rice n Chilli Chicken,8.276177
2026-01,9007,Egg Chicken Dum Biryani (plates 5),8.276177
2026-01,9008,Egg Chicken Biryani n Curry/Raita Combo,8.276177
2026-01,9009,Egg Cheese Sandwich,8.276177
2026-01,9010,Egg Cheese Omelette,8.276177
2026-01,9011,Egg Cheese Chicken Sausage Wrap at 99,8.276177
2026-01,9012,Egg Cheese Chicken Sausage Wholewheat Wrap,8.276177
2026-01,9013,Egg Ceylon Parotta,8.276177
2026-01,9014,Egg Bread,8.276177
2026-01,9015,Egg Curry N Tawa Roti Combo,8.276177
2026-01,9016,Egg Curry N White Rice Combo,8.276177
2026-01,9017,Egg Curry Plain Rice Combo,8.276177
2026-01,9018,Egg Curry and Roti Combo,8.276177
2026-01,9019,Egg Fried Rice N Egg Gobhi Noodles Combo,8.276177
2026-01,9020,Egg Fried Rice N Chilli Chicken Combo,8.276177
2026-01,9021,Egg Fried Rice Combo,8.276177
2026-01,9022,Egg Fried Noodles,8.276177
2026-01,9023,Egg Eco Thali,8.276177
2026-01,9024,Egg Dum Biryani (full),8.276177
2026-01,9025,Egg Dum Biryani (Full),8.276177
2026-01,9026,Egg Dum Biryani (3 Egg) n Raita Combo,8.276177
2026-01,9027,Egg Dum Biryani (3 Egg) N Raita Combo,8.276177
2026-01,9028,Egg Dum Biryani (2 Egg) N Raita Combo,8.276177
2026-01,9029,Egg Dosa n Onion Egg Dosa,8.276177
2026-01,9030,Egg Dosa Combo,8.276177
2026-01,9031,Egg Do Pyaza (Half),8.276177
2026-01,9032,Egg Do Pyaza (Full),8.276177
2026-01,9033,Egg Dal Tadka n Chapati Combo,8.276177
2026-01,9034,Egg Dal Fry with Roti Combo,8.276177
2026-01,9035,Egg Dal Fry With Roti Combo,8.276177
2026-01,9036,Egg Curry n Steamed Rice Combo,8.276177
2026-01,9037,Egg Curry n Rumali Roti Combo,8.276177
2026-01,9038,Egg Curry n Roti Como,8.276177
2026-01,9039,Egg Curry n Rice Como,8.276177
2026-01,9040,Egg Curry n Plain Roti Combo,8.276177
2026-01,9041,Egg Curry n Phulka Combo,8.276177
2026-01,9042,Egg Curry n Paratha Combo,8.276177
2026-01,9043,Egg Curry n Naan Combo,8.276177
2026-01,9044,Egg Curry n Butter Chapati Combo,8.276177
2026-01,9045,Egg Curry n Bread Combo,8.276177
2026-01,9046,Egg Biryani with Salad,8.276177
2026-01,9047,Egg Biryani with Raita/Curry,8.276177
2026-01,9048,Egg Biryani with Gravy Combo,8.276177
2026-01,9049,Egg Bhurji N Chapati Combo,8.276177
2026-01,9050,Egg Bhurji Masala (Half),8.276177
2026-01,9051,Egg Bhurji Masala,8.276177
2026-01,9052,Egg Bhurji Dry,8.276177
2026-01,9053,Egg Bhurji Curry,8.276177
2026-01,9054,Egg Bhurji (2pc),8.276177
2026-01,9055,Egg 65 Biryani,8.276177
2026-01,9056,Dwarka The Kitchen Spl Non Veg Thali,8.276177
2026-01,9057,Durbari Tawa Paratha (pack Of 3),8.276177
2026-01,9058,Durbari Tawa Paratha (Pack of 3),8.276177
2026-01,9059,Dum Kasmiri Aloo,8.276177
2026-01,9060,"Dum Gosht Biryani (Dum Mutton Biryani, Boneless - Serves 2)",8.276177
2026-01,9061,Dum Gosht (Mutton Dum Biryani- Boneless - Serves 2).,8.276177
2026-01,9062,Dum Aloo with Flavorful Rice,8.276177
2026-01,9063,Dum Aloo n Rice Combo,8.276177
2026-01,9064,Dum Aloo n Paratha Combo,8.276177
2026-01,9065,Dum Aloo Rice Bowl,8.276177
2026-01,9066,Dum Aloo Punjabi,8.276177
2026-01,9067,Dum Aloo Masala,8.276177
2026-01,9068,Dum Aloo Jumbo Lunchbox,8.276177
2026-01,9069,Dum Aloo Hyderabadi,8.276177
2026-01,9070,Dum Aloo Biryani n Raita Combo,8.276177
2026-01,9071,Dum Aloo Banrasi,8.276177
2026-01,9072,Dum Aloo (Half),8.276177
2026-01,9073,Dum Aloo & Chapati Lunchbox,8.276177
2026-01,9074,Duet Bucket,8.276177
2026-01,9075,Dudh Sev,8.276177
2026-01,9076,Dry Manchurian,8.276177
2026-01,9077,Egg Bhurji N Butter Chapati Combo,8.276177
2026-01,9078,Egg Bhurji N Roti Combo Box,8.276177
2026-01,9079,Egg Biryani n Raita with Sweet Combo,8.276177
2026-01,9080,Egg Bhurji n Butter Chapati Combo,8.276177
2026-01,9081,Egg Biryani n Raita with Gravy Combo,8.276177
2026-01,9082,Egg Biryani n Raita Combo (Qtr),8.276177
2026-01,9083,Egg Biryani n Curry/Raita Combo,8.276177
2026-01,9084,Egg Biryani n Curd Combo,8.276177
2026-01,9085,Egg Biryani With Raita Combo,8.276177
2026-01,9086,Egg Biryani With Gravy Combo,8.276177
2026-01,9087,Egg Biryani Thali,8.276177
2026-01,9088,Egg Biryani N Raita/curry,8.276177
2026-01,9089,Egg Biryani N Raita With Gravy Combo,8.276177
2026-01,9090,Egg Biryani N Gravy,8.276177
2026-01,9091,Egg Biryani N Curd Combo,8.276177
2026-01,9092,Egg Biryani Minis @ Rs 159 Each (2 Nos) (without Raita),8.276177
2026-01,9093,Egg Biryani Minis @ Rs 159 Each (2 Nos) (with Raita),8.276177
2026-01,9094,Egg Biryani Bowl,8.276177
2026-01,9095,Egg Biryani And Raita (2pc),8.276177
2026-01,9096,Egg Biryani (Small),8.276177
2026-01,9097,Egg Biryani (Single),8.276177
2026-01,9098,Egg Biryani (Serves 1),8.276177
2026-01,9099,Egg Biryani (Serves 1 (2 Eggs),8.276177
2026-01,9100,Egg Biryani (5 Plates),8.276177
2026-01,9101,Egg Biryani (2 Person),8.276177
2026-01,9102,Egg Biryani (1 Person),8.276177
2026-01,9103,Egg Biryani & Thums Up Combo,8.276177
2026-01,9104,Egg Bhurji with Tawa Roti Combo,8.276177
2026-01,9105,Egg Bhurji with Paratha Combo,8.276177
2026-01,9106,Egg Bhurji n Phulka Combo,8.276177
2026-01,9107,Egg Bhurji n Chapati,8.276177
2026-01,9108,Egg Fried Rice N Raita Combo,8.276177
2026-01,9109,Egg Fried Rice n Egg Curry Combo,8.276177
2026-01,9110,Egg Fried Rice n Raita Combo,8.276177
2026-01,9111,Farm Fresh Pizza,8.276177
2026-01,9112,Farali Sukhi Aloo Bhaji,8.276177
2026-01,9113,Farali Sabudana Khichdi,8.276177
2026-01,9114,Family Pizza Combo,8.276177
2026-01,9115,Family Pack Chicken Biryani,8.276177
2026-01,9116,Family Meal Parcel With Curd Combo,8.276177
2026-01,9117,Family Chicken Biryani,8.276177
2026-01,9118,Falafel-E-Khaas,8.276177
2026-01,9119,Falafel Veggie Lebanese Wholewheat Wrap,8.276177
2026-01,9120,Falafel Shots (6 pieces),8.276177
2026-01,9121,Falafel Nuggets with Mayo Dip,8.276177
2026-01,9122,Fafda,8.276177
2026-01,9123,Extra Vaganeza Loaded Pizza (Regular),8.276177
2026-01,9124,Extra Plain Curd,8.276177
2026-01,9125,Extra Gravy Raita,8.276177
2026-01,9126,Exrta Pav,8.276177
2026-01,9127,Exotic Cheese Pizza,8.276177
2026-01,9128,Ennai Kathirikai,8.276177
2026-01,9129,Eggy Sandwich,8.276177
2026-01,9130,Eggwich Sandwich,8.276177
2026-01,9131,Egg with Roti Combo,8.276177
2026-01,9132,Egg with Rice Combo,8.276177
2026-01,9133,Egg n Rice Combo,8.276177
2026-01,9134,Egg n Phulka Combo,8.276177
2026-01,9135,Egg n Cheese Sandwich,8.276177
2026-01,9136,Egg Veechu Paratto,8.276177
2026-01,9137,Egg Veechu,8.276177
2026-01,9138,Egg Triple Rice (Half),8.276177
2026-01,9139,Farm Fresh Cheese Pizza,8.276177
2026-01,9140,Farm House Pizza (Small),8.276177
2026-01,9141,Egg Tadka n Butter Roti Combo,8.276177
2026-01,9142,Farm House Sandwich,8.276177
2026-01,9143,Fish Curry n Roti Como,8.276177
2026-01,9144,Fish Curry n Rice Como,8.276177
2026-01,9145,Fish Curry n Plain Rice Combo,8.276177
2026-01,9146,Fish Curry With Roti Combo,8.276177
2026-01,9147,Fish Curry Plain Rice Combo,8.276177
2026-01,9148,Fish Curry N Roti Combo,8.276177
2026-01,9149,Fish Curry Combo,8.276177
2026-01,9150,Fish Curry (qtr),8.276177
2026-01,9151,Fish Curry (full),8.276177
2026-01,9152,Fish Curry (Qtr),8.276177
2026-01,9153,Fish Curry (Pankaj Fish),8.276177
2026-01,9154,Fish Biryani (single),8.276177
2026-01,9155,Fish Biryani (Single),8.276177
2026-01,9156,Fish 65,8.276177
2026-01,9157,Fired Chicken Burger,8.276177
2026-01,9158,Fine Rice,8.276177
2026-01,9159,Filter Coffee (250ml),8.276177
2026-01,9160,Fiery Paneer 65 Biryani (Serves 1),8.276177
2026-01,9161,Fiery Chicken 65 Biryani Handi (600 Gms),8.276177
2026-01,9162,Fiery Chicken 65 Biryani (Serves 1),8.276177
2026-01,9163,Fiery Chicken 65 (Half),8.276177
2026-01,9164,Fiery Chicken 65 (Full),8.276177
2026-01,9165,Farmer'S Fresh Pizza,8.276177
2026-01,9166,Farmer Spl Veg Pizza (Regular),8.276177
2026-01,9167,Farm Villa Pizza (Regular),8.276177
2026-01,9168,Farm Villa Pizza (Medium),8.276177
2026-01,9169,Farm Villa Pizza (Giant Slice),8.276177
2026-01,9170,Egg Tadka n Roti Combo,8.276177
2026-01,9171,Egg Tadka N Butter Roti Combo,8.276177
2026-01,9172,Egg Fried Rice n Roti Combo,8.276177
2026-01,9173,Egg Noodles (Full),8.276177
2026-01,9174,Egg Masala n Butter Roti with Rice Combo,8.276177
2026-01,9175,Egg Masala n Butter Roti Combo,8.276177
2026-01,9176,Egg Masala N Chapati Combo,8.276177
2026-01,9177,Egg Masala Curry with Roti Combo,8.276177
2026-01,9178,Egg Masala Curry With Roti Combo,8.276177
2026-01,9179,Egg Masala Butter Paratha n Chole Combo,8.276177
2026-01,9180,Egg Masala Butter Paratha N Chole Combo,8.276177
2026-01,9181,Egg Masala Bhurji n Pav Combo,8.276177
2026-01,9182,Egg Masala (half),8.276177
2026-01,9183,Egg Masala (Full),8.276177
2026-01,9184,Egg Masala (2pc),8.276177
2026-01,9185,Egg Manchurian n Fried Rice Combo,8.276177
2026-01,9186,Egg Manchurian Noodles,8.276177
2026-01,9187,Egg Maharaja Thali,8.276177
2026-01,9188,Egg Maggi Noodles,8.276177
2026-01,9189,Egg Maggi,8.276177
2026-01,9190,Egg Lhasa,8.276177
2026-01,9191,Egg Lappa,8.276177
2026-01,9192,Egg Lapeta,8.276177
2026-01,9193,Egg Keema Gravy n Roti Combo,8.276177
2026-01,9194,Egg Kasha n Veg Fried Rice Combo,8.276177
2026-01,9195,Egg Kasha Double Egg,8.276177
2026-01,9196,Egg Handi Biryani n Mix Raita Combo,8.276177
2026-01,9197,Egg Hakka Noodle,8.276177
2026-01,9198,Egg Gravy,8.276177
2026-01,9199,Egg Ghotala n Butter Chapati Combo,8.276177
2026-01,9200,Egg Fry,8.276177
2026-01,9201,Egg Mutton Biryani,8.276177
2026-01,9202,Egg Noodles N Egg Rice With Chilli Chicken Combo,8.276177
2026-01,9203,Egg Standard Thali,8.276177
2026-01,9204,Egg Noodles n Egg Rice with Chilli Chicken Combo,8.276177
2026-01,9205,Egg Spl Deluxe Thali,8.276177
2026-01,9206,Egg Special Thali,8.276177
2026-01,9207,Egg Schezwan Noodles,8.276177
2026-01,9208,Egg Salad Sandwich,8.276177
2026-01,9209,Egg Roti Executive Thali,8.276177
2026-01,9210,Egg Roti Deluxe Thali,8.276177
2026-01,9211,Egg Roll with Mayo,8.276177
2026-01,9212,Egg Roll (Double),8.276177
2026-01,9213,Egg Rice n Raita Combo,8.276177
2026-01,9214,Egg Rice n Grilled Chicken Combo,8.276177
2026-01,9215,Egg Rice Bowl (Regular),8.276177
2026-01,9216,Egg Rice Bowl,8.276177
2026-01,9217,Egg Puff,8.276177
2026-01,9218,Egg Premium Thali,8.276177
2026-01,9219,Egg Pothichoru Combo,8.276177
2026-01,9220,Egg Poriyal,8.276177
2026-01,9221,Egg Podimas,8.276177
2026-01,9222,Egg Podi Roast Dosa,8.276177
2026-01,9223,Egg Poach,8.276177
2026-01,9224,Egg Plain Dosa,8.276177
2026-01,9225,Egg Peri Peri Bread Omelette,8.276177
2026-01,9226,Egg Pasta (Half),8.276177
2026-01,9227,Egg Onion Roast,8.276177
2026-01,9228,Egg Omelette with Bread,8.276177
2026-01,9229,Egg Omelette Tadka (Half),8.276177
2026-01,9230,Egg Omelette (Half),8.276177
2026-01,9231,Egg Noodles n Roti Combo,8.276177
2026-01,9232,Gt Non Veg Combo,8.276177
2026-01,9233,Gujarati Dal (Sweet),8.276177
2026-01,9234,Kesar Shrikhand,8.276177
2026-01,9235,Jeera Rice n Dal Makhani Combo,8.276177
2026-01,9236,Kabuli Chana Masala (Half),8.276177
2026-01,9237,KFC Chaap (4),8.276177
2026-01,9238,Juicy Spl Mix Sandwich,8.276177
2026-01,9239,Jowar Roti Meals Combo,8.276177
2026-01,9240,Jowar Butter Roti,8.276177
2026-01,9241,Jini Dosa,8.276177
2026-01,9242,Jhunka n Mini Jowar Roti Combo,8.276177
2026-01,9243,Jhinge Aloo Posto,8.276177
2026-01,9244,Jeera Veg Fried Rice,8.276177
2026-01,9245,Jeera Rice with Dal Combo,8.276177
2026-01,9246,Jeera Rice with Chole Combo,8.276177
2026-01,9247,Jeera Rice n Gobhi Manchurian Combo,8.276177
2026-01,9248,Jeera Rice n Egg Curry Combo,8.276177
2026-01,9249,Jeera Rice n Chole Combo,8.276177
2026-01,9250,Jain Paneer Toofani With Paratha Combo,8.276177
2026-01,9251,Jeera Rice n Chana Masala Combo,8.276177
2026-01,9252,Jeera Rice With Dal Fry Combo,8.276177
2026-01,9253,Jeera Rice N Dal Combo,8.276177
2026-01,9254,Jeera Rice N Chicken Combo,8.276177
2026-01,9255,Jeera Rice Fry (Half),8.276177
2026-01,9256,Jeera Rice Fry (Full),8.276177
2026-01,9257,Jeera Rice Fine (Full),8.276177
2026-01,9258,Jeera Rice Combo,8.276177
2026-01,9259,Jeera Rice (Qtr),8.276177
2026-01,9260,Jeera Dal Khichdi,8.276177
2026-01,9261,Jeera Dal Fry (Full),8.276177
2026-01,9262,Jeera Dal Fry,8.276177
2026-01,9263,Jeera Dal ,8.276177
2026-01,9264,Kachori Combo,8.276177
2026-01,9265,Kachori n Sabji Combo,8.276177
2026-01,9266,Kachumar Salad,8.276177
2026-01,9267,Kachumber Raita,8.276177
2026-01,9268,Kadhai Mushroom Gravy,8.276177
2026-01,9269,Kadhai Mushroom (half),8.276177
2026-01,9270,Kadhai Mixed Veg,8.276177
2026-01,9271,Kadhai Masala Soya Chaap n Tandoori Butter Roti Combo,8.276177
2026-01,9272,Kadhai Gobhi,8.276177
2026-01,9273,Kadhai Chicken with Roti Combo,8.276177
2026-01,9274,Kadhai Chicken n Steam Rice Combo,8.276177
2026-01,9275,Kadhai Chicken n Rice with Roti Combo,8.276177
2026-01,9276,Kadhai Chicken n Jeera Rice Combo,8.276177
2026-01,9277,Kadhai Chicken n Butter Roti Combo,8.276177
2026-01,9278,Kadhai Chicken n Butter Naan Combo,8.276177
2026-01,9279,Kadhai Chicken and Roti Combo,8.276177
2026-01,9280,Kadhai Chicken With Roti Combo,8.276177
2026-01,9281,Kadhai Chicken Thali (5 Plates),8.276177
2026-01,9282,Kadhai Chicken Jeera Rice Combo (2pc),8.276177
2026-01,9283,Kadhai Chicken Gravy,8.276177
2026-01,9284,Kadhai Chicken (qtr),8.276177
2026-01,9285,Kadhai Chicken (full),8.276177
2026-01,9286,Kadhai Chicken (Boneless) n Rice Combo,8.276177
2026-01,9287,Kadhai Chicken (Boneless) n Phulka Combo,8.276177
2026-01,9288,Kadhai Chicken (Boneless),8.276177
2026-01,9289,Kadhai Chicken (Bone),8.276177
2026-01,9290,Kadhai Chicken (2pc),8.276177
2026-01,9291,Kadhai Chicken ,8.276177
2026-01,9292,Kadhai Chaap (half),8.276177
2026-01,9293,Kadhai Chaap (Full),8.276177
2026-01,9294,Kadala Curry,8.276177
2026-01,9295,Jeera Aloo n Tawa Roti Combo,8.276177
2026-01,9296,Jeera Aloo n Plain Paratha Combo,8.276177
2026-01,9297,Jeera Aloo N Paratha Combo,8.276177
2026-01,9298,Jain Spl Thali (8 Plates),8.276177
2026-01,9299,Jain Spl Pizza,8.276177
2026-01,9300,Jain Soya Chaap Biryani Thali,8.276177
2026-01,9301,Jain Soya Chaap Biryani,8.276177
2026-01,9302,Jain Simple Deluxe Thali with Rasmalai,8.276177
2026-01,9303,Jain Shahi Paneer n Chawal Thali,8.276177
2026-01,9304,Jain Shahi Paneer Pizza (regular),8.276177
2026-01,9305,Jain Shahi Paneer Pizza (Medium),8.276177
2026-01,9306,Jain Shahi Paneer Combo,8.276177
2026-01,9307,Jain Shahi Paneer (serves For 2 Person),8.276177
2026-01,9308,Jain Shahi Paneer (Serves for 2 Person),8.276177
2026-01,9309,Jain Sev Tamatar n Roti Combo,8.276177
2026-01,9310,Jain Sev Khamani,8.276177
2026-01,9311,Jain Seasonal Veg n Chapati Combo,8.276177
2026-01,9312,Jain Salad,8.276177
2026-01,9313,Jain Royal Thali,8.276177
2026-01,9314,Jain Roti n Curry Combo,8.276177
2026-01,9315,Jain Rice N Dal Combo,8.276177
2026-01,9316,Jain Rice,8.276177
2026-01,9317,Jain Rajwadi Mini Thali,8.276177
2026-01,9318,Jain Rajwadi Deluxe Thali,8.276177
2026-01,9319,Jain Rajma n Rice Combo,8.276177
2026-01,9320,Jain Rajma N Rice Combo,8.276177
2026-01,9321,Jain Punjabi Thali with Paratha,8.276177
2026-01,9322,Jain Pulao n Plain Curd Combo,8.276177
2026-01,9323,Jain Plain Palak,8.276177
2026-01,9324,Jain Paratha Thali,8.276177
2026-01,9325,Jain Paneer Veg n Chapati Combo,8.276177
2026-01,9326,Jain Spl Thali (6 Plates),8.276177
2026-01,9327,Jain Spl Thali (without Onion Garlic),8.276177
2026-01,9328,Jeera Aloo Meal,8.276177
2026-01,9329,Jain Spl Veg Thali,8.276177
2026-01,9330,Jeera Aloo Dry,8.276177
2026-01,9331,Jeera Aloo Capsicum,8.276177
2026-01,9332,Jeera Aloo (half),8.276177
2026-01,9333,Jeera Aloo (full),8.276177
2026-01,9334,Jay Vijay Spl Pulao,8.276177
2026-01,9335,Jaun Veg Noodles,8.276177
2026-01,9336,Japan Chicken,8.276177
2026-01,9337,Jam Sandwich,8.276177
2026-01,9338,Jam Butter Sandwich,8.276177
2026-01,9339,Jaljeera Lemon Juice,8.276177
2026-01,9340,Jalebi Fafda,8.276177
2026-01,9341,Jalapenos n Olives Pizza (Regular),8.276177
2026-01,9342,Jalapeno Cheese Poppers,8.276177
2026-01,9343,Jalapeno Cheese Paneer Salad Burger Wrap,8.276177
2026-01,9344,Jalapeno Cheese Nuggets,8.276177
2026-01,9345,Jain White Sauce Pasta,8.276177
2026-01,9346,Jain Vegetable Double Cheese Sandwich,8.276177
2026-01,9347,Jain Vegetable Cheese Sandwich,8.276177
2026-01,9348,Jain Veg Thali (6 Plates),8.276177
2026-01,9349,Jain Veg Kolhapuri,8.276177
2026-01,9350,Jain Veg Cheese Pizza,8.276177
2026-01,9351,Jain Veg Biryani Thali,8.276177
2026-01,9352,Jain Veg Biryani (5 Plates),8.276177
2026-01,9353,Jain Uttapam,8.276177
2026-01,9354,Jain Upma,8.276177
2026-01,9355,Jain Supreme Thali,8.276177
2026-01,9356,Jain Standred Thali,8.276177
2026-01,9357,Kadhai Mushroom Masala,8.276177
2026-01,9358,Kadhai Mushroom n Roti Combo,8.276177
2026-01,9359,Kadhai Paneer (Chef Spl),8.276177
2026-01,9360,Kalinga Tribe Chicken Delicious Thali,8.276177
2026-01,9361,Kaleji n Roti Combo,8.276177
2026-01,9362,Kalali Pakoda,8.276177
2026-01,9363,Kalaki,8.276177
2026-01,9364,Kala Dosa N Double Omeltte Combo,8.276177
2026-01,9365,Kaju Vada,8.276177
2026-01,9366,Kaju Spl Fried Rice,8.276177
2026-01,9367,Kaju Shake,8.276177
2026-01,9368,Kaju Rice,8.276177
2026-01,9369,Kaju Paneer Pulao,8.276177
2026-01,9370,Kaju Paneer Pualo,8.276177
2026-01,9371,Kaju Paneer Masala Thali,8.276177
2026-01,9372,Kaju Paneer Mandi Mini Biryani,8.276177
2026-01,9373,Kaju Paneer Mandi (Single),8.276177
2026-01,9374,Kaju Paneer Curry,8.276177
2026-01,9375,Kaju Paneer Biryani N Raita Combo,8.276177
2026-01,9376,Kaju Paneer Biryani,8.276177
2026-01,9377,Kaju Paneer (serves For 2 Person),8.276177
2026-01,9378,Kaju Mushroom Masala,8.276177
2026-01,9379,Kaju Matar Pulao (Half),8.276177
2026-01,9380,Kaju Masala n Butter Roti Combo,8.276177
2026-01,9381,Kaju Masala Curry,8.276177
2026-01,9382,Kaju Masala (Half),8.276177
2026-01,9383,Kaju Masala (Full),8.276177
2026-01,9384,Kaju Lassi (Half),8.276177
2026-01,9385,Kaju Lassi (Full),8.276177
2026-01,9386,Kaju Kolhapuri,8.276177
2026-01,9387,Kaju Kadhai,8.276177
2026-01,9388,Kali Mirch Chips,8.276177
2026-01,9389,Kalinga Tribe Egg Biryani,8.276177
2026-01,9390,Kaju Gathiya,8.276177
2026-01,9391,Kalinga Tribe Fish Delicious Thali,8.276177
2026-01,9392,Kesar Rasmalai,8.276177
2026-01,9393,Kesar Pista Lassi,8.276177
2026-01,9394,Kesar Milk,8.276177
2026-01,9395,Kerla Lachcha Paratha,8.276177
2026-01,9396,Kerala Chicken,8.276177
2026-01,9397,Keema Kaleji (Half),8.276177
2026-01,9398,Keema Biryani (serves 1),8.276177
2026-01,9399,Keema Biryani (Serves 1),8.276177
2026-01,9400,Kathol,8.276177
2026-01,9401,Kasturi Soya Chaap,8.276177
2026-01,9402,Kashmiri Veg Biryani (5 Plates),8.276177
2026-01,9403,Kashmiri Rajma n Rice Combo,8.276177
2026-01,9404,Kashmiri Pulao (non Spicy),8.276177
2026-01,9405,Kashmiri Pulao (Non Spicy),8.276177
2026-01,9406,Kashmiri Naan,8.276177
2026-01,9407,Kashmiri Dum Aloo (Half),8.276177
2026-01,9408,Kashmir Pulao,8.276177
2026-01,9409,Karela Bhaji (Half),8.276177
2026-01,9410,Karam Onion Dosa,8.276177
2026-01,9411,Kanha Spl Cheese Pizza,8.276177
2026-01,9412,Kanda Poha Nashik Famous,8.276177
2026-01,9413,Kalmi Kabab Non Veg (half),8.276177
2026-01,9414,Kalmi Kabab Non Veg (full),8.276177
2026-01,9415,Kalmi Kabab (Half),8.276177
2026-01,9416,Kalki,8.276177
2026-01,9417,Kalinga Tribe Paneer Delicious Thali,8.276177
2026-01,9418,Kalinga Tribe Mushroom Delicious Thali,8.276177
2026-01,9419,Kaju Jeera Rice,8.276177
2026-01,9420,Kaju Ganthiya,8.276177
2026-01,9421,Kadhai Paneer (Serves For 2 Person),8.276177
2026-01,9422,Kadhi Pulao,8.276177
2026-01,9423,Kadhi (Half),8.276177
2026-01,9424,Kadhi,8.276177
2026-01,9425,Kadhai Veg,8.276177
2026-01,9426,Kadhai Soya Chaap,8.276177
2026-01,9427,Kadhai Paneer n Tawa Butter Roti Combo,8.276177
2026-01,9428,Kadhai Paneer n Steam Rice with Roti Combo,8.276177
2026-01,9429,Kadhai Paneer n Roti/Naan Combo,8.276177
2026-01,9430,Kadhai Paneer n Rice Cobmo,8.276177
2026-01,9431,Kadhai Paneer n Plain Rice Combo,8.276177
2026-01,9432,Kadhai Paneer n Malabar Paratha Combo,8.276177
2026-01,9433,Kadhai Paneer n Lachcha Parahta Combo,8.276177
2026-01,9434,Kadhai Paneer n Jeera Rice Combo,8.276177
2026-01,9435,Kadhai Paneer With Jeera Rice Combo,8.276177
2026-01,9436,Kadhai Paneer With Chapati Combo,8.276177
2026-01,9437,Kadhai Paneer N Tawa Roti Combo,8.276177
2026-01,9438,Kadhai Paneer N Tawa Butter Roti Combo,8.276177
2026-01,9439,Kadhai Paneer N Phulka Combo,8.276177
2026-01,9440,Kadhai Paneer N Lachcha Parahta Combo,8.276177
2026-01,9441,Kadhai Paneer N Chapati Combo,8.276177
2026-01,9442,Kadhai Paneer N Butter Chapati Combo,8.276177
2026-01,9443,Kadhai Paneer N Aloo Kulche Combo,8.276177
2026-01,9444,Kadhai Paneer Meal Plate,8.276177
2026-01,9445,Kadhai Paneer Jeera Rice Box,8.276177
2026-01,9446,Kadhai Paneer Do Pyaza,8.276177
2026-01,9447,Kadhai Paneer Butter Roti Box,8.276177
2026-01,9448,Kadhai Paneer 2.0 (Half),8.276177
2026-01,9449,Kadhai Paneer (serves For 2 Person),8.276177
2026-01,9450,Kadhi N Rice Combo,8.276177
2026-01,9451,Kadhi Rice Combo,8.276177
2026-01,9452,Kaju Fried Rice N Raita Combo,8.276177
2026-01,9453,Kadhi n Rice Combo (Half),8.276177
2026-01,9454,Kaju Dosa,8.276177
2026-01,9455,Kaju Curry n Roti Combo,8.276177
2026-01,9456,Kaju Curry n Phulka Combo,8.276177
2026-01,9457,Kaju Curry n Butter Tawa Roti Combo,8.276177
2026-01,9458,Kaju Curry n Butter Tawa Roti,8.276177
2026-01,9459,Kaju Curry (serves For 2 Person),8.276177
2026-01,9460,Kaju Curry (red Gravy),8.276177
2026-01,9461,Kaju Curry (Sweet),8.276177
2026-01,9462,Kaju Curry (Serves For 2 Person),8.276177
2026-01,9463,Kaju Curry (Red Gravy),8.276177
2026-01,9464,Kaju Curry (Full),8.276177
2026-01,9465,Kaju Curry ,8.276177
2026-01,9466,Kaju Chicken Fry,8.276177
2026-01,9467,Kaju Chicken,8.276177
2026-01,9468,Kaju Cheese Masala,8.276177
2026-01,9469,Kaju Butterscotch Milk Shake,8.276177
2026-01,9470,Kaju Butter Masla (Half),8.276177
2026-01,9471,Kaju Butter Masala (Half),8.276177
2026-01,9472,Kaju Butter Masala (Full),8.276177
2026-01,9473,Kaju Butter Masala,8.276177
2026-01,9474,Kaju Bemisal,8.276177
2026-01,9475,Kaju Barfi,8.276177
2026-01,9476,Kaju Badam Milk Shake,8.276177
2026-01,9477,Kaju Badam Ice Cream,8.276177
2026-01,9478,Kaima Parotta,8.276177
2026-01,9479,Kadi Pakoda,8.276177
2026-01,9480,Kadhia Paneer n Tawa Roti Combo,8.276177
2026-01,9481,Jain Paneer Veg N Butter Roti Combo,8.276177
2026-01,9482,Jain Paneer Tikka n Butter Rumali Roti Combo,8.276177
2026-01,9483,Gujarati Dal Rice n Papad Combo,8.276177
2026-01,9484,Hyderabadi Chicken Biryani (3pc),8.276177
2026-01,9485,Hyderabadi Mutton Dum Biryani,8.276177
2026-01,9486,Hyderabadi Mutton Biryani,8.276177
2026-01,9487,Hyderabadi Dum Chicken Biryani (full) (5 Plates),8.276177
2026-01,9488,Hyderabadi Dum Chicken Biryani (Boneless) (Spicy) - Serves 1,8.276177
2026-01,9489,Hyderabadi Dum Chicken Biryani & Thums Up Combo,8.276177
2026-01,9490,Hyderabadi Chicken Fry Piece Biryani,8.276177
2026-01,9491,Hyderabadi Chicken Dum Biryani Boneless (Serves 1 (3 Pcs)),8.276177
2026-01,9492,Hyderabadi Chicken Dum Biryani (leg Pcs) (serves 1 (2 Leg Pcs),8.276177
2026-01,9493,Hyderabadi Chicken Dum Biryani (full),8.276177
2026-01,9494,Hyderabadi Chicken Dum Biryani (Leg Pcs) (Serves 1 (2 Leg Pcs),8.276177
2026-01,9495,Hyderabadi Chicken Biryani (Large),8.276177
2026-01,9496,Hyderabadi Chicken Biryani (Half),8.276177
2026-01,9497,Hyderabadi Chicken Biryani (Full),8.276177
2026-01,9498,Hyderabadi Chicken Biryani (2pc),8.276177
2026-01,9499,Jain Paneer Tikka Masala,8.276177
2026-01,9500,Hum Saath Saath Hai Combo,8.276177
2026-01,9501,Hsg Chinese Combo,8.276177
2026-01,9502,Hotel Chandrakala Veg Spl Thali (Sweet),8.276177
2026-01,9503,Hot n Crispy Wings,8.276177
2026-01,9504,Hot n Crispy Peri Peri Wings,8.276177
2026-01,9505,Hot n Crispy Chicken Strip,8.276177
2026-01,9506,Hot Pepper Fries,8.276177
2026-01,9507,Hot N Crispy Chicken Strip,8.276177
2026-01,9508,Hot Gulab Jamun (5pc),8.276177
2026-01,9509,Hot Gulab Jamun (2pc),8.276177
2026-01,9510,Hot Gulab Jamun (1pc),8.276177
2026-01,9511,Hot Garlic Mac & Cheese with Paneer Tikka Bowl,8.276177
2026-01,9512,Hot Chocolate Fudge,8.276177
2026-01,9513,Hyderabadi Mutton Dum Biryani (Boneless) (Serves 1 (3 Pcs),8.276177
2026-01,9514,Hyderabadi Non Veg Biryani,8.276177
2026-01,9515,Hyderabadi Non Veg Plain Biryani,8.276177
2026-01,9516,Hyderabadi Paneer,8.276177
2026-01,9517,Idli N Sambhar,8.276177
2026-01,9518,Idli Medu Vada,8.276177
2026-01,9519,Idli Khee Karam ,8.276177
2026-01,9520,Idli Fry Special,8.276177
2026-01,9521,Idli Fry Chinese Style,8.276177
2026-01,9522,Idli 4pc,8.276177
2026-01,9523,Idli (2pc) n Vada Combo,8.276177
2026-01,9524,Idli (2pc Big),8.276177
2026-01,9525,Idli (1pc) N Vada(1pc),8.276177
2026-01,9526,IdlI Vada Combo,8.276177
2026-01,9527,Ice Cream Lassi,8.276177
2026-01,9528,Ice Cream,8.276177
2026-01,9529,Ibh Spl Veg Thali,8.276177
2026-01,9530,Ibh Spl Veg Biryani,8.276177
2026-01,9531,Ibh Spl Mutton Biryani (3pc),8.276177
2026-01,9532,Ibh Spl Chicken Thali,8.276177
2026-01,9533,Ibh Spl Chicken Biryani (2pc),8.276177
2026-01,9534,IBH Spl Chicken Thali,8.276177
2026-01,9535,Hydrabadi Dum Biryani n Raita Combo,8.276177
2026-01,9536,Hydrabadi Dum Biryani N Raita Combo,8.276177
2026-01,9537,Hyderbadi Chicken Biryani,8.276177
2026-01,9538,Hyderabdi Chicken Biryani,8.276177
2026-01,9539,Hyderabadi Veg Dum Biryani (serves 1),8.276177
2026-01,9540,Hyderabadi Veg Dum Biryani (Serves 1),8.276177
2026-01,9541,Hyderabadi Paneer Biryani Minis @ Rs 199 Each (2 Nos) (with Raita),8.276177
2026-01,9542,Hyderabadi Paneer Biryani - Serves 1,8.276177
2026-01,9543,Hyderabadi Paneer Biryani (Serves 1),8.276177
2026-01,9544,Hot Chocolate Cream Coffee,8.276177
2026-01,9545,Hot Chocolate Coffee,8.276177
2026-01,9546,Hot Chocolate Brownie,8.276177
2026-01,9547,Handi Dal (half),8.276177
2026-01,9548,Handi Dal (Full),8.276177
2026-01,9549,Handi Dal,8.276177
2026-01,9550,Handi Chicken Biryani,8.276177
2026-01,9551,Handi Chicken (qtr),8.276177
2026-01,9552,Handi Chicken (Quater),8.276177
2026-01,9553,Handi Chicken (Qtr),8.276177
2026-01,9554,HandI Chicken,8.276177
2026-01,9555,HSG Combo,8.276177
2026-01,9556,HRP Poori Sabji,8.276177
2026-01,9557,HCB Chicken Biryani n Raita Combo,8.276177
2026-01,9558,Gyan Vaishnav Kheer,8.276177
2026-01,9559,Gur Di Churi (desi Ghee),8.276177
2026-01,9560,Gur Di Churi (Desi Ghee),8.276177
2026-01,9561,Gulab Jamun Box (Pack of 10),8.276177
2026-01,9562,Gulab Jamun - Pack of 1,8.276177
2026-01,9563,Gulab Jamun (Pack Of 2),8.276177
2026-01,9564,Gulab Jamun (250g),8.276177
2026-01,9565,Gulab Jamun (2 Pcs),8.276177
2026-01,9566,Gulab Jamun (15pc),8.276177
2026-01,9567,Gulab Jamun (1 Pcs),8.276177
2026-01,9568,Gujiya - Pack of 4,8.276177
2026-01,9569,Gujiya - Pack of 2,8.276177
2026-01,9570,Gujarati Thali,8.276177
2026-01,9571,Gujarati Spl Thepla,8.276177
2026-01,9572,Gujarati Full Thali (parcel),8.276177
2026-01,9573,Gujarati Fix Thali (Plates 6),8.276177
2026-01,9574,Gujarati Dal n Plain Rice Combo,8.276177
2026-01,9575,Handi Dal (Half),8.276177
2026-01,9576,Handi Dal Fry,8.276177
2026-01,9577,Hot Bournvita,8.276177
2026-01,9578,Handi Dal Makhani,8.276177
2026-01,9579,Horlicks Milk Shake,8.276177
2026-01,9580,Honk Kong Prawns Soup,8.276177
2026-01,9581,Honey Waffles,8.276177
2026-01,9582,Honey Chilli Aloo,8.276177
2026-01,9583,Hometown Spl Chicken,8.276177
2026-01,9584,High Fiber Mutton Biryani with Brown Rice (Serves 1 (3 Pcs),8.276177
2026-01,9585,High Fiber Mutton Biryani With Brown Rice (serves 1 (3 Pcs),8.276177
2026-01,9586,High Fiber Egg Biryani with Brown Rice (Serves 1 (2 Eggs),8.276177
2026-01,9587,High Fiber Egg Biryani With Brown Rice (serves 1 (2 Eggs),8.276177
2026-01,9588,High Fiber Chicken Biryani with Brown Rice (Serves 1 (3 Pcs),8.276177
2026-01,9589,Haryali Chaap,8.276177
2026-01,9590,Hari Mirch Dal (Full),8.276177
2026-01,9591,Hara Bhara Kebab (half (4 Pcs),8.276177
2026-01,9592,Hara Bhara Kebab,8.276177
2026-01,9593,Hara Bhara Kabab (pack Of 3),8.276177
2026-01,9594,Hara Bhara Kabab (Chef's Special),8.276177
2026-01,9595,Handi Veg,8.276177
2026-01,9596,Handi Spl Chicken (Full),8.276177
2026-01,9597,Handi Paneer n Tawa Butter Roti Combo,8.276177
2026-01,9598,Handi Paneer n Butter Tawa Roti Combo,8.276177
2026-01,9599,Handi Paneer n Butter Roti Combo,8.276177
2026-01,9600,Handi Paneer Butter Masala n Rice with Roti Combo,8.276177
2026-01,9601,Handi Paneer Butter Masala N Rice With Roti Combo,8.276177
2026-01,9602,Handi Mutton n Roti Combo,8.276177
2026-01,9603,Handi Mutton (Half),8.276177
2026-01,9604,Handi Mutton,8.276177
2026-01,9605,Handi Mushroom,8.276177
2026-01,9606,Idli N Vada With Sambhar Combo,8.276177
2026-01,9607,Idli Sambhar N Chutney Combo,8.276177
2026-01,9608,Idli Sambhar With Chutney,8.276177
2026-01,9609,Jain Kaju Paneer (Serves For 2 Person),8.276177
2026-01,9610,Jain Kadhai Paneer n Roti Combo,8.276177
2026-01,9611,Jain Kachori,8.276177
2026-01,9612,Jain Jeera Rice,8.276177
2026-01,9613,Jain Jeera Aloo Thali,8.276177
2026-01,9614,Jain Jeera Aloo,8.276177
2026-01,9615,Jain Idli,8.276177
2026-01,9616,Jain Hakka Noodles,8.276177
2026-01,9617,Jain Green Peas Masala,8.276177
2026-01,9618,Jain Executive Roti Thali,8.276177
2026-01,9619,Jain Exceutive Thali,8.276177
2026-01,9620,Jain Deluxe Thali (5 Plates),8.276177
2026-01,9621,Jain Deluxe Roti Thali,8.276177
2026-01,9622,Jain Dal n Rice Combo,8.276177
2026-01,9623,Jain Dal Tadka (serves For 2 Person),8.276177
2026-01,9624,Jain Dal N Rice Combo,8.276177
2026-01,9625,Jain Dal Fry n Roti Combo,8.276177
2026-01,9626,Jain Dal Fry n Jeera Rice Combo,8.276177
2026-01,9627,Jain Dal Fry n Chawal Thali,8.276177
2026-01,9628,Jain Dal Fry Thali,8.276177
2026-01,9629,Jain Chole n Rice Combo,8.276177
2026-01,9630,Jain Chole Paneer,8.276177
2026-01,9631,Jain Chole Masala with Paratha Combo,8.276177
2026-01,9632,Jain Chole Masala,8.276177
2026-01,9633,Jain Chilli Paneer Noodles Bowl,8.276177
2026-01,9634,Jain Chilli Paneer,8.276177
2026-01,9635,Jain Cheese Pizza (Without Onion n Garlic),8.276177
2026-01,9636,Jain Cheese Pav Bhaji,8.276177
2026-01,9637,Jain Kaju Curry,8.276177
2026-01,9638,Jain Kaju Tomato,8.276177
2026-01,9639,Jain Cheese Bhaji,8.276177
2026-01,9640,Jain Kolhapuri n Paratha/Chapati Combo,8.276177
2026-01,9641,Jain Paneer Pizza Cheese Bust,8.276177
2026-01,9642,Jain Paneer Paratha n Raita/Curd Combo,8.276177
2026-01,9643,Jain Paneer Masala,8.276177
2026-01,9644,Jain Paneer Fried Rice,8.276177
2026-01,9645,Jain Paneer Double Cheese Sandwich,8.276177
2026-01,9646,Jain Paneer Cheese Sandwich,8.276177
2026-01,9647,Jain Paneer Butter Masala n Chawal Thali,8.276177
2026-01,9648,Jain Paneer Butter Masala Thali,8.276177
2026-01,9649,Jain Paneer Butter Masala (serves For 2 Person),8.276177
2026-01,9650,Jain Paneer Biryani,8.276177
2026-01,9651,Jain Paneer Bhurji n Roti Combo,8.276177
2026-01,9652,Jain Paneer Bhurji Dry,8.276177
2026-01,9653,Jain Palak Paneer Thali,8.276177
2026-01,9654,Jain Palak Paneer (Serves For 2 Person),8.276177
2026-01,9655,Jain Momos,8.276177
2026-01,9656,Jain Mix Veg,8.276177
2026-01,9657,Jain Mini Veg Thali,8.276177
2026-01,9658,Jain Mini Thali (without Garlic Onion),8.276177
2026-01,9659,Jain Mini Thali (6 Plates),8.276177
2026-01,9660,Jain Matar Pulao n Plain Curd Combo,8.276177
2026-01,9661,Jain Matar Paneer n Roti Combo,8.276177
2026-01,9662,Jain Matar Paneer Thali,8.276177
2026-01,9663,Jain Matar Paneer (serves For 2 Person),8.276177
2026-01,9664,Jain Masala Rice,8.276177
2026-01,9665,Jain Masala Idli Sambhar,8.276177
2026-01,9666,Jain Margherita Pizza,8.276177
2026-01,9667,Jain Malai Matar,8.276177
2026-01,9668,Jain Cheese Chutney Grilled Sandwich,8.276177
2026-01,9669,Jain Chaas,8.276177
2026-01,9670,Idli Sambhar n Chutney Combo,8.276177
2026-01,9671,Indi Chicken Tikka Pizza (Small),8.276177
2026-01,9672,Idliyappam Kouth,8.276177
2026-01,9673,Idli with Non Veg Gravy Combo,8.276177
2026-01,9674,Idli with Mushroom Gravy Combo 4,8.276177
2026-01,9675,Idli n Vada with Tomato Bath Upma Combo,8.276177
2026-01,9676,Idli n Vada with Set Dosa Combo,8.276177
2026-01,9677,Idli n Vada with Coffee Combo,8.276177
2026-01,9678,Idli n Vada n Plain Dosa Combo,8.276177
2026-01,9679,Idli n Vada n Masal Dosa Combo,8.276177
2026-01,9680,Idli n Vada With Sambhar Combo,8.276177
2026-01,9681,Idli n Vada Mix,8.276177
2026-01,9682,Idli n Upma Combo,8.276177
2026-01,9683,Idli n Sambhar with Chutney Combo,8.276177
2026-01,9684,Idli n Poori Combo,8.276177
2026-01,9685,Idli n Plain Dosa Combo,8.276177
2026-01,9686,Idli n Medu Vada with Sambhar Chutney Combo,8.276177
2026-01,9687,Idli n Masala Dosa Combo,8.276177
2026-01,9688,Idli n Karam Dosa with Egg  Dosa Combo,8.276177
2026-01,9689,Idli n Dosa Combo,8.276177
2026-01,9690,Idli n Chicken Curry Combo,8.276177
2026-01,9691,Idli With Sambhar Combo,8.276177
2026-01,9692,Idli With Non Veg Gravy Combo,8.276177
2026-01,9693,Idli Vada with Sambhar,8.276177
2026-01,9694,Idli Vada n Upma Combo,8.276177
2026-01,9695,Idli Vada N Shera Combo,8.276177
2026-01,9696,Idli Vada Dosa,8.276177
2026-01,9697,Idli Spl Combo,8.276177
2026-01,9698,Idli Sambhar with Chutney,8.276177
2026-01,9699,Indi Chicken Tikka Pizza (Large),8.276177
2026-01,9700,Indi Paneer Pizza (Large),8.276177
2026-01,9701,Jain Butter Paneer Masala n Roti Combo,8.276177
2026-01,9702,Indi Paneer Pizza (large),8.276177
2026-01,9703,Jain Butter Paneer Masala,8.276177
2026-01,9704,Jain Butter Khichdi,8.276177
2026-01,9705,Jain Biryani n Plain Curd Combo,8.276177
2026-01,9706,Jain Biryani,8.276177
2026-01,9707,Jain Bhindi Masala,8.276177
2026-01,9708,Jain Bhindi Fry,8.276177
2026-01,9709,Jain Bhakharwadi,8.276177
2026-01,9710,Jain Bhaji,8.276177
2026-01,9711,Jain Aloo Paratha n Raita/Curd Combo,8.276177
2026-01,9712,Jain Aloo Matar n Roti Combo,8.276177
2026-01,9713,Jain Aloo Jeera In Ghee,8.276177
2026-01,9714,Jain Aloo Gobhi n Paratha Combo,8.276177
2026-01,9715,Italian Red Sauce Pasta,8.276177
2026-01,9716,Italian Ferrero' Cher Shake,8.276177
2026-01,9717,Italian Chicken Pesto Sub Sandwich,8.276177
2026-01,9718,Italian Cheese Pasta,8.276177
2026-01,9719,Irani Chicken (Half),8.276177
2026-01,9720,Infinity Special Sandwich,8.276177
2026-01,9721,Indori Mixture,8.276177
2026-01,9722,Indo Chinese Noodle,8.276177
2026-01,9723,Indie Chatpate Aloo Wrap,8.276177
2026-01,9724,Indie Chatpata Aloo Wholewheat Wrap,8.276177
2026-01,9725,Indian Veg Tandoor Paneer Pizza (Small),8.276177
2026-01,9726,Indian Veg Fried Rice,8.276177
2026-01,9727,Indian Veg Chowmein,8.276177
2026-01,9728,Indian Jeera Aloo,8.276177
2026-01,9729,Indian Green Salad,8.276177
2026-01,9730,kadhai Paneer,8.276177
